Unnamed: 0,pixel,closest contour point,closest skeleton point,slope at nc,slope at ns,average slope,average angle
1079,[189  86],[221 115],[175  78],-2.4999999999999996,-2.4999999999999996,-2.4999999999999996,68.19859051364818
1039,[188 100],[216 128],[170  93],-1.7857142857142858,-2.4999999999999996,-2.265830026016758,66.18624407858874
