Unnamed: 0,pixel,closest contour point,closest skeleton point,slope at nc,slope at ns,average slope,average angle
563,[211  86],[226 101],[175  78],-2.4999999999999996,-2.4999999999999996,-2.5,68.19859051364821
1912,[ 32 456],[ 18 469],[ 71 447],2.5,2.4999999999999996,2.5,-68.19859051364821
2396,[180 566],[182 564],[140 602],1.785714285714286,1.7857142857142858,1.78571,-60.75111504159832
1638,[156 606],[188 575],[146 613],1.785714285714286,1.3461538461538465,1.440680013485795,-55.2348409049722
