Unnamed: 0,pixel,closest contour point,closest skeleton point,slope at nc,slope at ns,average slope,average angle
1731,[ 68 270],[ 37 239],[ 83 273],-2.5,-2.4999999999999996,-2.5,68.19859051364821
585,[ 42 392],[  9 425],[ 64 392],2.5,inf,7.803300858899107,-82.69729749410092
1505,[221 725],[239 712],[182 715],2.4999999999999996,1.5000000000000002,2.1445447001656937,-65.00038660802758
2319,[153  72],[127  47],[173  81],-2.4999999999999996,-2.4999999999999996,-2.5,68.19859051364821
1494,[180 579],[187 573],[140 602],1.785714285714286,1.7857142857142858,1.78571,-60.75111504159832
1867,[ 79 365],[116 376],[ 65 365],-2.4999999999999996,-2.4999999999999996,-2.4999999999999996,68.19859051364818
