Unnamed: 0,pixel,closest contour point,closest skeleton point,slope at nc,slope at ns,average slope,average angle
1656,[140 662],[117 684],[164 655],2.4999999999999996,2.4999999999999996,2.5,-68.19859051364821
1422,[ 29 363],[  8 345],[ 64 366],-2.5,-2.4999999999999996,-2.5000000000000004,68.19859051364821
