Unnamed: 0,pixel,closest contour point,closest skeleton point,slope at nc,slope at ns,average slope,average angle
411,[102 444],[121 426],[ 72 448],2.4999999999999996,2.4999999999999996,2.5,-68.19859051364821
1822,[199 128],[211 140],[163 112],-1.7857142857142858,-2.4999999999999996,-2.0007670302218927,63.443735645844306
864,[149 177],[178 205],[135 169],-1.3461538461538465,-1.785714285714286,-1.6601214285714283,58.93668754054687
1183,[ 94 487],[129 455],[ 84 489],2.4999999999999996,2.4999999999999996,2.5,-68.19859051364821
2011,[128  62],[123  61],[168  97],-2.4999999999999996,-1.7857142857142858,-2.4374730580419075,67.69357255858462
28,[127 196],[164 231],[122 193],-1.7857142857142858,-1.7857142857142856,-1.78571,60.75111504159832
2179,[209 706],[233 685],[182 715],2.4999999999999996,1.5000000000000002,1.971583386253464,-63.10557816323178
2254,[102 247],[139 281],[ 95 246],-2.4999999999999996,-2.4999999999999996,-2.4999999999999996,68.19859051364818
1158,[148   9],[134   0],[182  47],-1.5000000000000002,-1.5000000000000002,-1.5,56.30993247402022
1241,[168 134],[199 165],[155 129],-1.7857142857142858,-2.4999999999999996,-2.327781215490054,66.75194771849586
1163,[191 659],[216 634],[169 666],1.785714285714286,2.4999999999999996,2.217829163863279,-65.72979819824693
1750,[180 157],[196 171],[149 142],-1.7857142857142858,-1.785714285714286,-1.78571,60.75111504159832
