Unnamed: 0,pixel,closest contour point,closest skeleton point,slope at nc,slope at ns,average slope,average angle
2119,[128 158],[ 95 126],[137 164],-1.7857142857142856,-1.3461538461538465,-1.4298807260062243,55.03263472606526
1528,[ 54 255],[ 37 239],[ 84 270],-2.5,-2.4999999999999996,-2.5,68.19859051364821
1511,[ 40 248],[ 35 243],[ 80 283],-1.7857142857142856,-1.7857142857142856,-1.78571,60.75111504159832
539,[116 524],[146 496],[102 530],1.785714285714286,1.7857142857142856,1.78571,-60.75111504159832
199,[171 612],[195 589],[150 622],1.785714285714286,1.7857142857142858,1.7857099999999997,-60.751115041598304
1988,[147 497],[147 497],,1.785714285714286,,1.785714285714286,-60.751173663453024
1551,[ 95 277],[128 310],[ 83 276],-2.4999999999999996,-2.4999999999999996,-2.5000000000000004,68.19859051364821
211,[150 687],[126 711],[172 678],2.4999999999999996,2.4999999999999996,2.5,-68.19859051364821
