Unnamed: 0,pixel,closest contour point,closest skeleton point,slope at nc,slope at ns,average slope,average angle
2268,[ 38 371],[  8 345],[ 63 377],-2.5,-2.5,-2.4999999999999996,68.19859051364818
967,[ 86 241],[ 51 208],[ 95 244],-1.7857142857142856,-2.4999999999999996,-2.3823364198978347,67.22947929060054
1949,[109 527],[144 492],[102 530],2.4999999999999996,1.7857142857142856,1.8809570885895348,-62.0029120764595
152,[134 653],[113 674],[158 641],2.4999999999999996,1.785714285714286,2.124750704260378,-64.79628644572325
2356,[ 60 442],[ 21 480],[ 70 442],2.5,2.4999999999999996,2.5,-68.19859051364821
918,[147 196],[171 218],[127 184],-1.7857142857142858,-1.3461538461538465,-1.5296136195904555,56.824951657834966
2261,[190 145],[203 157],[155 129],-1.7857142857142858,-2.4999999999999996,-2.0106668697180163,63.55666263997525
1316,[107 597],[ 85 618],[130 585],1.5,1.785714285714286,1.654189824476019,-58.84596638566126
