Unnamed: 0,pixel,closest contour point,closest skeleton point,slope at nc,slope at ns,average slope,average angle
2370,[176 188],[184 194],[136 167],-1.7857142857142858,-1.785714285714286,-1.78571,60.751115041598325
2289,[144 656],[116 682],[161 647],1.7857142857142856,1.785714285714286,1.78571,-60.751115041598325
348,[157 543],[166 535],[120 565],1.3461538461538465,1.3461538461538465,1.34615,-53.39284682374126
