Unnamed: 0,pixel,closest contour point,closest skeleton point,slope at nc,slope at ns,average slope,average angle
1339,[111 587],[ 83 614],[125 576],1.7857142857142856,1.3461538461538465,1.4841728504457348,-56.02885723512208
1532,[ 87 238],[ 53 204],[ 96 242],-1.7857142857142856,-1.7857142857142856,-1.7857099999999997,60.751115041598304
1726,[ 53 339],[ 15 305],[ 67 339],-2.5,-2.5000000000000004,-2.5,68.19859051364821
1363,[144  29],[132  22],[181  48],-2.4999999999999996,-2.0,-2.3748106195313063,67.16471172340077
2449,[ 39 290],[ 23 276],[ 74 301],-2.5,-2.4999999999999996,-2.4999999999999996,68.19859051364818
