Unnamed: 0,pixel,closest contour point,closest skeleton point,slope at nc,slope at ns,average slope,average angle
1878,[126 590],[ 89 625],[131 587],1.7857142857142856,1.3461538461538465,1.3913041639240356,-54.29330501023182
275,[ 51 338],[ 15 305],[ 67 338],-2.5,-2.4999999999999996,-2.5,68.19859051364821
171,[ 83 364],[116 376],[ 65 364],-2.4999999999999996,-2.5000000000000004,-2.5,68.19859051364821
1125,[154 666],[122 698],[166 661],2.4999999999999996,2.4999999999999996,2.5,-68.19859051364821
1776,[111 182],[ 81 152],[124 188],-1.7857142857142856,-1.7857142857142856,-1.78571,60.75111504159832
1911,[190 602],[198 595],[150 622],1.785714285714286,1.7857142857142858,1.78571,-60.751115041598325
2265,[168 609],[193 585],[147 615],1.785714285714286,2.4999999999999996,2.2238673397281876,-65.788117933277
456,[219 747],[241 725],[182 715],2.4999999999999996,1.5000000000000002,2.111241902480238,-64.65519728555662
825,[142 510],[150 504],[102 530],1.785714285714286,1.7857142857142856,1.78571,-60.751115041598325
