Unnamed: 0,pixel,closest contour point,closest skeleton point,slope at nc,slope at ns,average slope,average angle
1023,[168 638],[203 605],[159 642],1.785714285714286,1.7857142857142858,1.78571,-60.75111504159832
284,[ 76 204],[ 61 189],[108 219],-1.7857142857142856,-1.7857142857142856,-1.7857099999999997,60.751115041598304
2245,[100 408],[117 401],[ 67 416],2.4999999999999996,2.4999999999999996,2.5000000000000004,-68.19859051364821
