Unnamed: 0,pixel,closest contour point,closest skeleton point,slope at nc,slope at ns,average slope,average angle
573,[ 47 310],[ 20 286],[ 71 315],-2.5,-2.4999999999999996,-2.5,68.19859051364821
2109,[ 58 480],[ 30 506],[ 78 474],2.5,2.4999999999999996,2.5,-68.19859051364821
2376,[ 79 547],[ 58 567],[104 535],1.7857142857142856,1.7857142857142856,1.78571,-60.751115041598325
1633,[146 548],[164 531],[120 565],1.785714285714286,1.3461538461538465,1.5907556163005605,-57.84521432458915
