Unnamed: 0,pixel,closest contour point,closest skeleton point,slope at nc,slope at ns,average slope,average angle
386,[140 645],[112 672],[157 639],1.7857142857142856,2.4999999999999996,2.273789491500326,-66.26037314313444
1050,[113 327],[122 331],[ 73 309],-2.4999999999999996,-2.4999999999999996,-2.4999999999999996,68.19859051364818
1019,[101 295],[126 316],[ 78 291],-2.4999999999999996,-2.4999999999999996,-2.5,68.19859051364821
607,[180 579],[187 573],[140 602],1.785714285714286,1.7857142857142858,1.78571,-60.75111504159832
979,[144 251],[151 256],[104 228],-1.7857142857142858,-1.7857142857142856,-1.78571,60.751115041598325
1400,[103 196],[ 73 166],[116 203],-1.5,-1.7857142857142856,-1.7119494321367572,59.70954329386096
