Unnamed: 0,pixel,closest contour point,closest skeleton point,slope at nc,slope at ns,average slope,average angle
1965,[134 681],[120 692],[169 668],2.4999999999999996,2.4999999999999996,2.5,-68.19859051364821
2370,[176 188],[184 194],[136 167],-1.7857142857142858,-1.785714285714286,-1.78571,60.751115041598325
698,[183 640],[208 616],[163 650],2.4999999999999996,2.4999999999999996,2.5000000000000004,-68.19859051364821
696,[107 525],[143 489],[101 528],1.785714285714286,1.7857142857142856,1.78571,-60.75111504159832
2150,[171 713],[133 748],[180 711],2.4999999999999996,2.4999999999999996,2.4999999999999996,-68.19859051364818
396,[152 584],[178 557],[135 593],1.3461538461538465,1.7857142857142858,1.636639175432084,-58.574726565252206
172,[156 193],[175 211],[129 180],-1.7857142857142858,-1.785714285714286,-1.78571,60.751115041598325
2052,[ 89 511],[ 49 550],[ 92 510],1.7857142857142856,1.7857142857142856,1.78571,-60.75111504159832
1952,[220  58],[235  69],[182  47],-2.4999999999999996,-1.5000000000000002,-2.180180442132556,65.3601351400197
