Unnamed: 0,pixel,closest contour point,closest skeleton point,slope at nc,slope at ns,average slope,average angle
166,[137 572],[169 540],[127 578],1.785714285714286,1.3461538461538465,1.436213250798092,-55.15145343275454
1595,[125  68],[121  67],[165 104],-2.4999999999999996,-2.4999999999999996,-2.5,68.19859051364821
318,[165 647],[205 609],[162 648],1.785714285714286,1.7857142857142858,1.78571,-60.75111504159832
2114,[206  30],[237  60],[182  47],-2.4999999999999996,-1.5000000000000002,-1.9053866944707092,62.30826005682712
2153,[163  18],[134   0],[182  47],-1.5000000000000002,-1.5000000000000002,-1.5000000000000002,56.30993247402022
956,[140 579],[172 546],[130 584],1.3461538461538465,1.7857142857142858,1.699714789112614,-59.530253687951415
644,[ 94 405],[116 386],[ 66 407],2.4999999999999996,2.4999999999999996,2.5,-68.19859051364821
1678,[ 80 372],[116 376],[ 64 372],-2.4999999999999996,inf,-8.159615711335885,83.01296966700667
1624,[195 100],[218 123],[170  93],-1.7857142857142858,-2.4999999999999996,-2.1829449940140644,65.38763839712715
13,[158 567],[175 551],[129 582],1.785714285714286,1.7857142857142858,1.78571,-60.75111504159832
1198,[108 298],[126 316],[ 78 291],-2.4999999999999996,-2.4999999999999996,-2.4999999999999996,68.19859051364818
259,[242  33],[242  33],,inf,,inf,90.0
995,[ 32 355],[  9 337],[ 65 356],-2.5,-2.4999999999999996,-2.5,68.19859051364821
2000,[101 553],[ 68 586],[111 549],1.7857142857142856,1.7857142857142856,1.78571,-60.751115041598325
1421,[ 96 404],[116 386],[ 66 407],2.4999999999999996,2.4999999999999996,2.5000000000000004,-68.19859051364821
1562,[113 545],[152 508],[110 546],1.785714285714286,1.7857142857142856,1.78571,-60.75111504159832
