Unnamed: 0,pixel,closest contour point,closest skeleton point,slope at nc,slope at ns,average slope,average angle
2366,[137 575],[170 542],[128 580],1.785714285714286,1.7857142857142856,1.7857099999999997,-60.751115041598304
1328,[ 56 449],[ 22 483],[ 71 447],2.5,2.4999999999999996,2.5,-68.19859051364821
1030,[ 95 179],[ 76 161],[122 192],-1.7857142857142856,-1.7857142857142856,-1.78571,60.751115041598325
466,[153 119],[115  83],[158 121],-2.4999999999999996,-1.7857142857142858,-1.8523401362970005,61.63726860491688
423,[200 633],[211 622],[163 650],1.785714285714286,2.4999999999999996,1.9831647370574068,-63.24072372693024
1660,[197 657],[217 637],[169 666],2.4999999999999996,2.4999999999999996,2.5,-68.19859051364821
1048,[150 242],[156 246],[110 216],-1.7857142857142858,-1.7857142857142856,-1.78571,60.75111504159832
1633,[146 548],[164 531],[120 565],1.785714285714286,1.3461538461538465,1.5907556163005605,-57.84521432458915
1907,[106 301],[125 320],[ 77 295],-2.4999999999999996,-2.4999999999999996,-2.5,68.19859051364821
802,[ 69 220],[ 53 204],[ 98 238],-1.7857142857142856,-1.3461538461538465,-1.610477570541883,58.16245532852064
1869,[ 83 450],[119 416],[ 73 453],2.4999999999999996,2.4999999999999996,2.5,-68.19859051364821
1500,[ 50 504],[ 35 519],[ 84 491],1.7857142857142856,2.4999999999999996,2.0487093417204805,-63.98243274301223
2179,[209 706],[233 685],[182 715],2.4999999999999996,1.5000000000000002,1.971583386253464,-63.10557816323178
1106,[ 64 572],[ 61 573],[104 535],1.7857142857142856,1.7857142857142856,1.78571,-60.75111504159832
977,[182 672],[217 637],[172 676],2.4999999999999996,2.4999999999999996,2.5,-68.19859051364821
2183,[102 252],[137 286],[ 94 248],-2.4999999999999996,-1.7857142857142856,-1.8963582533832608,62.19612961176015
560,[ 27 406],[  8 417],[ 65 406],2.5,2.4999999999999996,2.5,-68.19859051364821
2300,[ 95 269],[130 304],[ 87 265],-2.4999999999999996,-1.7857142857142856,-1.895029182862208,62.17955236724585
175,[160  21],[134   0],[182  47],-1.5000000000000002,-1.5000000000000002,-1.5,56.30993247402022
430,[ 76 411],[116 386],[ 66 411],2.4999999999999996,inf,14.292476415070754,-85.99771537592147
