Unnamed: 0,pixel,closest contour point,closest skeleton point,slope at nc,slope at ns,average slope,average angle
292,[110 489],[133 466],[ 88 499],2.4999999999999996,1.7857142857142856,2.090184919920555,-64.43230876602539
147,[102 608],[ 87 621],[134 592],1.7857142857142856,1.785714285714286,1.78571,-60.751115041598325
1936,[171 117],[206 151],[163 112],-1.7857142857142858,-2.4999999999999996,-2.3842751261994017,67.24610762395123
2048,[113 626],[ 97 640],[144 611],1.7857142857142856,1.3461538461538465,1.6179290022210535,-58.28086292658925
733,[165 587],[184 568],[139 600],1.785714285714286,1.3461538461538465,1.5745690262520944,-57.58059758902024
1476,[ 92 531],[ 57 565],[100 527],1.3461538461538467,1.7857142857142856,1.7176192437845323,-59.7919840821305
1253,[123 165],[ 91 133],[134 170],-1.7857142857142856,-1.7857142857142858,-1.7857099999999997,60.751115041598304
1829,[ 95 221],[ 61 189],[105 225],-1.7857142857142856,-1.7857142857142856,-1.78571,60.75111504159832
1200,[ 24 350],[  9 337],[ 64 366],-2.5,-2.4999999999999996,-2.4999999999999996,68.19859051364818
210,[145 144],[105 106],[147 145],-2.4999999999999996,-2.4999999999999996,-2.5,68.19859051364821
