Unnamed: 0,pixel,closest contour point,closest skeleton point,slope at nc,slope at ns,average slope,average angle
2079,[241 905],[274 940],[236 894],-0.5,-0.5,-0.5,26.56505117707799
2224,[1384 1401],[1349 1435],[1392 1394],1.3461538461538465,1.3461538461538465,1.3461499999999995,-53.39284682374126
1009,[598 131],[563 169],[600 121],0.3,0.3,0.3,-16.69924423399362
2027,[ 883 1045],[ 860 1071],[ 894 1021],0.3,0.3,0.3,-16.69924423399362
