Unnamed: 0,pixel,closest contour point,closest skeleton point,slope at nc,slope at ns,average slope,average angle
1346,[ 36 310],[ 17 293],[ 73 321],-2.5,-2.4999999999999996,-2.5,68.19859051364821
1165,[  99 1295],[  59 1335],[ 102 1293],1.7857142857142856,1.5624999999999991,1.5758744448776785,-57.60208222928515
757,[ 328 3738],[ 343 3718],[ 325 3771],0.3,0.3,0.3,-16.69924423399362
1205,[858 167],[858 167],,0.5,,0.5,-26.56505117707799
2105,[ 592 1391],[ 566 1362],[ 598 1412],-0.3,-0.3,-0.3,16.69924423399362
