Unnamed: 0,pixel,closest contour point,closest skeleton point,slope at nc,slope at ns,average slope,average angle
873,[ 740 3652],[ 718 3629],[ 748 3679],-0.5,-0.3,-0.3938864267130854,21.49880717358484
1378,[ 834 1767],[ 872 1727],[ 831 1772],0.3,0.3,0.3,-16.69924423399362
2281,[375 106],[379 140],[375  85],-0.3,-0.3,-0.2999999999999999,16.69924423399362
1440,[ 926 1791],[ 958 1758],[ 921 1806],0.3,0.3,0.3,-16.69924423399362
