Unnamed: 0,pixel,closest contour point,closest skeleton point,slope at nc,slope at ns,average slope,average angle
614,[ 203 1674],[ 170 1640],[ 209 1684],-0.7000000000000001,-0.5,-0.5395028629014583,28.34698855274898
2106,[ 990 1787],[1005 1770],[ 982 1823],0.3,0.3,0.3,-16.69924423399362
772,[ 923 1325],[ 931 1336],[ 903 1285],-0.3,-0.3,-0.3,16.69924423399362
141,[1069 1229],[1036 1192],[1073 1249],-0.3,-0.3,-0.2999999999999999,16.69924423399362
219,[1137 3598],[1123 3635],[1139 3581],0.3,0.3,0.3,-16.69924423399362
1440,[ 926 1791],[ 958 1758],[ 921 1806],0.3,0.3,0.3,-16.69924423399362
1441,[  59 3652],[  54 3657],[  99 3616],1.5,1.7857142857142856,1.5331815072703072,-56.886062006045805
274,[1272  259],[1306  295],[1267  249],-0.5,-0.7000000000000002,-0.6631607716865788,33.5507764991601
