Unnamed: 0,pixel,closest contour point,closest skeleton point,slope at nc,slope at ns,average slope,average angle
2241,[1058 3359],[1082 3334],[1053 3387],0.3,0.3,0.3,-16.69924423399362
1271,[ 615 2210],[ 640 2236],[ 604 2187],-0.3,-0.3,-0.3,16.69924423399362
355,[ 541 2410],[ 570 2379],[ 534 2430],0.3,0.3,0.3,-16.69924423399362
2110,[1352 3252],[1330 3232],[1372 3272],-1.3461538461538465,-1.3461538461538465,-1.3461499999999995,53.39284682374126
451,[ 828 1366],[ 836 1374],[ 800 1326],-0.5,-0.5,-0.5,26.56505117707799
1363,[1062 1034],[1081 1004],[1062 1058],0.3,0.0,0.1209869270448638,-6.898510927868593
