Unnamed: 0,pixel,closest contour point,closest skeleton point,slope at nc,slope at ns,average slope,average angle
2359,[1303  186],[1286  169],[1325  212],-0.7000000000000002,-0.7000000000000001,-0.6999999999999998,34.992020198558656
2473,[1228 3406],[1247 3427],[1216 3375],-0.3,-0.3,-0.2999999999999999,16.69924423399362
15,[ 975 3640],[ 985 3650],[ 949 3600],-0.3,-0.3,-0.2999999999999999,16.69924423399362
1654,[ 815 1301],[ 784 1269],[ 823 1315],-0.5,-0.3,-0.3531479422871272,19.450568691242808
2177,[342 628],[353 613],[334 666],0.3,0.3,0.3,-16.69924423399362
1589,[ 836 2847],[ 803 2814],[ 842 2861],-0.5,-0.5,-0.5,26.56505117707799
1825,[737 151],[763 125],[728 173],0.5,0.3,0.3785266298161433,-20.732988874562093
1117,[ 263 2458],[ 291 2487],[ 256 2439],-0.3,-0.3,-0.2999999999999999,16.69924423399362
1146,[1377 3740],[1350 3767],[1396 3731],1.5,1.7857142857142858,1.684258284353343,-59.3009906591934
64,[1458  731],[1488  705],[1431  734],2.4999999999999996,2.4999999999999996,2.4999999999999996,-68.19859051364818
2170,[1424 1644],[1463 1683],[1417 1641],-1.7857142857142858,-2.4999999999999996,-2.4133365982349626,67.49263931113295
233,[ 948 2062],[ 980 2098],[ 942 2049],-0.3,-0.3,-0.3,16.69924423399362
2072,[ 709 1317],[ 700 1307],[ 731 1357],-0.5,-0.5,-0.5,26.56505117707799
1089,[1061 3611],[1077 3635],[1057 3581],-0.3,-0.3,-0.3,16.69924423399362
1096,[ 197 2441],[ 171 2416],[ 208 2461],-0.7000000000000001,-0.7000000000000001,-0.6999999999999998,34.992020198558656
2106,[ 990 1787],[1005 1770],[ 982 1823],0.3,0.3,0.3,-16.69924423399362
108,[1321 2805],[1324 2801],[1284 2845],0.7000000000000001,0.7000000000000001,0.7,-34.99202019855866
2266,[1424  950],[1434  958],[1387  924],-1.3461538461538465,-1.3461538461538465,-1.34615,53.39284682374126
531,[1397 2404],[1369 2379],[1418 2411],-2.4999999999999996,-2.4999999999999996,-2.5000000000000004,68.19859051364821
2298,[ 692 2928],,[ 692 2928],,-0.3,-0.3,16.69924423399362
785,[ 530 2986],,[ 530 2986],,-0.3,-0.3,16.69924423399362
129,[ 916 2806],[ 890 2780],[ 924 2830],-0.3,-0.3,-0.3,16.69924423399362
604,[ 562 3784],[ 586 3808],[ 556 3756],-0.3,-0.3,-0.3,16.69924423399362
658,[1183 2849],[1169 2864],[1193 2812],0.3,0.3,0.3,-16.69924423399362
