Unnamed: 0,pixel,closest contour point,closest skeleton point,slope at nc,slope at ns,average slope,average angle
1531,[1303 2091],[1268 2127],[1307 2083],0.7000000000000001,0.5,0.5302407181202179,-27.934356175117312
710,[1372  663],[1358  677],[1407  645],1.7857142857142858,1.7857142857142858,1.78571,-60.751115041598325
547,[1233 3617],[1201 3649],[1239 3602],0.3,0.3,0.3,-16.69924423399362
1808,[ 747 2851],[ 740 2842],[ 773 2891],-0.5,-0.5,-0.5,26.56505117707799
1740,[ 930 2608],[ 902 2639],[ 938 2589],0.3,0.3,0.3,-16.69924423399362
1383,[833 965],[855 943],[821 991],0.5,0.3,0.3958541840242295,-21.596343270408266
696,[1452 2989],[1470 2971],[1417 2997],1.7857142857142858,2.4999999999999996,2.082048042542436,-64.34519738779018
439,[1213 1019],[1189  993],[1222 1042],-0.3,-0.3,-0.2999999999999999,16.69924423399362
2112,[ 128 2940],[ 113 2955],[ 150 2909],1.0,0.7000000000000001,0.8925485015046423,-41.75045849594801
673,[1399 3178],[1371 3150],[1420 3181],-2.4999999999999996,-2.4999999999999996,-2.5,68.19859051364821
2237,[ 225 2427],[ 198 2400],[ 233 2448],-0.5,-0.3,-0.3740972557044738,20.510685190654275
2305,[ 113 2528],[  81 2496],[ 124 2535],-1.1764705882352942,-1.3461538461538465,-1.3081978022231835,52.60532787332911
