Unnamed: 0,pixel,closest contour point,closest skeleton point,slope at nc,slope at ns,average slope,average angle
1437,[ 504 3784],[ 540 3821],[ 500 3769],-0.3,-0.3,-0.3,16.69924423399362
2007,[  30 1188],[  10 1203],[  69 1180],2.5,2.4999999999999996,2.5,-68.19859051364821
1629,[ 683 2105],[ 675 2095],[ 705 2145],-0.5,-0.3,-0.4561858215250136,24.52179922247989
