Unnamed: 0,pixel,closest contour point,closest skeleton point,slope at nc,slope at ns,average slope,average angle
1235,[ 512 3718],[ 508 3709],[ 544 3758],-0.3,-0.3,-0.3,16.69924423399362
1796,[1375 1683],[1346 1655],[1391 1693],-1.7857142857142858,-1.3461538461538465,-1.4862937387578286,56.06676150350828
884,[ 713 2861],[ 710 2856],[ 751 2901],-0.5,-0.3,-0.480883193217002,25.682119125564252
2282,[1361 3650],[1386 3624],[1345 3666],1.0,1.0,1.0,-44.99999999999999
996,[ 293 1684],[ 311 1704],[ 284 1653],-0.3,-0.3,-0.3,16.69924423399362
2492,[1394 1724],[1421 1752],[1378 1712],-1.176470588235294,-1.3461538461538465,-1.2885310605756106,52.185764757177296
1459,[ 681 3666],[ 667 3652],[ 694 3703],-0.3,-0.3,-0.3,16.69924423399362
173,[ 256 1476],[ 250 1484],[ 296 1436],0.3,0.3,0.3,-16.69924423399362
2272,[ 112 2586],[ 143 2617],[  98 2578],-1.7857142857142858,-1.7857142857142856,-1.78571,60.751115041598325
