Unnamed: 0,pixel,closest contour point,closest skeleton point,slope at nc,slope at ns,average slope,average angle
760,[ 201 1702],[ 235 1737],[ 196 1693],-0.7000000000000001,-0.7000000000000001,-0.7,34.99202019855866
1076,[1068 1990],[1054 1967],[1068 2026],-0.3,0.0,-0.1716306487123236,9.7388258055709
2127,[658 657],[670 671],[641 620],-0.5,-0.3,-0.4376611695290551,23.63712805700956
1086,[ 663 2208],[ 676 2222],[ 644 2172],-0.5,-0.3,-0.4361157742329067,23.56277526571582
414,[1052 1815],[1073 1780],[1049 1833],0.3,0.3,0.3,-16.69924423399362
