Unnamed: 0,pixel,closest contour point,closest skeleton point,slope at nc,slope at ns,average slope,average angle
541,[ 841 1013],[ 806 1049],[ 847 1003],0.3,0.5,0.4623028035330621,-24.811233059716457
1449,[  39 1971],[  13 1995],[  70 1966],2.5,2.4999999999999996,2.4999999999999996,-68.19859051364818
1856,[ 128 2829],[ 148 2809],[ 100 2840],1.785714285714286,1.5624999999999991,1.6775447820686369,-59.20043827989252
976,[312 844],[285 814],[314 868],-0.3,-0.3,-0.2999999999999999,16.69924423399362
2289,[440 801],[440 801],,0.0,,0.0,0.0
213,[ 130 2509],[  97 2476],[ 138 2518],-0.8,-1.176470588235294,-1.099255734475676,47.7070082451393
714,[ 637 2190],[ 671 2224],[ 631 2177],-0.5,-0.3,-0.3458896562757251,19.07997360700163
2435,[1400 2896],[1416 2880],[1372 2918],1.0,1.3461538461538465,1.1344945733505782,-48.605442475249546
