Unnamed: 0,pixel,closest contour point,closest skeleton point,slope at nc,slope at ns,average slope,average angle
884,[ 713 2861],[ 710 2856],[ 751 2901],-0.5,-0.3,-0.480883193217002,25.682119125564252
195,[1269 1291],[1230 1330],[1271 1285],0.5,0.5,0.5,-26.56505117707799
1604,[1345  552],[1382  514],[1341  556],1.0,1.0,1.0,-44.99999999999999
1441,[  59 3652],[  54 3657],[  99 3616],1.5,1.7857142857142856,1.5331815072703072,-56.886062006045805
834,[1434  129],[1454  149],[1405  115],-1.7857142857142858,-1.7857142857142858,-1.78571,60.751115041598325
49,[1291 3291],[1280 3280],[1318 3324],-1.0,-0.7000000000000001,-0.9198048621204356,42.608000042357034
2337,[1321 1806],[1342 1827],[1308 1779],-0.6,-0.7000000000000001,-0.6497752763594862,33.01481515626171
1800,[782 172],[806 145],[772 193],0.3,0.3,0.3,-16.69924423399362
1189,[1238  510],[1206  544],[1244  497],0.3,0.5,0.4530627041484222,-24.37350727341627
