Unnamed: 0,pixel,closest contour point,closest skeleton point,slope at nc,slope at ns,average slope,average angle
574,[1289 2634],[1289 2634],,-0.3,,-0.3,16.69924423399362
51,[ 289 2178],[ 307 2157],[ 278 2207],0.3,0.3,0.2999999999999999,-16.69924423399362
