Unnamed: 0,pixel,closest contour point,closest skeleton point,slope at nc,slope at ns,average slope,average angle
1711,[638 162],[614 188],[650 140],0.5,0.3,0.3829201204632058,-20.95284846095256
841,[433 695],[458 729],[431 671],-0.3,-0.3,-0.2999999999999999,16.69924423399362
359,[ 784 1017],[ 769 1033],[798 982],0.5,0.3,0.4264380440686829,-23.095244203191477
1806,[ 132 2476],[ 115 2459],[ 156 2501],-1.0,-1.0,-1.0,44.99999999999999
715,[1456 1510],[1488 1482],[1431 1511],2.4999999999999996,2.4999999999999996,2.5,-68.19859051364821
848,[ 937 2628],[ 920 2645],[ 945 2591],0.3,0.3,0.3,-16.69924423399362
