Unnamed: 0,pixel,closest contour point,closest skeleton point,slope at nc,slope at ns,average slope,average angle
1208,[1313 2934],[1309 2937],[1351 2896],1.0,1.0,1.0,-44.99999999999999
702,[  65 1047],[  35 1019],[  85 1053],-1.7857142857142856,-2.4999999999999996,-2.2591167334716875,66.1233812988878
2028,[ 127 1854],[ 135 1860],[  87 1826],-2.4999999999999996,-2.4999999999999996,-2.5,68.19859051364821
