Unnamed: 0,pixel,closest contour point,closest skeleton point,slope at nc,slope at ns,average slope,average angle
1192,[ 613 1687],[ 574 1726],[ 617 1680],0.3,0.3,0.3,-16.69924423399362
1333,[1350 1356],[1316 1390],[1357 1348],1.0,1.0,1.0,-44.99999999999999
