Unnamed: 0,pixel,closest contour point,closest skeleton point,slope at nc,slope at ns,average slope,average angle
1860,[ 156 1346],[ 135 1367],[ 161 1337],0.5,0.7000000000000001,0.6485142743943861,-32.96398452869239
485,[147 577],[135 590],[157 558],0.7000000000000001,0.5,0.6096497507628436,-31.368563166329736
1476,[ 851 1684],[ 854 1687],[ 824 1662],-1.176470588235294,-1.3461538461538465,-1.1948953061611074,50.07425960576269
1265,[ 497 1726],[ 508 1709],[ 492 1744],0.3,0.3,0.3,-16.69924423399362
89,[107 497],[122 482],[ 94 508],1.3461538461538465,1.3461538461538465,1.3461499999999995,-53.39284682374126
2193,[675 963],[657 938],[679 971],-0.3,-0.3,-0.2999999999999999,16.69924423399362
2412,[278 936],[257 908],[279 945],-0.3,-0.3,-0.3,16.69924423399362
185,[ 528 1726],[ 535 1713],[ 524 1749],0.3,0.3,0.2999999999999999,-16.69924423399362
