Unnamed: 0,pixel,closest contour point,closest skeleton point,slope at nc,slope at ns,average slope,average angle
401,[ 712 2138],[ 693 2159],[ 718 2128],0.3,0.3,0.3,-16.69924423399362
1721,[ 158 1338],[ 131 1365],[ 160 1336],0.6,0.6,0.6,-30.96375653207353
995,[759 909],[751 902],[776 931],-0.7000000000000001,-0.7000000000000001,-0.6999999999999998,34.992020198558656
317,[808 162],[817 172],[794 141],-0.8,-0.7000000000000002,-0.7652293597811892,37.42427759520563
