Unnamed: 0,pixel,closest contour point,closest skeleton point,slope at nc,slope at ns,average slope,average angle
2378,[244 941],[219 914],[244 949],-0.3,0.0,-0.0535753283459501,3.0667083022838946
330,[ 120 2096],[  97 2118],[ 125 2091],0.8,0.7000000000000001,0.7181781462822988,-35.6850814498427
1433,[385 195],[376 211],[389 175],0.3,0.3,0.3,-16.69924423399362
836,[660 950],[649 939],[667 973],-0.3,-0.3,-0.3,16.69924423399362
1375,[ 815 2200],[ 791 2224],[ 818 2196],1.176470588235294,1.0,1.02265856440305,-45.64182152655827
840,[  79 1153],[  83 1153],[  47 1153],inf,-2.5,-22.5,87.45519562018681
1224,[855  21],[825   4],[858  32],-2.5,inf,-10.060652190020484,84.32360854590267
1874,[ 496 2112],[ 471 2085],[ 496 2119],-0.3,-0.3,-0.3,16.69924423399362
1362,[ 36 457],[ 24 468],[ 58 448],1.7857142857142858,2.5,2.076052571280492,-64.2806565048008
933,[379 958],[355 985],[379 950],0.3,0.3,0.3,-16.69924423399362
2264,[461 541],[458 534],[465 571],-0.3,-0.3,-0.3,16.69924423399362
2212,[557 237],[555 239],[565 201],0.3,0.3,0.3,-16.69924423399362
2436,[601 980],[ 573 1017],[601 979],0.3,0.0,0.0063290563706989,-0.3626233765304536
605,[262 980],[265 984],[260 948],-0.3,-0.3,-0.3,16.69924423399362
1444,[406 209],[403 215],[411 178],0.3,0.3,0.3,-16.69924423399362
452,[106 981],[ 96 971],[ 120 1001],-0.8,-0.7000000000000001,-0.7633198156483229,37.35521140683087
1819,[  62 1849],[  34 1823],[  64 1850],-1.7857142857142856,-1.7857142857142856,-1.78571,60.75111504159832
882,[ 630 1305],[ 636 1295],[ 630 1334],0.3,0.0,0.2139594851484989,-12.07688493510476
2042,[831 100],[858 127],[830 100],-1.3461538461538465,-1.3461538461538465,-1.3461499999999995,53.39284682374126
608,[755 207],[758 210],[740 176],-0.5,-0.5,-0.5,26.56505117707799
1780,[ 540 1789],[ 540 1791],[ 541 1752],0.0,0.3,0.0153792874289795,-0.8810987994217732
1956,[236 960],[257 985],[236 951],-0.3,-0.2,-0.2216088222245341,12.495312024199352
441,[  73 1954],[  84 1951],[  49 1957],2.4999999999999996,2.5,2.5,-68.19859051364821
1187,[  57 1254],[  38 1273],[  68 1248],1.7857142857142856,1.5624999999999991,1.6334850694983596,-58.525530819756845
239,[544 223],[537 237],[544 199],0.3,0.2,0.2605258549184396,-14.602434076470908
