Unnamed: 0,pixel,closest contour point,closest skeleton point,slope at nc,slope at ns,average slope,average angle
338,[ 844 1589],[ 823 1572],[ 856 1592],-2.5,-2.5,-2.4999999999999996,68.19859051364818
2216,[ 566 1301],[ 566 1295],[ 569 1334],0.0,-0.3,-0.045993361104342,2.6333696559059123
105,[ 588 1793],[ 588 1795],[ 588 1755],0.0,0.0,0.0,0.0
2215,[847  99],[865 117],[835  93],-1.3461538461538465,-1.3461538461538465,-1.34615,53.39284682374126
2448,[ 48 318],[ 23 294],[ 55 320],-2.5,-2.5,-2.4999999999999996,68.19859051364818
2114,[ 886 1626],[ 887 1626],[ 851 1613],-2.5,-1.5624999999999998,-2.4755453768360627,68.00368608910355
1168,[453 604],[456 612],[447 575],-0.3,-0.3,-0.3,16.69924423399362
1395,[ 154 1301],[ 162 1293],[ 141 1325],0.6,0.5,0.5706962487763532,-29.71324069007743
1991,[367 941],[395 913],[367 948],0.3,0.3,0.3,-16.69924423399362
263,[137 950],[133 946],[154 978],-0.5,-0.7000000000000001,-0.5294524029107411,27.899089667720265
2467,[ 203 2094],[ 205 2091],[ 196 2127],0.3,0.3,0.3,-16.69924423399362
2004,[345 166],[369 133],[345 170],0.3,0.0,0.0267830769141586,-1.5341904977709877
1637,[787 165],[803 183],[776 155],-0.7000000000000001,-0.7000000000000002,-0.7,34.99202019855866
2216,[ 566 1301],[ 566 1295],[ 569 1334],0.0,-0.3,-0.045993361104342,2.6333696559059123
457,[ 674 1718],[ 671 1712],[ 682 1747],-0.3,-0.3,-0.3,16.69924423399362
