Unnamed: 0,pixel,closest contour point,closest skeleton point,slope at nc,slope at ns,average slope,average angle
784,[ 116 1329],[ 100 1344],[ 126 1315],1.0,0.7000000000000001,0.8318823416311341,-39.75647237512514
1368,[315 193],[315 206],[322 169],0.0,0.3,0.1026315789473684,-5.85983942540144
2346,[631 963],[628 941],[631 977],-0.3,0.0,-0.1160105518751952,6.6173344479183545
251,[602 219],[588 241],[602 202],0.3,0.0,0.1183931689670947,-6.7519985085118455
1313,[ 805 1421],[ 785 1440],[ 814 1415],1.3461538461538465,1.3461538461538465,1.3461500000000002,-53.392846823741266
418,[  57 1840],[  36 1819],[  66 1845],-1.7857142857142856,-1.7857142857142856,-1.78571,60.75111504159832
2197,[ 92 215],[ 83 206],[110 234],-1.0,-1.0,-1.0,44.99999999999999
2352,[419 613],[422 618],[416 580],-0.3,-0.3,-0.3,16.69924423399362
1926,[ 329 2115],[ 328 2106],[ 332 2142],-0.3,-0.3,-0.3,16.69924423399362
533,[ 102 1005],[ 81 984],[ 108 1012],-1.0,-1.0,-1.0,44.99999999999999
213,[ 402 1712],[ 416 1693],[ 401 1729],0.3,0.3,0.2999999999999999,-16.69924423399362
2213,[  66 1908],[  84 1914],[  49 1908],-2.4999999999999996,-2.5,-2.4999999999999996,68.19859051364818
