Unnamed: 0,pixel,closest contour point,closest skeleton point,slope at nc,slope at ns,average slope,average angle
822,[ 838 1616],[ 816 1597],[ 848 1618],-2.5,-2.5,-2.5,68.19859051364821
1363,[ 648 1311],[ 657 1297],[ 646 1335],0.3,0.3,0.3,-16.69924423399362
1028,[ 761 1761],[ 761 1762],[ 744 1727],-0.5,-0.5,-0.5,26.56505117707799
1012,[552 949],[557 939],[552 976],0.3,0.0,0.21215107104513,-11.977769561398006
441,[  73 1954],[  84 1951],[  49 1957],2.4999999999999996,2.5,2.5,-68.19859051364821
