Unnamed: 0,pixel,closest contour point,closest skeleton point,slope at nc,slope at ns,average slope,average angle
989,[684 987],[ 701 1007],[682 971],-0.3,-0.3,-0.2999999999999999,16.69924423399362
2080,[237 914],[235 911],[242 949],-0.3,-0.3,-0.3,16.69924423399362
535,[609 523],[609 517],[609 556],0.0,0.0,0.0,0.0
925,[ 853 2205],[ 865 2195],[ 835 2219],1.3461538461538465,1.3461538461538465,1.34615,-53.39284682374126
2213,[  66 1908],[  84 1914],[  49 1908],-2.4999999999999996,-2.5,-2.4999999999999996,68.19859051364818
1198,[ 387 1755],[ 381 1765],[ 394 1729],0.3,0.3,0.3,-16.69924423399362
