Unnamed: 0,pixel,closest contour point,closest skeleton point,slope at nc,slope at ns,average slope,average angle
501,[  68 2038],[  45 2061],[  74 2034],1.3461538461538467,1.7857142857142856,1.705944760636021,-59.62178845628551
2278,[ 757 1404],[ 751 1410],[ 775 1380],0.7000000000000001,0.7000000000000001,0.6999999999999998,-34.992020198558656
1079,[ 195 2146],[ 178 2163],[ 201 2130],0.3,0.3,0.3,-16.69924423399362
1733,[294 943],[268 907],[294 945],-0.3,-0.2,-0.2043096754697509,11.547163557323437
1518,[ 640 2120],[ 633 2148],[ 643 2112],0.3,0.3,0.3,-16.69924423399362
