Unnamed: 0,pixel,closest contour point,closest skeleton point,slope at nc,slope at ns,average slope,average angle
2367,[ 573 1332],[ 540 1298],[ 573 1334],-0.3,0.0,-0.0121503161879326,0.6961275821856405
2002,[225 561],[238 547],[221 581],0.3,0.3,0.3,-16.69924423399362
601,[255 949],[275 983],[255 948],-0.3,0.0,-0.0074172667228229,0.4249702854883737
2164,[ 574 1725],[ 574 1717],[ 574 1754],0.0,0.0,0.0,0.0
1296,[ 788 1363],[ 800 1350],[ 776 1380],0.7000000000000001,0.7000000000000001,0.7000000000000001,-34.99202019855867
36,[799 861],[796 858],[824 884],-1.3461538461538465,-1.3461538461538465,-1.34615,53.39284682374126
84,[537 970],[567 940],[537 974],0.3,0.2,0.2086157862939894,-11.78379823472796
469,[873 721],[893 704],[858 724],2.5,2.5,2.5,-68.19859051364821
2017,[378 183],[361 209],[378 173],0.3,0.2,0.224351964316784,-12.645037998833468
