Unnamed: 0,pixel,closest contour point,closest skeleton point,slope at nc,slope at ns,average slope,average angle
994,[ 91 503],[117 476],[ 90 504],1.3461538461538465,1.1764705882352942,1.1826391237436034,-49.78325932584717
795,[243 922],[235 911],[250 948],-0.3,-0.3,-0.3,16.69924423399362
315,[ 143 2072],[ 152 2063],[ 126 2091],0.8,0.7000000000000001,0.7667008986082462,-37.4774148181999
978,[764 611],[746 630],[770 600],0.7000000000000001,0.7000000000000001,0.7,-34.99202019855866
