Unnamed: 0,pixel,closest contour point,closest skeleton point,slope at nc,slope at ns,average slope,average angle
194,[ 94 237],[ 72 216],[100 243],-1.0,-1.0,-1.0,44.99999999999999
505,[ 96 293],[105 300],[ 74 279],-1.3461538461538465,-1.3461538461538465,-1.3461499999999995,53.39284682374126
1066,[ 744 1362],,[ 744 1362],,0.5,0.5,-26.56505117707799
2148,[ 829 1519],[ 824 1523],[ 859 1515],2.5,2.5,2.5,-68.19859051364821
831,[161 582],[146 596],[166 563],0.7000000000000001,0.5000000000000001,0.5978304538874739,-30.87226769118072
1152,[ 411 1393],[ 414 1396],[ 403 1359],-0.3,-0.3,-0.3,16.69924423399362
2106,[136 536],[158 514],[133 543],0.7000000000000001,0.7000000000000001,0.7,-34.99202019855866
1883,[ 219 1710],[ 205 1694],[ 225 1729],-0.3,-0.3,-0.3,16.69924423399362
