Unnamed: 0,pixel,closest contour point,closest skeleton point,slope at nc,slope at ns,average slope,average angle
569,[ 487 2086],[ 487 2082],[ 489 2120],-0.2,-0.3,-0.2105100603957527,11.887766198697342
2055,[ 689 1363],[ 677 1378],[ 695 1344],0.3,0.3,0.3,-16.69924423399362
1186,[901  17],[901  17],,inf,,inf,90.0
1314,[ 192 1711],[ 182 1701],[ 198 1736],-0.3,-0.3,-0.3,16.69924423399362
884,[ 349 2144],[ 378 2178],[ 348 2142],-0.3,-0.3,-0.3,16.69924423399362
1670,[ 321 1357],[ 311 1330],[ 321 1367],-0.3,0.0,-0.0773348152171849,4.422156712012794
