Unnamed: 0,pixel,closest contour point,closest skeleton point,slope at nc,slope at ns,average slope,average angle
2286,[ 880 1500],[ 895 1488],[ 858 1500],2.5,2.5,2.5,-68.19859051364821
801,[ 218 1330],[ 227 1321],[ 212 1355],0.3,0.3,0.2999999999999999,-16.69924423399362
935,[266 591],[233 624],[266 588],0.3,0.0,0.0181199367461876,-1.0380822986298168
