Unnamed: 0,pixel,closest contour point,closest skeleton point,slope at nc,slope at ns,average slope,average angle
51,[ 782 1740],[ 788 1747],[ 765 1716],-0.6,-0.7000000000000001,-0.6238660175973236,31.95863766439668
2035,[ 164 1712],[ 161 1709],[ 179 1743],-0.5,-0.3,-0.4780634335714672,25.55075803387643
461,[808 879],[792 863],[822 887],-1.0,-1.3461538461538465,-1.2021184464786456,50.24412222116358
