Unnamed: 0,pixel,closest contour point,closest skeleton point,slope at nc,slope at ns,average slope,average angle
1335,[865 866],[875 876],[843 854],-1.7857142857142858,-1.7857142857142858,-1.78571,60.751115041598325
451,[ 566 1750],[ 588 1718],[ 566 1754],0.3,0.0,0.0280157981323553,-1.604767227968782
2429,[ 413 2125],[ 390 2099],[ 413 2133],-0.3,-0.3,-0.3,16.69924423399362
2054,[657 165],[657 161],[664 197],-0.2,-0.3,-0.2108823760485594,11.908191572549208
102,[ 431 1765],[ 424 1772],[ 439 1736],0.3,0.3,0.3,-16.69924423399362
698,[686 953],[673 935],[690 969],-0.3,-0.3,-0.3,16.69924423399362
793,[ 823 2295],[ 823 2295],,2.499999999999999,,2.499999999999999,-68.19859051364818
1078,[ 888 1601],[ 894 1604],[ 856 1597],-2.5,-2.5,-2.5,68.19859051364821
2349,[614 593],[614 594],[616 557],0.0,0.3,0.0080959613752055,-0.4638542836976284
