Unnamed: 0,pixel,closest contour point,closest skeleton point,slope at nc,slope at ns,average slope,average angle
684,[ 160 2091],[ 174 2077],[ 150 2107],0.5,0.7000000000000001,0.6024078122470147,-31.06508810805278
1013,[ 49 301],[ 28 281],[ 59 307],-1.7857142857142858,-2.5,-2.295140402155738,66.45708932589483
132,[712 156],[707 148],[723 182],-0.3,-0.3,-0.3,16.69924423399362
1780,[ 540 1789],[ 540 1791],[ 541 1752],0.0,0.3,0.0153792874289795,-0.8810987994217732
1225,[ 654 1750],[ 623 1718],[ 654 1752],-0.3,0.0,-0.0128884418434803,0.7384124375697106
131,[ 764 2128],[ 779 2113],[ 756 2144],0.5,0.7000000000000001,0.6085025858150684,-31.32062081224291
62,[  93 1256],[ 108 1240],[  79 1265],1.3461538461538465,1.3461538461538465,1.34615,-53.39284682374126
1100,[479 581],[502 604],[475 570],-0.3,-0.3,-0.3,16.69924423399362
2051,[  64 2074],[  58 2079],[  87 2054],1.1764705882352942,1.3461538461538465,1.211080911038726,-50.453217425451534
2307,[ 689 2155],[ 689 2158],[ 699 2122],0.3,0.3,0.3,-16.69924423399362
1767,[356 984],[355 985],[359 948],0.3,0.3,0.3,-16.69924423399362
2313,[ 116 1264],[ 122 1258],[  91 1281],1.0,1.3461538461538465,1.0758614035348373,-47.092916633561664
2396,[ 653 1756],[ 681 1788],[ 653 1752],-0.3,0.0,-0.0257950334269678,1.4776188780313575
2049,[844 631],[852 623],[822 647],1.0,1.3461538461538465,1.101676554063988,-47.76974056873067
1370,[ 79 428],[ 89 421],[ 55 436],2.4999999999999996,2.5,2.5000000000000004,-68.19859051364821
989,[684 987],[ 701 1007],[682 971],-0.3,-0.3,-0.2999999999999999,16.69924423399362
95,[  19 1231],[  18 1231],[  55 1216],2.5,2.5,2.5,-68.19859051364821
1509,[ 98 459],[103 455],[ 71 475],1.7857142857142856,1.3461538461538465,1.7112268396799195,-59.69900731184578
1342,[ 737 1759],[ 745 1769],[ 728 1734],-0.5,-0.3,-0.4349555421965382,23.506898252801435
888,[691 984],[ 708 1005],[689 970],-0.3,-0.3,-0.3,16.69924423399362
1811,[ 330 1708],[ 345 1684],[ 330 1722],0.3,0.0,0.0992862186180383,-5.670098539181875
908,[791 949],[802 961],[777 931],-0.8,-0.7000000000000001,-0.7583473631900347,37.174765189594225
1977,[ 832 1538],[ 825 1538],[ 861 1532],inf,2.5,13.076494924972032,-85.62692609954688
1418,[332 941],[363 909],[332 945],0.3,0.0,0.0247150871426455,-1.4157819605368551
