Unnamed: 0,pixel,closest contour point,closest skeleton point,slope at nc,slope at ns,average slope,average angle
1154,[  88 1066],[ 103 1081],[  72 1059],-1.7857142857142856,-1.3461538461538465,-1.5446270157913844,57.080758894356194
916,[260 139],[259 131],[263 170],-0.3,-0.3,-0.3,16.69924423399362
