Unnamed: 0,pixel,closest contour point,closest skeleton point,slope at nc,slope at ns,average slope,average angle
608,[1225 3532],[1225 3532],,0.3,,0.3,-16.69924423399362
2245,[1329 2837],[1350 2816],[1312 2861],0.8,0.7000000000000001,0.7497567200563982,-36.86097569909591
2300,[ 798 2478],[ 804 2472],[ 765 2518],0.5,0.5,0.5,-26.56505117707799
