Unnamed: 0,pixel,closest contour point,closest skeleton point,slope at nc,slope at ns,average slope,average angle
1452,[ 715 2191],[ 722 2200],[ 688 2151],-0.5,-0.5,-0.5,26.56505117707799
1014,[120 502],[147 477],[101 512],1.785714285714286,1.7857142857142856,1.7857099999999997,-60.751115041598304
1684,[ 304 3017],[ 279 3044],[ 308 2990],0.3,0.3,0.3,-16.69924423399362
191,[ 566 4787],[ 537 4817],[ 570 4767],0.3,0.3,0.3,-16.69924423399362
1990,[689 193],[671 212],[704 163],0.5,0.5,0.5,-26.56505117707799
2260,[1364 4456],[1404 4416],[1362 4457],1.0,1.0,1.0,-44.99999999999999
1002,[141 539],[169 511],[127 552],1.176470588235294,1.1764705882352942,1.1764699999999997,-49.63544929005889
825,[ 499 3019],[ 521 3046],[ 496 2991],-0.3,-0.3,-0.3,16.69924423399362
205,[1375  210],[1394  229],[1352  188],-1.0,-1.0,-1.0,44.99999999999999
413,[ 868 4070],[ 880 4057],[ 850 4107],0.3,0.3,0.3,-16.69924423399362
1213,[ 145 5158],[ 155 5147],[ 108 5181],1.3461538461538465,1.3461538461538465,1.34615,-53.39284682374126
1497,[1226 3320],[1217 3311],[1248 3360],-0.3,-0.5,-0.3436046249840253,18.96295832288327
323,[ 441 2240],[ 477 2278],[ 441 2221],-0.3,0.0,-0.0798934649370721,4.567856016313805
90,[ 750 4097],[ 731 4119],[ 763 4070],0.3,0.3,0.3,-16.69924423399362
166,[  95 2557],[  60 2524],[ 104 2563],-1.3461538461538467,-1.3461538461538465,-1.34615,53.39284682374126
1709,[  38 2710],[   8 2731],[  67 2707],2.5,2.4999999999999996,2.5,-68.19859051364821
488,[1332 2089],[1366 2053],[1326 2095],0.7000000000000001,0.7000000000000001,0.7,-34.99202019855866
573,[855 560],[875 580],[842 531],-0.3,-0.3,-0.2999999999999999,16.69924423399362
993,[ 173 2096],[ 186 2083],[ 144 2124],1.0,1.0,1.0,-44.99999999999999
1492,[ 758 1329],[ 724 1295],[ 763 1341],-0.5,-0.3,-0.3425648525029312,18.90965762360518
193,[ 563 5352],[ 569 5362],[ 529 5312],-0.3,-0.3,-0.3,16.69924423399362
1316,[1076 5679],[1076 5659],[1076 5714],0.3,0.0,0.1909090909090909,-10.80823094031979
2101,[ 764 3659],[ 729 3621],[ 768 3667],-0.3,-0.5,-0.4704841835641665,25.19624260415484
1258,[1293  547],[1267  573],[1304  528],0.7000000000000001,0.7000000000000001,0.6999999999999998,-34.992020198558656
169,[ 283 2163],[ 294 2151],[ 271 2203],0.3,0.3,0.3,-16.69924423399362
