Unnamed: 0,pixel,closest contour point,closest skeleton point,slope at nc,slope at ns,average slope,average angle
1360,[1251 4332],[1261 4320],[1231 4372],0.5,0.3,0.4482266551408975,-24.14319432050879
761,[1435  642],[1459  619],[1410  652],1.7857142857142858,2.4999999999999996,2.1803442020422823,-65.36176591785447
146,[ 842 3669],[ 861 3690],[ 832 3639],-0.5,-0.3,-0.4055105786974501,22.073074764661747
1715,[925 487],[889 450],[926 499],-0.3,-0.3,-0.3,16.69924423399362
