Unnamed: 0,pixel,closest contour point,closest skeleton point,slope at nc,slope at ns,average slope,average angle
2392,[ 121 1858],[ 132 1868],[  82 1841],-2.4999999999999996,-2.4999999999999996,-2.5,68.19859051364821
877,[ 640 2126],[ 629 2113],[ 654 2165],-0.5,-0.3,-0.4417461034247368,23.833257840211335
1008,[328 640],[349 612],[326 664],0.3,0.3,0.2999999999999999,-16.69924423399362
2360,[1217 5192],[1208 5201],[1240 5152],0.5,0.3,0.4567584980540197,-24.548953185184825
816,[1447 2340],[1487 2378],[1431 2340],-2.4999999999999996,inf,-11.120696390083577,84.86164441377414
540,[  87 4115],[  55 4084],[ 101 4122],-1.3461538461538467,-1.7857142857142856,-1.6714319635692974,59.10836482418729
