Unnamed: 0,pixel,closest contour point,closest skeleton point,slope at nc,slope at ns,average slope,average angle
1006,[1245  469],[1269  443],[1238  494],0.3,0.3,0.3,-16.69924423399362
559,[ 320 2256],[ 302 2274],[ 331 2218],0.3,0.3,0.2999999999999999,-16.69924423399362
1705,[ 826 4153],[ 821 4159],[ 863 4113],0.5,0.3,0.4749264765592753,-25.40428092148671
2273,[  46 1153],[   8 1128],[  67 1153],-2.5,inf,-7.915031150259124,82.79929436648436
1802,[ 834 3694],[ 837 3700],[ 798 3654],-0.3,-0.3,-0.3,16.69924423399362
209,[ 196 3979],[ 179 3961],[ 208 4011],-0.5,-0.5000000000000001,-0.5,26.56505117707799
