Unnamed: 0,pixel,closest contour point,closest skeleton point,slope at nc,slope at ns,average slope,average angle
925,[ 874 5165],[ 836 5126],[ 878 5172],-0.5,-0.3,-0.325793417640346,18.045268558554845
1920,[211  77],[202  68],[236 117],-0.5,-0.5,-0.5,26.56505117707799
1751,[ 792 3300],[ 831 3260],[ 789 3305],0.5,0.5,0.5,-26.56505117707799
371,[ 132 1240],[ 139 1236],[  92 1270],2.4999999999999996,2.4999999999999996,2.5,-68.19859051364821
620,[  96 3252],[  96 3252],,-1.0,,-1.0,44.99999999999999
1221,[ 339 5496],[ 308 5464],[ 345 5519],-0.3,-0.3,-0.3,16.69924423399362
1214,[1351 3629],[1371 3609],[1331 3651],0.7000000000000001,0.7000000000000001,0.6999999999999998,-34.992020198558656
1229,[ 473 1468],[ 502 1498],[ 468 1443],-0.3,-0.3,-0.3,16.69924423399362
