Unnamed: 0,pixel,closest contour point,closest skeleton point,slope at nc,slope at ns,average slope,average angle
2125,[ 818 4450],[ 842 4474],[ 807 4426],-0.3,-0.3,-0.2999999999999999,16.69924423399362
397,[1243  280],[1272  311],[1239  260],-0.5,-0.3,-0.3649080682275065,20.047433944261886
1086,[ 767 5166],[ 762 5158],[ 797 5206],-0.3,-0.5,-0.3317460851599195,18.353061526773224
2285,[ 289 6109],[ 258 6142],[ 296 6091],0.3,0.3,0.3,-16.69924423399362
2432,[ 496 1667],[ 467 1697],[ 498 1645],0.3,0.3,0.3,-16.69924423399362
