Unnamed: 0,pixel,closest contour point,closest skeleton point,slope at nc,slope at ns,average slope,average angle
435,[ 675 4058],[ 650 4083],[ 686 4035],0.5,0.5,0.5,-26.56505117707799
432,[ 406 5307],[ 406 5271],[ 407 5327],0.0,-0.3,-0.1927711380328396,10.91113135057874
