Unnamed: 0,pixel,closest contour point,closest skeleton point,slope at nc,slope at ns,average slope,average angle
1073,[ 881 2580],[ 846 2617],[ 885 2569],0.5,0.3,0.3373736988643431,-18.64304197846953
743,[ 876 4061],[ 880 4057],[ 836 4101],0.3,0.3,0.3,-16.69924423399362
613,[1110 1855],[1139 1894],[1110 1835],-0.3,0.0,-0.08746303217398,4.9985425838934345
482,[ 564 3257],[ 553 3270],[ 577 3217],0.3,0.3,0.2999999999999999,-16.69924423399362
