Unnamed: 0,pixel,closest contour point,closest skeleton point,slope at nc,slope at ns,average slope,average angle
2046,[ 398 1595],[ 398 1575],[ 398 1635],0.0,0.0,0.0,0.0
1165,[1386 1653],[1359 1627],[1406 1662],-1.7857142857142858,-1.3461538461538465,-1.5084035828956084,56.45751047156257
2127,[ 656 3275],[ 632 3299],[ 665 3250],0.3,0.3,0.2999999999999999,-16.69924423399362
