Unnamed: 0,pixel,closest contour point,closest skeleton point,slope at nc,slope at ns,average slope,average angle
1821,[1310 1837],[1314 1842],[1273 1797],-0.5,-0.5,-0.5,26.56505117707799
2349,[1439 3767],[1467 3740],[1416 3771],1.7857142857142858,2.4999999999999996,2.232092085366584,-65.86713414010966
2494,[  52 2812],[  31 2832],[  83 2801],1.7857142857142858,2.4999999999999996,2.120386826653282,-64.75086984418766
1266,[1168 5180],[1163 5189],[1200 5140],0.3,0.3,0.3,-16.69924423399362
1855,[1293 2058],[1325 2024],[1287 2069],0.7000000000000001,0.5,0.5423163533134058,-28.471700925622
1614,[ 102 3693],[  90 3704],[ 136 3668],1.1764705882352942,1.3461538461538465,1.22370249737807,-50.74457785958827
1795,[  48 5941],[  38 5951],[  88 5918],1.7857142857142856,1.7857142857142856,1.78571,-60.751115041598325
1057,[1414 2271],[1376 2302],[1427 2266],2.4999999999999996,2.4999999999999996,2.5,-68.19859051364821
2332,[ 441 1405],[ 434 1390],[ 448 1444],-0.3,-0.3,-0.3,16.69924423399362
