Unnamed: 0,pixel,closest contour point,closest skeleton point,slope at nc,slope at ns,average slope,average angle
360,[ 920 4162],[ 895 4187],[ 931 4137],0.3,0.3,0.3,-16.69924423399362
103,[1410 6130],[1374 6164],[1423 6126],2.4999999999999996,2.4999999999999996,2.5,-68.19859051364821
2313,[336 830],[313 807],[344 863],-0.3,-0.3,-0.3,16.69924423399362
26,[1393 5269],[1433 5229],[1390 5270],1.5,1.3461538461538465,1.3542951487984536,-53.55815585676721
272,[ 497 5331],[ 536 5371],[ 496 5319],-0.3,-0.3,-0.3,16.69924423399362
167,[281 624],[303 602],[271 651],0.3,0.3,0.3,-16.69924423399362
983,[ 216 6026],[ 236 6004],[ 199 6049],0.5,0.7000000000000001,0.6019396248576464,-31.045401551585428
1958,[ 107 5902],[ 134 5878],[  85 5908],2.4999999999999996,2.4999999999999996,2.5,-68.19859051364821
2121,[1350 4382],[1357 4374],[1322 4420],0.7000000000000001,0.7000000000000001,0.6999999999999998,-34.992020198558656
1729,[1310 4866],[1276 4832],[1315 4875],-0.8,-0.7000000000000001,-0.7176358781718529,35.664578698425814
1949,[ 628 3716],[ 594 3679],[ 632 3726],-0.3,-0.3,-0.3,16.69924423399362
863,[1328 2842],[1352 2818],[1317 2864],0.8,0.7000000000000001,0.7420185196132453,-36.576099347385096
2308,[ 908 1305],[ 934 1334],[ 902 1284],-0.3,-0.3,-0.3,16.69924423399362
1438,[914 518],[949 553],[911 505],-0.3,-0.3,-0.3,16.69924423399362
2093,[ 941 4931],[ 908 4967],[ 944 4917],0.3,0.3,0.3,-16.69924423399362
1486,[ 323 5305],[ 355 5269],[ 323 5320],0.3,0.0,0.0712404307485734,-4.0748916889041515
