Unnamed: 0,pixel,closest contour point,closest skeleton point,slope at nc,slope at ns,average slope,average angle
963,[ 740 5248],[ 773 5281],[ 734 5235],-0.3,-0.5,-0.4530462167122709,24.372723490826367
996,[1297 3336],,[1297 3336],,-0.7000000000000001,-0.7000000000000001,34.99202019855867
1084,[ 806 2528],[ 844 2490],[ 803 2535],0.3,0.5,0.4751750865482528,-25.41590253691717
1077,[ 458 5480],[ 476 5461],[ 452 5518],0.3,0.3,0.3,-16.69924423399362
1509,[1456 1405],[1462 1401],[1416 1443],1.7857142857142858,2.4999999999999996,1.868276921264571,-61.84196962513299
1158,[1089  263],[1089  227],[1089  283],0.0,0.0,0.0,0.0
702,[ 862 3387],[ 854 3396],[ 891 3347],0.3,0.5,0.3391927499399785,-18.736563703525864
1859,[ 722 2173],[ 740 2192],[ 707 2143],-0.5,-0.5,-0.5,26.56505117707799
