Unnamed: 0,pixel,closest contour point,closest skeleton point,slope at nc,slope at ns,average slope,average angle
859,[ 423 6073],[ 423 6047],[ 423 6102],-0.2,0.0,-0.1054545454545454,6.019851268648945
1205,[232  97],[204  67],[240 115],-0.5,-0.5,-0.5,26.56505117707799
2338,[1361 5544],[1347 5531],[1396 5561],-1.3461538461538465,-1.3461538461538465,-1.34615,53.39284682374126
295,[945 479],[911 443],[950 492],-0.3,-0.3,-0.3,16.69924423399362
2255,[ 119 2905],[  92 2931],[ 136 2892],1.1764705882352942,1.3461538461538465,1.284481392501676,-52.09837474605298
792,[188 619],[151 656],[191 612],0.8,0.7000000000000001,0.7127053058107445,-35.477673690580566
1818,[1326 4116],[1354 4144],[1316 4099],-0.8,-0.7000000000000001,-0.7332480269834568,36.25065919453537
1473,[  45 2704],[   8 2680],[  67 2704],-2.5,-2.5000000000000004,-2.5,68.19859051364821
2409,[ 297 3994],[ 326 4027],[ 294 3977],-0.3,-0.3,-0.3,16.69924423399362
