Unnamed: 0,pixel,closest contour point,closest skeleton point,slope at nc,slope at ns,average slope,average angle
2257,[1045 3562],[1010 3523],[1047 3578],-0.3,-0.3,-0.3,16.69924423399362
2295,[102 289],[132 316],[ 83 284],-2.4999999999999996,-2.4999999999999996,-2.4999999999999996,68.19859051364818
10,[ 214 5588],[ 238 5614],[ 203 5567],-0.5,-0.7000000000000001,-0.6197614536515771,31.78903911788277
1999,[ 717 1390],[ 742 1415],[ 705 1368],-0.3,-0.3,-0.3,16.69924423399362
1009,[253  85],[225  57],[264 105],-0.5,-0.3,-0.3731309826032211,20.462103253643296
