Unnamed: 0,pixel,closest contour point,closest skeleton point,slope at nc,slope at ns,average slope,average angle
2365,[1281  514],,[1281  514],,0.5,0.5,-26.56505117707799
1837,[1313 3380],[1322 3389],[1288 3341],-0.7000000000000001,-0.7000000000000001,-0.7,34.99202019855866
