Unnamed: 0,pixel,closest contour point,closest skeleton point,slope at nc,slope at ns,average slope,average angle
1761,[  84 1263],,[  84 1263],,1.9999999999999996,1.9999999999999996,-63.43494882292201
681,[ 148 3723],[ 108 3762],[ 150 3722],1.7857142857142856,1.785714285714286,1.78571,-60.751115041598325
