Unnamed: 0,pixel,closest contour point,closest skeleton point,slope at nc,slope at ns,average slope,average angle
1614,[ 133 6176],[ 133 6176],,inf,,inf,90.0
392,[ 196 2422],[ 220 2443],[ 172 2413],-2.4999999999999996,-2.4999999999999996,-2.5,68.19859051364821
981,[ 108 6052],[  96 6063],[ 143 6034],1.7857142857142856,1.785714285714286,1.78571,-60.751115041598325
1759,[ 180 6100],[ 218 6064],[ 173 6103],1.785714285714286,2.4999999999999996,2.409276190998183,-67.45849920177852
2262,[ 168 2373],[ 133 2342],[ 180 2378],-2.4999999999999996,-2.4999999999999996,-2.5,68.19859051364821
2362,[  53 4879],[  45 4873],[  93 4900],-1.7857142857142856,-2.4999999999999996,-1.9151632974787447,62.42874661377204
2068,[  82 4312],[ 118 4283],[  70 4312],2.4999999999999996,inf,12.130770276105183,-85.28747805819991
1606,[ 98 261],[133 296],[ 90 258],-2.4999999999999996,-1.7857142857142856,-1.8908571568349852,62.127397130915426
