Unnamed: 0,pixel,closest contour point,closest skeleton point,slope at nc,slope at ns,average slope,average angle
1091,[ 120 5533],[ 109 5524],[ 156 5552],-1.7857142857142856,-1.7857142857142858,-1.7857099999999997,60.751115041598304
2204,[ 106 5188],,[ 106 5188],,1.7857142857142856,1.7857142857142856,-60.751173663453024
710,[ 162 3114],[ 134 3107],[ 185 3115],-2.4999999999999996,-2.4999999999999996,-2.5,68.19859051364821
1785,[  60 3655],[  55 3660],[ 100 3626],1.7857142857142856,1.7857142857142856,1.7857100000000004,-60.75111504159832
