Unnamed: 0,pixel,closest contour point,closest skeleton point,slope at nc,slope at ns,average slope,average angle
632,[ 116 5265],[  95 5286],[ 140 5253],1.7857142857142856,1.785714285714286,1.7857099999999997,-60.751115041598304
2311,[  91 5913],[ 128 5877],[  84 5914],2.4999999999999996,2.4999999999999996,2.4999999999999996,-68.19859051364818
597,[ 109 2040],[ 134 2017],[  88 2047],1.785714285714286,2.4999999999999996,2.2181881282957954,-65.733272635348
1311,[119 445],[125 440],[ 79 473],2.4999999999999996,2.4999999999999996,2.5,-68.19859051364821
1514,[ 148 2208],[ 118 2235],[ 164 2203],2.4999999999999996,2.4999999999999996,2.5,-68.19859051364821
1148,[ 62 507],[ 40 528],[ 86 494],1.7857142857142856,1.7857142857142856,1.78571,-60.75111504159832
571,[ 131 5293],[ 109 5314],[ 154 5282],2.4999999999999996,2.4999999999999996,2.5000000000000004,-68.19859051364821
1192,[ 170 4822],[ 188 4838],[ 144 4804],-1.7857142857142858,-1.3461538461538465,-1.595676374663443,57.92489553363998
2333,[ 145 4617],[ 133 4620],[ 184 4613],2.4999999999999996,2.4999999999999996,2.5000000000000004,-68.19859051364821
