Unnamed: 0,pixel,closest contour point,closest skeleton point,slope at nc,slope at ns,average slope,average angle
1369,[ 172 5203],[ 175 5201],[ 132 5237],1.785714285714286,1.7857142857142858,1.78571,-60.75111504159832
1021,[ 208 1459],[ 228 1441],[ 178 1469],2.4999999999999996,2.4999999999999996,2.5,-68.19859051364821
1239,[ 104 6055],[  96 6063],[ 144 6036],1.7857142857142856,1.785714285714286,1.78571,-60.751115041598325
