Unnamed: 0,pixel,closest contour point,closest skeleton point,slope at nc,slope at ns,average slope,average angle
1113,[  88 1769],[  60 1742],[ 105 1775],-1.7857142857142856,-2.4999999999999996,-2.273789491500326,66.26037314313444
716,[  55 5741],[  21 5710],[  71 5743],-2.5,-2.4999999999999996,-2.5,68.19859051364821
380,[ 165 5627],[ 175 5637],[ 130 5605],-1.3461538461538465,-1.3461538461538465,-1.34615,53.39284682374126
