Unnamed: 0,pixel,closest contour point,closest skeleton point,slope at nc,slope at ns,average slope,average angle
690,[ 165 4521],[ 204 4482],[ 162 4523],1.785714285714286,1.7857142857142858,1.78571,-60.75111504159832
1339,[161 969],[176 984],[130 953],-1.7857142857142858,-1.785714285714286,-1.78571,60.751115041598325
1172,[178 938],[193 952],[147 922],-1.7857142857142858,-1.785714285714286,-1.78571,60.751115041598325
944,[137 678],[121 693],[168 664],2.4999999999999996,2.4999999999999996,2.4999999999999996,-68.19859051364818
519,[ 156 6025],[ 186 5997],[ 142 6031],1.785714285714286,1.7857142857142858,1.78571,-60.75111504159832
