Unnamed: 0,pixel,closest contour point,closest skeleton point,slope at nc,slope at ns,average slope,average angle
1950,[  96 4988],[ 118 5005],[  69 4986],-2.4999999999999996,-2.4999999999999996,-2.5,68.19859051364821
1288,[  84 4204],[ 118 4230],[  70 4203],-2.4999999999999996,-2.4999999999999996,-2.5,68.19859051364821
142,[ 161 3901],[ 134 3882],[ 184 3901],-2.4999999999999996,-2.5000000000000004,-2.5000000000000004,68.19859051364821
580,[ 129 3401],[ 131 3402],[  89 3362],-2.4999999999999996,-2.4999999999999996,-2.5,68.19859051364821
711,[ 166 1587],[ 134 1556],[ 182 1590],-2.4999999999999996,-2.4999999999999996,-2.5,68.19859051364821
1597,[ 142 3724],[ 106 3757],[ 149 3720],2.4999999999999996,1.785714285714286,1.8869212422552513,-62.07802842528616
