Unnamed: 0,pixel,closest contour point,closest skeleton point,slope at nc,slope at ns,average slope,average angle
1382,[  58 5689],[  36 5668],[  83 5700],-1.7857142857142856,-2.4999999999999996,-2.16203914459391,65.17821658770303
1901,[ 147 4564],[ 126 4585],[ 173 4555],2.4999999999999996,2.4999999999999996,2.5000000000000004,-68.19859051364821
27,[ 116 4012],[  98 3996],[ 144 4027],-1.7857142857142856,-1.3461538461538465,-1.5961595022695954,57.93269974327038
1405,[  47 2746],[  14 2775],[  67 2742],2.5,2.4999999999999996,2.5,-68.19859051364821
487,[ 202 4013],[ 209 4020],[ 162 3990],-1.7857142857142858,-1.785714285714286,-1.78571,60.75111504159832
2448,[164 635],[201 599],[158 637],1.785714285714286,2.4999999999999996,2.4220412861699003,-67.56549935142647
1216,[  90 1361],[  76 1374],[ 120 1340],1.7857142857142856,1.3461538461538465,1.6350085866696455,-58.54931092214093
1298,[ 153 1304],[ 160 1297],[ 113 1326],1.785714285714286,1.7857142857142856,1.78571,-60.75111504159832
185,[ 147 2506],[ 176 2535],[ 133 2498],-1.5,-1.785714285714286,-1.7050799563931482,59.60911193546293
1282,[114 420],[120 419],[ 74 453],2.4999999999999996,2.4999999999999996,2.5,-68.19859051364821
2330,[  81 1849],[ 121 1887],[  77 1846],-2.4999999999999996,-2.4999999999999996,-2.5,68.19859051364821
2026,[  94 1172],[ 117 1172],[  66 1174],2.5000000000000004,2.4999999999999996,2.5,-68.19859051364821
604,[157 614],[192 581],[149 618],1.785714285714286,1.7857142857142858,1.78571,-60.751115041598325
27,[ 116 4012],[  98 3996],[ 144 4027],-1.7857142857142856,-1.3461538461538465,-1.5961595022695954,57.93269974327038
284,[ 181 6022],[ 193 6010],[ 148 6042],1.785714285714286,1.3461538461538465,1.6514437609390809,-58.803805026324014
451,[  84 1993],[ 119 1964],[  72 1995],2.4999999999999996,2.4999999999999996,2.5,-68.19859051364821
