Unnamed: 0,pixel,closest contour point,closest skeleton point,slope at nc,slope at ns,average slope,average angle
2405,[ 163 1620],[ 129 1590],[ 175 1625],-2.4999999999999996,-2.4999999999999996,-2.5,68.19859051364821
1797,[ 199 2249],[ 229 2219],[ 180 2254],2.4999999999999996,2.4999999999999996,2.5000000000000004,-68.19859051364821
1153,[ 219 5312],[ 225 5308],[ 179 5350],2.4999999999999996,2.4999999999999996,2.5000000000000004,-68.19859051364821
282,[  48 1187],[  13 1220],[  66 1183],2.5,2.4999999999999996,2.5,-68.19859051364821
1097,[150 834],[129 815],[177 842],-2.4999999999999996,-2.4999999999999996,-2.5,68.19859051364821
2078,[ 107 4460],[  81 4484],[ 125 4450],1.7857142857142856,1.7857142857142856,1.78571,-60.751115041598325
2265,[ 196 3254],[ 202 3260],[ 156 3228],-1.7857142857142858,-2.4999999999999996,-1.8935700803437887,62.16133230148748
1340,[ 142 4364],[ 143 4364],[ 102 4404],1.785714285714286,1.7857142857142856,1.78571,-60.75111504159832
