Unnamed: 0,pixel,closest contour point,closest skeleton point,slope at nc,slope at ns,average slope,average angle
749,[  33 5812],[   8 5837],[  64 5812],2.5,2.5000000000000004,2.5000000000000004,-68.19859051364821
2027,[ 82 353],[117 363],[ 67 352],-2.4999999999999996,-2.4999999999999996,-2.5000000000000004,68.19859051364821
