Unnamed: 0,pixel,closest contour point,closest skeleton point,slope at nc,slope at ns,average slope,average angle
2410,[ 109 3430],[ 121 3437],[  71 3421],-2.4999999999999996,-2.4999999999999996,-2.5,68.19859051364821
1335,[ 172 4517],[ 205 4484],[ 161 4520],1.785714285714286,2.4999999999999996,2.3597546651640022,-67.0340871006408
119,[ 134 5524],[ 116 5508],[ 164 5534],-2.4999999999999996,-2.4999999999999996,-2.5,68.19859051364821
1448,[  95 1830],[ 128 1861],[  83 1827],-2.4999999999999996,-2.4999999999999996,-2.5,68.19859051364821
428,[ 141 5677],[ 150 5684],[ 103 5657],-1.7857142857142858,-1.7857142857142856,-1.78571,60.75111504159832
994,[ 181 4795],[ 201 4813],[ 155 4781],-1.7857142857142858,-2.4999999999999996,-2.1262598922049416,64.8119576431507
788,[ 100 3382],[ 129 3408],[  83 3377],-2.4999999999999996,-2.4999999999999996,-2.5,68.19859051364821
2402,[ 183 4485],[ 199 4471],[ 152 4500],1.785714285714286,2.4999999999999996,2.058356029901546,-64.08837806131481
1413,[ 193 6015],[ 195 6014],[ 153 6053],1.785714285714286,1.7857142857142858,1.78571,-60.751115041598325
651,[  54 3593],[  33 3612],[  82 3584],2.5,2.4999999999999996,2.5,-68.19859051364821
2247,[ 111 5535],[ 106 5531],[ 151 5564],-2.4999999999999996,-1.7857142857142858,-2.4180483736688045,67.53213345945464
3,[  70 4440],[  61 4447],[ 109 4420],1.7857142857142856,1.7857142857142856,1.78571,-60.75111504159832
881,[  37 5694],[  29 5686],[  77 5719],-1.7857142857142858,-2.4999999999999996,-1.923890051966901,62.535481341619544
309,[ 147 5159],[ 151 5156],[ 107 5190],1.785714285714286,1.7857142857142856,1.78571,-60.75111504159832
953,[  31 3505],[   9 3521],[  65 3499],2.5,2.4999999999999996,2.5,-68.19859051364821
184,[  83 5759],[ 117 5789],[  70 5754],-2.4999999999999996,-2.4999999999999996,-2.5,68.19859051364821
766,[ 135 4346],[ 135 4346],,2.4999999999999996,,2.4999999999999996,-68.19859051364818
160,[ 218 4731],[ 230 4739],[ 178 4718],-2.4999999999999996,-2.4999999999999996,-2.5,68.19859051364821
238,[ 106 5617],[  76 5588],[ 119 5624],-1.7857142857142856,-1.7857142857142856,-1.78571,60.75111504159832
309,[ 147 5159],[ 151 5156],[ 107 5190],1.785714285714286,1.7857142857142856,1.78571,-60.75111504159832
