Unnamed: 0,pixel,closest contour point,closest skeleton point,slope at nc,slope at ns,average slope,average angle
2231,[ 131 2545],[ 157 2570],[ 113 2536],-1.7857142857142858,-1.7857142857142856,-1.78571,60.75111504159832
272,[ 113 3969],[ 111 3969],[ 153 4009],-1.7857142857142856,-1.7857142857142858,-1.78571,60.751115041598325
96,[ 146 5438],[ 134 5432],[ 185 5441],-2.4999999999999996,-2.4999999999999996,-2.4999999999999996,68.19859051364818
2310,[ 118 5719],[ 130 5731],[  82 5706],-2.4999999999999996,-2.4999999999999996,-2.5,68.19859051364821
