Unnamed: 0,pixel,closest contour point,closest skeleton point,slope at nc,slope at ns,average slope,average angle
1658,[ 171 5197],[ 172 5196],[ 131 5235],1.3461538461538465,1.7857142857142858,1.3571354795914905,-53.61549944090925
1528,[ 120 1300],[ 148 1274],[ 104 1307],1.785714285714286,1.7857142857142856,1.78571,-60.75111504159832
2400,[  91 1984],[ 118 1957],[  70 1984],2.4999999999999996,2.4999999999999996,2.5,-68.19859051364821
637,[ 154 6133],[ 130 6152],[ 178 6125],2.4999999999999996,2.4999999999999996,2.4999999999999996,-68.19859051364818
1618,[ 111 4073],[  76 4038],[ 117 4077],-1.3461538461538465,-1.7857142857142856,-1.7298152413604506,59.9679468478325
