Unnamed: 0,pixel,closest contour point,closest skeleton point,slope at nc,slope at ns,average slope,average angle
111,[ 182 6017],[ 192 6008],[ 144 6035],1.785714285714286,1.7857142857142858,1.7857099999999997,-60.751115041598304
536,[ 140 4422],[ 162 4402],[ 117 4434],1.785714285714286,1.7857142857142856,1.78571,-60.751115041598325
1385,[ 112 4031],[  91 4010],[ 136 4042],-1.7857142857142856,-1.7857142857142858,-1.7857099999999997,60.751115041598304
1345,[ 219 3040],[ 237 3026],[ 183 3047],2.4999999999999996,2.4999999999999996,2.5,-68.19859051364821
1585,[  96 3401],[ 123 3428],[  77 3397],-2.4999999999999996,-2.4999999999999996,-2.5,68.19859051364821
2221,[ 148 4463],[ 179 4433],[ 136 4469],1.785714285714286,1.3461538461538465,1.4504244490755904,-55.41554832045211
2450,[ 174 5451],[ 134 5432],[ 184 5451],-2.4999999999999996,-2.5000000000000004,-2.5,68.19859051364821
1307,[ 197 1591],[ 234 1624],[ 183 1589],-2.4999999999999996,-2.4999999999999996,-2.4999999999999996,68.19859051364818
490,[  31 4160],[  23 4153],[  71 4193],-2.5,-2.4999999999999996,-2.4999999999999996,68.19859051364818
