Unnamed: 0,pixel,closest contour point,closest skeleton point,slope at nc,slope at ns,average slope,average angle
1227,[ 196 2407],[ 224 2432],[ 175 2403],-2.4999999999999996,-2.4999999999999996,-2.5,68.19859051364821
25,[ 92 575],[ 73 593],[118 561],1.3461538461538465,1.3461538461538465,1.3461499999999995,-53.39284682374126
564,[177 107],[211 140],[166 103],-1.7857142857142858,-2.4999999999999996,-2.3585023257446336,67.02315816820332
629,[  42 5787],[  10 5760],[  65 5789],-2.5,-2.4999999999999996,-2.5,68.19859051364821
924,[ 124 4794],[  99 4770],[ 142 4806],-1.7857142857142856,-1.3461538461538465,-1.5150849282465924,56.57403116232808
1618,[ 111 4073],[  76 4038],[ 117 4077],-1.3461538461538465,-1.7857142857142856,-1.7298152413604506,59.9679468478325
354,[ 195 2475],[ 203 2483],[ 155 2455],-1.7857142857142858,-1.785714285714286,-1.78571,60.751115041598325
1797,[ 199 2249],[ 229 2219],[ 180 2254],2.4999999999999996,2.4999999999999996,2.5000000000000004,-68.19859051364821
394,[ 107 4335],[ 126 4320],[  77 4341],2.4999999999999996,2.4999999999999996,2.5,-68.19859051364821
1760,[ 52 309],[ 22 280],[ 72 311],-2.5,-2.4999999999999996,-2.5000000000000004,68.19859051364821
1373,[ 212 5460],[ 238 5482],[ 184 5458],-2.4999999999999996,-2.4999999999999996,-2.5,68.19859051364821
685,[ 108 5790],[ 117 5790],[  68 5770],-2.5000000000000004,-2.4999999999999996,-2.5,68.19859051364821
394,[ 107 4335],[ 126 4320],[  77 4341],2.4999999999999996,2.4999999999999996,2.5,-68.19859051364821
1329,[  75 2030],[  36 2069],[  80 2028],2.5,2.4999999999999996,2.5000000000000004,-68.19859051364821
2024,[  53 4321],[  21 4353],[  70 4316],2.5,2.4999999999999996,2.5000000000000004,-68.19859051364821
