Unnamed: 0,pixel,closest contour point,closest skeleton point,slope at nc,slope at ns,average slope,average angle
1990,[ 172 1330],[ 186 1316],[ 165 1339],0.7000000000000001,0.7000000000000001,0.7,-34.99202019855866
491,[ 84 261],[ 62 240],[ 85 262],-1.0,-1.0,-1.0,44.99999999999999
2322,[  23 1981],[  14 1987],[  43 1974],2.5,2.5,2.5,-68.19859051364821
