Unnamed: 0,pixel,closest contour point,closest skeleton point,slope at nc,slope at ns,average slope,average angle
1626,[  82 1874],[  82 1874],,-1.7857142857142856,,-1.7857142857142856,60.751173663453024
234,[ 177 2145],[ 167 2154],[ 186 2129],0.7000000000000001,0.7000000000000001,0.6999999999999998,-34.992020198558656
1126,[ 185 2119],[ 202 2102],[ 181 2125],0.7000000000000001,0.7000000000000001,0.7,-34.99202019855866
895,[ 277 2208],[ 258 2227],[ 280 2204],1.1764705882352942,1.0,1.027685861403785,-45.78226340438934
2024,[ 97 507],[117 487],[ 95 509],1.0,1.0,1.0,-44.99999999999999
