Unnamed: 0,pixel,closest contour point,closest skeleton point,slope at nc,slope at ns,average slope,average angle
614,[ 190 1374],[ 179 1386],[ 198 1361],0.5,0.7000000000000001,0.603216174708355,-31.099059326170817
1480,[ 271 1641],[ 261 1633],[ 284 1654],-1.3461538461538465,-1.3461538461538465,-1.3461500000000002,53.392846823741266
