Unnamed: 0,pixel,closest contour point,closest skeleton point,slope at nc,slope at ns,average slope,average angle
1642,[  54 1212],[  74 1195],[  49 1215],2.4999999999999996,1.7857142857142856,1.915542344390567,-62.43339852185066
1380,[234 573],[235 572],[217 597],0.6,0.7000000000000001,0.6045878642741797,-31.156648656375687
709,[ 157 2120],[ 141 2137],[ 163 2114],0.7000000000000001,0.7000000000000001,0.7,-34.99202019855866
799,[  65 1043],[  51 1029],[  75 1049],-1.1764705882352942,-1.3461538461538465,-1.2832531269411362,52.0718014592722
