Unnamed: 0,pixel,closest contour point,closest skeleton point,slope at nc,slope at ns,average slope,average angle
768,[277  91],[263  79],[286 100],-1.3461538461538465,-1.3461538461538465,-1.3461500000000002,53.392846823741266
2301,[  93 2041],[ 106 2027],[  84 2049],1.3461538461538465,1.0,1.1338252739903465,-48.58866964790461
1488,[317 780],[294 776],[323 780],-2.5,-2.5000000000000004,-2.5,68.19859051364821
2394,[  60 2001],[  79 1984],[  54 2003],1.7857142857142856,1.7857142857142856,1.78571,-60.75111504159832
2470,[ 29 382],[  7 399],[ 38 382],2.5,inf,10.223021541365467,-84.41319012817553
1717,[260 145],[273 159],[251 137],-0.8,-0.7000000000000002,-0.7386610642757031,36.45183883733555
