Unnamed: 0,pixel,closest contour point,closest skeleton point,slope at nc,slope at ns,average slope,average angle
216,[ 91 996],[ 86 992],[ 107 1015],-0.8,-0.7000000000000001,-0.7795051551202966,37.936598863312035
2270,[ 208 1698],[ 198 1689],[ 219 1712],-0.8,-0.7000000000000001,-0.7569595837262532,37.124249337885736
214,[ 244 1372],[ 253 1361],[ 232 1384],0.7000000000000001,0.8,0.7455779243103504,-36.70739874587817
2387,[  65 1225],[  80 1211],[  56 1231],2.4999999999999996,1.3461538461538467,1.7444528744513528,-60.17669705143836
805,[310 707],[288 729],[312 705],2.5,1.785714285714286,1.8452341666666667,-61.545113422129035
1879,[ 84 997],[ 82 995],[ 104 1018],-1.0,-1.0,-1.0,44.99999999999999
1806,[122 204],[112 195],[133 218],-0.8,-0.7000000000000001,-0.7569595837262532,37.124249337885736
1541,[  17 1154],[   6 1154],[  38 1154],inf,inf,100.0,-89.42706130231674
552,[ 308 2241],[ 330 2221],[ 306 2242],1.785714285714286,1.7857142857142858,1.78571,-60.75111504159832
