Unnamed: 0,pixel,closest contour point,closest skeleton point,slope at nc,slope at ns,average slope,average angle
1363,[ 180 1345],[ 200 1325],[ 179 1348],0.7000000000000001,0.7000000000000001,0.7,-34.99202019855866
1948,[ 108 1321],[  98 1330],[ 120 1308],0.7000000000000001,0.7000000000000001,0.7,-34.99202019855866
2184,[  45 1152],[  68 1152],[  39 1151],inf,-2.5,-3.1611698402498063,72.44582723831991
1430,[ 307 2302],[ 294 2312],[ 320 2285],1.4999999999999998,inf,2.6495679841655044,-69.32248939097606
2228,[153 970],[136 954],[157 977],-0.7000000000000001,-0.7000000000000001,-0.7,34.99202019855866
