Unnamed: 0,pixel,closest contour point,closest skeleton point,slope at nc,slope at ns,average slope,average angle
472,[ 285 1610],[ 279 1605],[ 307 1618],-1.785714285714286,-2.5,-1.964404614796288,63.02117141914896
215,[  51 1274],[  47 1278],[  72 1259],1.5,1.3461538461538465,1.4723394442162885,-55.815997826328896
2324,[ 255 1665],[ 243 1653],[ 262 1678],-1.0,-0.7000000000000001,-0.8395743837736566,40.01595865880534
228,[219 941],[239 961],[216 939],-0.7000000000000001,-0.7000000000000001,-0.7,34.99202019855866
2417,[ 330 2256],[ 342 2246],[ 314 2260],1.785714285714286,2.5,2.133157875737856,-64.88335400659881
1076,[152 987],[ 171 1006],[149 983],-0.7000000000000001,-0.7000000000000001,-0.6999999999999998,34.992020198558656
1930,[ 190 2108],[ 198 2099],[ 181 2125],0.6,0.7000000000000001,0.6384998650835597,-32.558225797661116
22,[327 676],[332 673],[305 688],1.785714285714286,1.3461538461538465,1.7027388056109618,-59.57474669494077
1651,[245 949],[249 954],[230 929],-0.7000000000000001,-0.7000000000000001,-0.7,34.99202019855866
951,[ 271 2188],[ 290 2169],[ 268 2191],0.8,1.0,0.9727272727272728,-44.207942907837605
2042,[  37 1163],[   9 1190],[  39 1163],2.5,inf,51.1216258469418,-88.87936910553492
1825,[ 46 490],[ 41 493],[ 69 479],1.3461538461538467,1.3461538461538465,1.34615,-53.39284682374126
2439,[ 273 1439],[ 259 1452],[ 282 1431],1.3461538461538465,1.3461538461538465,1.34615,-53.39284682374126
2022,[162 200],[184 222],[161 199],-0.6,-0.6,-0.6,30.96375653207353
2189,[160 994],[ 171 1006],[152 981],-0.7000000000000001,-0.7000000000000001,-0.7000000000000001,34.99202019855867
