Unnamed: 0,pixel,closest contour point,closest skeleton point,slope at nc,slope at ns,average slope,average angle
1187,[268 642],[247 663],[269 640],1.0,1.0,1.0,-44.99999999999999
1254,[  47 1220],[  25 1241],[  50 1219],1.7857142857142858,2.5,2.4327264345278077,-67.65432681201972
859,[288 866],[268 848],[291 869],-1.3461538461538465,-1.3461538461538465,-1.34615,53.39284682374126
2420,[217 933],[197 914],[219 936],-0.7000000000000001,-0.7000000000000001,-0.7,34.99202019855866
677,[ 298 2300],[ 293 2302],[ 320 2285],2.5,inf,3.005610273770393,-71.59714166368784
1478,[133 211],[115 193],[137 215],-0.7000000000000002,-0.7000000000000001,-0.7,34.99202019855866
1905,[274 625],[286 613],[264 635],1.0,0.8,0.8909090909090909,-41.69813432556499
2386,[ 64 476],[ 43 496],[ 66 474],1.3461538461538467,1.3461538461538465,1.34615,-53.39284682374126
889,[  56 2003],[  78 1982],[  54 2003],2.4999999999999996,1.7857142857142856,1.829783186186392,-61.3428292042059
499,[137 236],[148 247],[126 224],-0.8,-0.7000000000000002,-0.7511347063875242,36.911483875894824
