Unnamed: 0,pixel,closest contour point,closest skeleton point,slope at nc,slope at ns,average slope,average angle
1204,[253 907],[232 887],[255 909],-1.0,-1.0,-1.0,44.99999999999999
2061,[ 169 1719],[ 162 1713],[ 180 1738],-0.7000000000000001,-0.7000000000000001,-0.7,34.99202019855866
1196,[  67 1218],[  79 1208],[  53 1225],1.7857142857142856,2.5,2.142489820681601,-64.97934228945772
1027,[ 239 1420],[ 233 1426],[ 251 1400],1.0,0.7000000000000001,0.9199730487099697,-42.61321963083938
1362,[295  29],[290  25],[318  36],-2.5,-2.5,-2.5,68.19859051364821
1658,[ 347 1494],[ 349 1492],[ 319 1501],2.5,2.5,2.5,-68.19859051364821
1414,[284 921],[286 923],[264 901],-1.0,-1.0,-1.0,44.99999999999999
1657,[  69 1147],[  69 1147],,-2.5000000000000004,,-2.5000000000000004,68.19859051364821
