Unnamed: 0,pixel,closest contour point,closest skeleton point,slope at nc,slope at ns,average slope,average angle
422,[  40 1109],[  18 1088],[  44 1111],-2.5,-2.5,-2.5,68.19859051364821
863,[ 106 1325],[  99 1331],[ 120 1308],0.8,0.7000000000000001,0.7704901487393827,-37.61389736406428
991,[ 52 413],[ 69 397],[ 43 416],2.4999999999999996,2.5,2.5000000000000004,-68.19859051364821
920,[ 231 1409],[ 223 1417],[ 245 1395],0.7000000000000001,0.7000000000000001,0.6999999999999998,-34.992020198558656
1246,[ 246 1369],[ 253 1361],[ 231 1383],0.7000000000000001,0.7000000000000001,0.7,-34.99202019855866
252,[127 251],[134 258],[114 234],-1.0,-0.7000000000000002,-0.9051179639117484,42.148810620823554
2418,[ 101 1065],[ 102 1066],[  79 1045],-1.1764705882352942,-1.3461538461538465,-1.184174393905541,49.819904310429514
1962,[231 934],[249 954],[227 931],-0.7000000000000001,-0.8,-0.7843295793317974,38.10813927254523
