Unnamed: 0,pixel,closest contour point,closest skeleton point,slope at nc,slope at ns,average slope,average angle
736,[ 253 1424],[ 242 1434],[ 265 1412],1.0,1.0,1.0,-44.99999999999999
2344,[ 322 1527],[ 294 1536],[ 323 1527],2.5,inf,76.02720584926371,-89.24642139561881
1761,[123 552],[110 564],[132 541],0.8,0.7000000000000001,0.7445475745096349,-36.66943720377136
2012,[320 849],[333 861],[307 844],-1.7857142857142858,-2.5,-2.185362196980152,65.41163890121483
