Unnamed: 0,pixel,closest contour point,closest skeleton point,slope at nc,slope at ns,average slope,average angle
2363,[ 305 1578],[ 292 1568],[ 319 1583],-2.5,-2.5,-2.5,68.19859051364821
1557,[ 153 1329],[ 174 1308],[ 153 1331],0.7000000000000001,0.7000000000000001,0.7,-34.99202019855866
1292,[ 58 247],[ 57 246],[ 80 267],-1.3461538461538467,-1.3461538461538465,-1.3461500000000002,53.392846823741266
1351,[ 130 1282],[ 134 1278],[ 116 1304],0.8,0.7000000000000001,0.7821739643029805,-38.031592055767206
758,[ 314 1452],[ 327 1440],[ 302 1459],1.785714285714286,1.3461538461538465,1.5394920195045876,-56.99366045434161
1959,[ 126 1279],[ 130 1275],[ 108 1297],1.0,0.7000000000000001,0.9454545454545455,-43.39399701071776
1816,[  78 1877],[  80 1877],[  51 1868],-1.7857142857142856,-2.5,-1.8326094287566623,61.38002686339448
770,[  96 1240],[  97 1240],[  72 1258],1.3461538461538465,1.3461538461538465,1.3461499999999995,-53.39284682374126
2113,[223 930],[203 910],[225 932],-0.7000000000000001,-0.7000000000000001,-0.7,34.99202019855866
