Unnamed: 0,pixel,closest contour point,closest skeleton point,slope at nc,slope at ns,average slope,average angle
1662,[ 322 1596],[ 343 1615],[ 317 1594],-1.7857142857142858,-2.5,-2.3858746270269737,67.2598092802179
1424,[212 928],[197 914],[219 936],-0.7000000000000001,-0.7000000000000001,-0.7,34.99202019855866
