Unnamed: 0,pixel,closest contour point,closest skeleton point,slope at nc,slope at ns,average slope,average angle
1515,[184 931],[179 926],[197 951],-0.7000000000000001,-0.7000000000000001,-0.7,34.99202019855866
2441,[ 75 282],[ 94 301],[ 71 279],-1.5,-1.1764705882352942,-1.2272276740520571,50.82531201676663
242,[ 218 2149],[ 240 2127],[ 217 2149],0.6,0.6,0.6,-30.96375653207353
1204,[253 907],[232 887],[255 909],-1.0,-1.0,-1.0,44.99999999999999
2251,[  72 1876],[  78 1882],[  51 1868],-1.7857142857142856,-2.5,-1.9814930667811717,63.22129433714882
2235,[157 199],[136 178],[158 201],-0.6,-0.6,-0.6,30.96375653207353
