Unnamed: 0,pixel,closest contour point,closest skeleton point,slope at nc,slope at ns,average slope,average angle
1986,[  66 2055],[  56 2065],[  80 2045],1.1764705882352942,1.3461538461538465,1.253021310892084,-51.40764678178903
2324,[ 255 1665],[ 243 1653],[ 262 1678],-1.0,-0.7000000000000001,-0.8395743837736566,40.01595865880534
1893,[310 728],[292 744],[318 725],2.5,2.5,2.5,-68.19859051364821
