Unnamed: 0,pixel,closest contour point,closest skeleton point,slope at nc,slope at ns,average slope,average angle
1621,[435 215],[434 221],[440 183],0.3,0.3,0.3,-16.69924423399362
739,[142 583],[134 592],[155 559],0.5,0.5,0.5,-26.56505117707799
1606,[383 586],[354 553],[383 587],-0.3,-0.2,-0.2022255969555716,11.432492631767127
2119,[591 538],[587 520],[591 559],-0.3,0.0,-0.1597399983971249,9.0757511812877
982,[816 616],[832 599],[805 627],1.0,1.0,1.0,-44.99999999999999
1865,[ 34 440],[ 18 453],[ 53 432],2.5,2.5,2.5,-68.19859051364821
