Unnamed: 0,pixel,closest contour point,closest skeleton point,slope at nc,slope at ns,average slope,average angle
651,[386 626],[386 627],[381 588],0.0,-0.3,-0.0076282430095654,0.4370576522049059
919,[859 758],[828 758],[861 729],inf,inf,100.0,-89.42706130231674
2241,[201 585],[175 611],[202 579],0.3,0.3,0.2999999999999999,-16.69924423399362
