Unnamed: 0,pixel,closest contour point,closest skeleton point,slope at nc,slope at ns,average slope,average angle
775,[242 175],[268 208],[242 174],-0.3,0.0,-0.0069748134481632,0.3996208932994878
369,[415 202],[405 216],[421 180],0.3,0.3,0.3,-16.69924423399362
240,[642 589],[642 598],[642 561],0.0,0.0,0.0,0.0
83,[542 524],[542 523],[546 562],0.0,-0.3,-0.0076511198798668,0.4383683238245867
