Unnamed: 0,pixel,closest contour point,closest skeleton point,slope at nc,slope at ns,average slope,average angle
526,[848 703],[823 728],[854 701],2.5,1.7857142857142858,1.8940971897230017,-62.16791694036143
1360,[179 213],[193 227],[170 196],-0.3,-0.7000000000000002,-0.5028877410074106,26.697262522937272
1748,[753 198],[764 210],[745 176],-0.5,-0.3,-0.4179664876639024,22.683293006961996
1536,[814 178],[814 178],,-0.7000000000000001,,-0.7000000000000001,34.99202019855867
2009,[562 580],[569 598],[562 561],-0.3,0.0,-0.1487737600182837,8.46204093232436
2223,[ 75 373],[ 84 373],[ 48 373],inf,-2.5,-10.0,84.28940686250037
1769,[321 135],[326 130],[321 169],0.3,0.0,0.2483500075216746,-13.9472324127975
407,[315 590],[315 555],[315 593],0.0,0.0,0.0,0.0
1677,[812 605],[824 592],[798 620],0.8,0.7000000000000001,0.7536986022221657,-37.005282191665245
