Unnamed: 0,pixel,closest contour point,closest skeleton point,slope at nc,slope at ns,average slope,average angle
501,[ 37 481],[ 31 485],[ 66 468],1.7857142857142858,2.4999999999999996,1.9178107211487057,-62.46120729441051
1084,[301 183],[301 207],[301 169],0.0,0.0,0.0,0.0
1962,[188 205],[203 223],[184 190],-0.3,-0.3,-0.2999999999999999,16.69924423399362
938,[529 593],[534 602],[525 565],-0.3,-0.3,-0.2999999999999999,16.69924423399362
571,[891 708],[896 704],[859 716],2.5,2.5,2.5000000000000004,-68.19859051364821
1474,[310 598],[343 631],[310 593],-0.3,0.0,-0.0290309202682156,1.6628821558092286
650,[122 563],[109 576],[132 545],0.7000000000000001,0.7000000000000001,0.7,-34.99202019855866
1390,[469 592],[485 610],[468 574],-0.3,-0.3,-0.3,16.69924423399362
2074,[883 736],[901 723],[861 729],2.5,inf,4.904362045955231,-78.47536388897348
2336,[312 172],[312 207],[312 169],0.0,0.0,0.0,0.0
1074,[509 605],[509 606],[507 568],-0.2,-0.3,-0.2026278436317272,11.454632454240183
1780,[777 568],[782 562],[759 593],0.5,0.7000000000000001,0.5404507500010441,-28.38903793586259
821,[424 591],[446 617],[422 582],-0.3,-0.3,-0.3,16.69924423399362
624,[261 135],[261 131],[262 171],0.0,-0.3,-0.029989588956195,1.7177620289744011
450,[683 576],[660 600],[686 567],0.3,0.3,0.3,-16.69924423399362
