Unnamed: 0,pixel,closest contour point,closest skeleton point,slope at nc,slope at ns,average slope,average angle
838,[ 55 377],[ 84 377],[ 47 377],inf,inf,100.0,-89.42706130231674
327,[ 34 479],[ 30 483],[ 66 468],1.7857142857142858,2.4999999999999996,1.8880182623018569,-62.09180465369989
675,[379 177],[354 209],[379 174],0.3,0.3,0.3,-16.69924423399362
1199,[430 187],[405 216],[433 182],0.3,0.3,0.3,-16.69924423399362
492,[469 223],[467 227],[474 189],0.3,0.3,0.2999999999999999,-16.69924423399362
1338,[333 604],[356 630],[333 592],-0.3,0.0,-0.0770661599392181,4.40685509487307
1145,[855 698],[884 671],[853 698],1.7857142857142858,1.7857142857142858,1.78571,-60.751115041598325
2476,[744 179],[771 206],[742 177],-0.5,-0.5,-0.5,26.56505117707799
