Unnamed: 0,pixel,closest contour point,closest skeleton point,slope at nc,slope at ns,average slope,average angle
1486,[249 210],[249 211],[246 174],0.0,-0.3,-0.0080808551540744,0.4629888176032668
323,[578 208],[547 239],[578 202],0.3,0.0,0.0361151202441244,-2.0683450303620976
650,[122 563],[109 576],[132 545],0.7000000000000001,0.7000000000000001,0.7,-34.99202019855866
492,[469 223],[467 227],[474 189],0.3,0.3,0.2999999999999999,-16.69924423399362
2136,[674 538],[682 526],[674 564],0.3,0.3,0.3,-16.69924423399362
2082,[883 700],[892 691],[856 706],1.7857142857142858,2.5,2.010820246508555,-63.5584051913434
526,[848 703],[823 728],[854 701],2.5,1.7857142857142858,1.8940971897230017,-62.16791694036143
2056,[688 530],[688 527],[685 566],0.3,0.3,0.3,-16.69924423399362
1082,[242 203],[247 211],[234 176],-0.3,-0.3,-0.2999999999999999,16.69924423399362
1428,[667 214],[688 235],[666 199],-0.3,-0.3,-0.2999999999999999,16.69924423399362
883,[152 561],[127 588],[153 558],0.5,0.7000000000000001,0.6841723949907276,-34.378856584566854
142,[123 553],[103 572],[131 544],1.0,0.8,0.8607734347181764,-40.72099528674449
2030,[281 570],[281 555],[278 591],0.3,0.3,0.3,-16.69924423399362
1313,[888 697],[893 694],[856 706],2.5,2.5,2.5,-68.19859051364821
2434,[573 219],[556 240],[576 202],0.3,0.3,0.3,-16.69924423399362
308,[243 136],[241 134],[251 172],-0.3,-0.3,-0.3,16.69924423399362
750,[452 193],[428 220],[452 185],0.3,0.2,0.218130400474699,-12.30520363734056
1606,[383 586],[354 553],[383 587],-0.3,-0.2,-0.2022255969555716,11.432492631767127
423,[656 194],[632 165],[658 199],-0.3,-0.3,-0.3,16.69924423399362
1479,[492 596],[502 607],[486 571],-0.3,-0.3,-0.2999999999999999,16.69924423399362
2154,[736 161],[722 144],[743 176],-0.3,-0.3,-0.3,16.69924423399362
2098,[181 608],[178 612],[190 575],0.3,0.3,0.3,-16.69924423399362
1410,[728 551],[738 541],[718 575],0.5,0.3,0.4295396948668047,-23.24544306105873
239,[438 176],[462 148],[438 182],0.3,0.2,0.2139931319467544,-12.078728352200574
2155,[439 566],[422 543],[440 578],-0.3,-0.3,-0.3,16.69924423399362
