Unnamed: 0,pixel,closest contour point,closest skeleton point,slope at nc,slope at ns,average slope,average angle
2464,[366 612],[375 628],[366 590],-0.3,-0.3,-0.3,16.69924423399362
755,[ 78 416],[ 86 408],[ 51 417],2.4999999999999996,2.5,2.5,-68.19859051364821
464,[386 138],[386 135],[378 173],0.0,0.3,0.0231346730686165,-1.3252827247579688
2060,[823 137],[840 155],[812 127],-1.0,-1.0,-1.0,44.99999999999999
1945,[111 554],[ 97 567],[122 537],1.0,0.7000000000000001,0.85435851548204,-40.50920308099479
1395,[392 186],[371 211],[394 176],0.3,0.3,0.3,-16.69924423399362
1111,[650 201],[682 236],[650 200],-0.3,0.0,-0.0061953233281384,0.3549613380887134
829,[869   9],[901  39],[861  33],-2.5,inf,-6.834635221099925,81.67591334778412
1450,[897  41],[900  44],[861  38],-2.5,-2.5,-2.5,68.19859051364821
1779,[892 728],[901 723],[861 728],2.5,inf,3.330292753305403,-73.28635920812157
1507,[658 189],[644 164],[658 199],-0.3,-0.3,-0.3,16.69924423399362
715,[859 122],[863 126],[831 105],-1.3461538461538465,-1.3461538461538465,-1.3461499999999995,53.39284682374126
