Unnamed: 0,pixel,closest contour point,closest skeleton point,slope at nc,slope at ns,average slope,average angle
1523,[237 206],[242 212],[234 176],-0.3,-0.3,-0.3,16.69924423399362
971,[844 725],[826 740],[859 720],2.5,2.5,2.4999999999999996,-68.19859051364818
975,[252 572],[269 554],[252 589],0.3,0.0,0.1221298386173686,-6.9630414000361975
1483,[409 144],[410 139],[405 177],0.3,0.3,0.3,-16.69924423399362
200,[ 80 512],[ 61 531],[ 88 503],1.3461538461538467,1.3461538461538465,1.3461500000000002,-53.392846823741266
819,[832  31],[825  26],[861  33],-2.5,inf,-3.239822463910436,72.84669350318076
1387,[143 185],[130 172],[155 202],-0.6,-0.5,-0.5530921966225093,28.94663900268497
1327,[234 174],[204 142],[235 175],-0.3,-0.3,-0.3,16.69924423399362
874,[233 186],[253 210],[233 176],-0.3,-0.2,-0.2242477154150988,12.639351087632768
990,[762 124],[760 122],[786 150],-0.7000000000000002,-0.7000000000000001,-0.7,34.99202019855866
1833,[853 658],[868 643],[839 669],1.176470588235294,1.3461538461538465,1.2687218911317522,-51.75500501166367
116,[888 683],[889 683],[854 700],1.9999999999999996,1.7857142857142858,1.994507237453412,-63.371867830431064
1113,[609 548],[630 520],[609 559],0.3,0.0,0.0717391304347826,-4.103319785595088
548,[590 545],[570 521],[590 559],-0.3,0.0,-0.0928361468656817,5.30391690618296
892,[665 524],[665 523],[662 562],0.0,0.3,0.0076690572531181,-0.4393959993065415
757,[810 688],[806 690],[840 672],1.3461538461538465,1.7857142857142858,1.3972459953634744,-54.40894430228849
421,[470 598],[479 611],[468 574],-0.3,-0.3,-0.3,16.69924423399362
1146,[275 146],[267 131],[275 170],-0.3,0.0,-0.1756097560975609,9.960140308372775
810,[717 150],[715 147],[731 181],-0.3,-0.3,-0.3,16.69924423399362
2250,[180 199],[203 223],[178 192],-0.3,-0.3,-0.3,16.69924423399362
2107,[366 589],[343 554],[366 590],-0.3,-0.3,-0.3,16.69924423399362
1573,[447 212],[439 222],[451 185],0.3,0.3,0.3,-16.69924423399362
2425,[590 527],[587 520],[590 559],-0.3,0.0,-0.2423277206870667,13.621771428057947
404,[294 198],[294 207],[287 170],0.0,-0.3,-0.071312096175763,4.078977060480763
