Unnamed: 0,pixel,closest contour point,closest skeleton point,slope at nc,slope at ns,average slope,average angle
1174,[877  10],[902  33],[861  33],-2.5,inf,-5.531154580217243,79.75196284601961
123,[ 78 385],[ 84 385],[ 48 389],inf,2.5,15.110621625351294,-86.2137656759718
638,[662 170],[660 162],[667 198],-0.3,-0.3,-0.3,16.69924423399362
1046,[288 201],[288 207],[287 170],0.0,-0.3,-0.0486274564896057,2.7839550664981876
1644,[853  43],[826  22],[859  43],-2.5,-2.499999999999999,-2.4999999999999996,68.19859051364818
2157,[677 211],[698 233],[677 197],-0.3,-0.2,-0.2315217252566358,13.035544835598795
1922,[ 86 420],[ 88 418],[ 53 428],2.4999999999999996,2.5,2.5,-68.19859051364821
122,[ 93 556],[ 90 561],[116 532],0.7000000000000001,0.8,0.714923419446018,-35.56186445351209
1153,[751 146],[741 134],[762 166],-0.5,-0.5,-0.5,26.56505117707799
1794,[612 166],[612 165],[617 202],0.0,-0.3,-0.0080330826569937,0.4602518328149403
1086,[200 178],[175 151],[202 183],-0.3,-0.3,-0.3,16.69924423399362
2003,[663 198],[632 165],[663 199],-0.3,0.0,-0.0064827123998077,0.371426857223855
873,[ 46 437],[ 21 462],[ 54 435],1.7857142857142858,2.5,2.3649087889607,-67.07896283783549
1308,[893 738],[902 729],[861 729],2.5,inf,3.457230167075913,-73.86754569844844
749,[619 540],[630 520],[619 559],0.3,0.0,0.1362807449990745,-7.760503343026134
1617,[585 180],[585 165],[585 202],0.0,0.0,0.0,0.0
2146,[812 125],[785  99],[813 126],-1.0,-1.0,-1.0,44.99999999999999
443,[840 696],[819 717],[850 692],1.7857142857142858,2.5,2.3098995770038164,-66.59128451718705
1854,[698 607],[698 609],[709 573],0.3,0.3,0.3,-16.69924423399362
2129,[398 559],[392 548],[399 585],-0.3,-0.3,-0.3,16.69924423399362
