Unnamed: 0,pixel,closest contour point,closest skeleton point,slope at nc,slope at ns,average slope,average angle
1712,[400 581],[371 551],[400 585],-0.3,-0.2,-0.2087478938179826,11.791051569272607
1702,[331 160],[356 132],[327 169],0.3,0.3,0.3,-16.69924423399362
2388,[ 90 302],[100 312],[ 68 291],-1.7857142857142856,-2.4999999999999996,-2.0464708989802074,63.95773360967193
624,[261 135],[261 131],[262 171],0.0,-0.3,-0.029989588956195,1.7177620289744011
56,[852 694],[881 666],[851 694],1.7857142857142858,1.9999999999999996,1.9948127979898924,-63.37538429851538
263,[429 615],[429 620],[422 582],-0.3,-0.3,-0.3,16.69924423399362
