Unnamed: 0,pixel,closest contour point,closest skeleton point,slope at nc,slope at ns,average slope,average angle
1983,[144 505],[144 505],,0.7000000000000001,,0.7000000000000001,-34.99202019855867
1903,[314 181],[314 207],[314 169],0.0,0.0,0.0,0.0
2011,[289 196],[289 207],[287 170],0.0,-0.3,-0.0890044217328711,5.086175444866069
1644,[853  43],[826  22],[859  43],-2.5,-2.499999999999999,-2.4999999999999996,68.19859051364818
153,[138 212],[112 184],[138 213],-0.7000000000000002,-0.7000000000000001,-0.7,34.99202019855866
