Unnamed: 0,pixel,closest contour point,closest skeleton point,slope at nc,slope at ns,average slope,average angle
1830,[500 575],[527 603],[499 569],-0.3,-0.3,-0.3,16.69924423399362
2170,[421 174],[446 145],[420 179],0.3,0.3,0.3,-16.69924423399362
190,[589 190],[589 165],[589 202],0.0,0.0,0.0,0.0
328,[767 585],[787 565],[762 595],0.7000000000000001,0.7000000000000001,0.7,-34.99202019855866
1151,[629 224],[645 241],[629 202],-0.3,0.0,-0.1455500228698283,8.281249866579621
1874,[542 219],[530 237],[547 200],0.3,0.3,0.3,-16.69924423399362
1018,[462 548],[456 537],[469 573],-0.3,-0.3,-0.3,16.69924423399362
379,[283 632],[283 632],,0.3,,0.3,-16.69924423399362
2214,[308 619],[308 633],[308 593],0.0,0.0,0.0,0.0
