Unnamed: 0,pixel,closest contour point,closest skeleton point,slope at nc,slope at ns,average slope,average angle
2414,[623 571],[623 597],[625 560],0.0,0.3,0.209788291973699,-11.848160987860378
2092,[843 617],[846 614],[817 639],1.176470588235294,1.3461538461538465,1.1952654231327091,-50.08299282023773
1428,[667 214],[688 235],[666 199],-0.3,-0.3,-0.2999999999999999,16.69924423399362
651,[386 626],[386 627],[381 588],0.0,-0.3,-0.0076282430095654,0.4370576522049059
2452,[113 514],[132 494],[105 522],1.0,1.0,1.0,-44.99999999999999
1309,[843   2],[828   2],[861  33],inf,inf,100.0,-89.42706130231674
1906,[618 564],[618 597],[618 559],0.0,0.0,0.0,0.0
1711,[ 53 435],[ 22 464],[ 54 435],2.5,2.5,2.5,-68.19859051364821
