Unnamed: 0,pixel,closest contour point,closest skeleton point,slope at nc,slope at ns,average slope,average angle
1315,[754 612],[739 627],[764 597],0.6,0.7000000000000001,0.6540588291844329,-33.18704692107472
1217,[ 67 427],[ 86 408],[ 53 428],2.4999999999999996,2.5,2.5,-68.19859051364821
