Unnamed: 0,pixel,closest contour point,closest skeleton point,slope at nc,slope at ns,average slope,average angle
1957,[ 33 399],[ 10 419],[ 48 399],2.5,2.5,2.5,-68.19859051364821
1390,[469 592],[485 610],[468 574],-0.3,-0.3,-0.3,16.69924423399362
1089,[807 690],[806 690],[841 674],1.3461538461538465,1.3461538461538465,1.34615,-53.39284682374126
1381,[ 83 428],[ 90 425],[ 55 436],2.4999999999999996,2.5,2.5,-68.19859051364821
1821,[527 231],[523 236],[532 198],0.3,0.3,0.3,-16.69924423399362
