Unnamed: 0,pixel,closest contour point,closest skeleton point,slope at nc,slope at ns,average slope,average angle
222,[ 54 408],[ 84 395],[ 50 408],2.4999999999999996,2.5,2.5,-68.19859051364821
891,[712 230],[712 230],,-0.3,,-0.3,16.69924423399362
