Unnamed: 0,pixel,closest contour point,closest skeleton point,slope at nc,slope at ns,average slope,average angle
553,[165 602],[163 606],[180 571],0.3,0.5,0.3229867901312911,-17.89977123573607
768,[ 54 262],[ 44 254],[ 78 273],-1.3461538461538467,-1.7857142857142856,-1.4897242013533074,56.12791293335717
2270,[635 523],[635 520],[635 560],0.0,0.0,0.0,0.0
986,[ 71 470],[ 97 444],[ 68 471],2.4999999999999996,1.7857142857142856,1.842275984928251,-61.506587685772274
