Unnamed: 0,pixel,closest contour point,closest skeleton point,slope at nc,slope at ns,average slope,average angle
1788,[154 163],[133 144],[161 170],-1.3461538461538465,-1.3461538461538465,-1.34615,53.39284682374126
181,[192 578],[196 573],[169 600],1.0,1.176470588235294,1.02955626805358,-45.83433494536544
1732,[ 78 325],[ 90 334],[ 57 318],-2.4999999999999996,-2.5,-2.4999999999999996,68.19859051364818
509,[164 564],[176 552],[149 578],1.3461538461538465,1.3461538461538465,1.34615,-53.39284682374126
2490,[201 640],,[201 640],,1.3461538461538465,1.3461538461538465,-53.392925187392514
1388,[211  42],[202  36],[236  50],-2.4999999999999996,-2.4999999999999996,-2.5,68.19859051364821
