Unnamed: 0,pixel,closest contour point,closest skeleton point,slope at nc,slope at ns,average slope,average angle
932,[ 82 293],[100 309],[ 71 284],-1.7857142857142856,-1.3461538461538465,-1.5092830768959993,56.47288957492407
1148,[ 58 231],[ 58 231],,-1.3461538461538467,,-1.3461538461538467,53.392925187392514
521,[ 76 402],[ 84 402],[ 49 404],2.4999999999999996,2.5,2.5,-68.19859051364821
1406,[133 188],[111 167],[139 194],-1.0,-1.0,-1.0,44.99999999999999
1132,[115 523],[134 505],[106 530],1.3461538461538465,1.3461538461538465,1.34615,-53.39284682374126
1609,[277  11],[283  15],[241  32],-2.5,inf,-2.93255543303517,71.17064827699933
2023,[270 734],[280 726],[241 730],2.5,inf,3.5936327866848257,-74.44971318475646
2245,[223 613],[226 610],[196 633],1.3461538461538465,1.3461538461538465,1.3461500000000002,-53.392846823741266
102,[ 63 286],[ 38 263],[ 68 288],-1.7857142857142856,-1.7857142857142856,-1.78571,60.75111504159832
411,[ 62 462],[ 33 490],[ 63 462],1.7857142857142856,1.9999999999999996,1.9948127979898924,-63.37538429851538
33,[ 15 399],[  8 404],[ 47 393],2.5,2.5,2.5,-68.19859051364821
2224,[ 80 438],[ 90 428],[ 57 444],2.4999999999999996,2.5,2.4999999999999996,-68.19859051364818
2239,[249 724],[274 701],[241 728],2.5,2.4999999999999996,2.5,-68.19859051364821
164,[240  34],[208   4],[240  35],-2.4999999999999996,-2.4999999999999996,-2.5,68.19859051364821
792,[ 52 448],[ 26 474],[ 57 447],2.5,2.5,2.4999999999999996,-68.19859051364818
