Unnamed: 0,pixel,closest contour point,closest skeleton point,slope at nc,slope at ns,average slope,average angle
1446,[ 85 417],[ 87 417],[ 52 425],2.4999999999999996,2.5,2.5,-68.19859051364821
452,[156 168],[132 145],[161 170],-1.1764705882352942,-1.3461538461538465,-1.322493963004874,52.90535610704205
1581,[145 131],[144 131],[172 158],-1.0,-1.0,-1.0,44.99999999999999
