Unnamed: 0,pixel,closest contour point,closest skeleton point,slope at nc,slope at ns,average slope,average angle
433,[204 596],[211 591],[182 615],1.3461538461538465,1.3461538461538465,1.3461499999999995,-53.39284682374126
2497,[ 75 221],[ 69 216],[ 97 242],-1.3461538461538465,-1.3461538461538465,-1.3461500000000002,53.392846823741266
58,[152 140],[143 132],[171 159],-1.176470588235294,-1.176470588235294,-1.17647,49.63544929005889
1898,[202  61],[195  55],[228  74],-1.785714285714286,-1.7857142857142858,-1.78571,60.751115041598325
1408,[ 94 493],[113 476],[ 83 499],1.3461538461538465,1.3461538461538465,1.34615,-53.39284682374126
533,[193 661],[178 675],[208 651],1.5,1.3461538461538465,1.4181047391498436,-54.80979020840445
67,[ 30 410],[ 11 425],[ 49 410],2.5,inf,5.68518906234479,-80.02397024399117
1891,[197  97],[181  82],[210 107],-1.5,-1.3461538461538465,-1.4119766275311545,54.69284291841015
1281,[154 188],[176 210],[149 184],-1.3461538461538465,-1.3461538461538465,-1.34615,53.39284682374126
