Unnamed: 0,pixel,closest contour point,closest skeleton point,slope at nc,slope at ns,average slope,average angle
570,[ 85 516],[ 63 538],[ 91 512],1.3461538461538467,1.3461538461538465,1.34615,-53.39284682374126
1375,[ 56 456],[ 29 481],[ 60 456],1.7857142857142858,2.5,2.4299659710305743,-67.63144260216583
436,[ 72 424],[ 86 413],[ 53 430],2.4999999999999996,2.5,2.5,-68.19859051364821
2217,[ 69 263],[ 49 244],[ 79 268],-1.7857142857142856,-1.7857142857142856,-1.7857099999999997,60.751115041598304
