Unnamed: 0,pixel,closest contour point,closest skeleton point,slope at nc,slope at ns,average slope,average angle
117,[201 717],[199 717],[233 702],2.4999999999999996,2.4999999999999996,2.5,-68.19859051364821
277,[ 91 212],[ 80 202],[111 225],-1.0,-1.3461538461538465,-1.1329007658852273,48.56548289259006
836,[206 621],[223 606],[193 629],1.3461538461538465,1.3461538461538465,1.34615,-53.39284682374126
2021,[173 114],[165 106],[193 132],-1.3461538461538465,-1.3461538461538465,-1.34615,53.39284682374126
2379,[ 59 297],[ 33 272],[ 63 299],-1.7857142857142856,-2.5,-2.4212066419904117,67.55853260314174
1720,[122 601],[119 603],[149 579],1.0,1.3461538461538465,1.0324731042730375,-45.91534472336064
1107,[ 81 482],[104 461],[ 75 486],1.3461538461538465,1.7857142857142856,1.7030705592522857,-59.57962070704778
1228,[211 620],[224 607],[196 633],1.176470588235294,1.3461538461538465,1.258059991815362,-51.519701383047625
258,[ 28 292],[ 25 290],[ 60 306],-1.7857142857142858,-2.5,-1.852544636969109,61.6399126108486
1829,[259  44],[275  57],[239  44],-2.5,-2.4999999999999996,-2.4999999999999996,68.19859051364818
511,[198 629],[223 606],[195 632],1.3461538461538465,1.176470588235294,1.1953088035231103,-50.084016207949944
891,[ 87 493],[110 471],[ 81 496],1.7857142857142856,1.3461538461538465,1.4226672426107785,-54.89642244006291
255,[ 87 335],[ 89 337],[ 54 328],-2.4999999999999996,-2.5,-2.5,68.19859051364821
311,[ 60 409],[ 83 392],[ 50 413],2.4999999999999996,2.5,2.5,-68.19859051364821
1655,[148 602],[132 617],[161 592],1.1764705882352942,1.3461538461538465,1.2735503109555653,-51.86076606222736
2125,[140 226],[151 238],[124 211],-1.0,-1.1764705882352942,-1.075181455489347,47.07485324183457
1458,[ 34 409],[ 12 429],[ 49 409],2.5,inf,7.455356249106169,-82.36041434450533
2214,[109 264],[121 274],[ 91 251],-1.3461538461538465,-1.3461538461538465,-1.34615,53.39284682374126
1148,[ 58 231],[ 58 231],,-1.3461538461538467,,-1.3461538461538467,53.392925187392514
725,[159 572],[177 553],[149 578],1.176470588235294,1.3461538461538465,1.2938486183663072,-52.29999590303631
