Unnamed: 0,pixel,closest contour point,closest skeleton point,slope at nc,slope at ns,average slope,average angle
205,[165 150],[145 130],[172 158],-1.0,-1.0,-1.0,44.99999999999999
863,[144 628],[142 628],[170 602],1.3461538461538465,1.3461538461538465,1.34615,-53.39284682374126
873,[261  66],[270  73],[235  57],-2.5,-2.4999999999999996,-2.5,68.19859051364821
1,[ 78 391],[ 83 391],[ 48 394],2.5000000000000004,2.5,2.5,-68.19859051364821
418,[268  60],[273  64],[236  54],-2.5,-2.4999999999999996,-2.5,68.19859051364821
1948,[247  55],[269  76],[236  54],-1.7857142857142858,-2.4999999999999996,-2.30970216666602,66.58949912528324
1520,[ 51 467],[ 31 486],[ 63 463],1.7857142857142858,2.5,2.2754428459132816,-66.27571685856795
1116,[241 701],[266 679],[235 705],2.5,2.4999999999999996,2.5,-68.19859051364821
2181,[257 658],[257 658],,1.785714285714286,,1.785714285714286,-60.751173663453024
