Unnamed: 0,pixel,closest contour point,closest skeleton point,slope at nc,slope at ns,average slope,average angle
1857,[124 261],[128 265],[ 97 243],-1.176470588235294,-1.3461538461538465,-1.2016585393911765,50.23334277840465
333,[186 582],[195 572],[168 599],1.0,1.0,1.0,-44.99999999999999
507,[118 272],[121 274],[ 91 251],-1.3461538461538465,-1.3461538461538465,-1.34615,53.39284682374126
2308,[238  15],[208   4],[241  32],-2.4999999999999996,inf,-7.127482101967207,82.01341956185055
1255,[187 619],[213 593],[186 620],1.0,1.3461538461538465,1.3333296296296295,-53.13002595964749
1848,[187 192],[190 195],[161 171],-1.0,-1.3461538461538465,-1.0389916801508945,46.09553484989689
227,[115 177],[108 170],[135 198],-1.1764705882352942,-1.3461538461538465,-1.2196516994945945,50.65146079966046
1690,[ 39 289],[ 29 281],[ 64 296],-1.7857142857142858,-2.4999999999999996,-2.0216631628780743,63.68105627067996
