Unnamed: 0,pixel,closest contour point,closest skeleton point,slope at nc,slope at ns,average slope,average angle
1576,[213 640],[234 621],[204 644],1.3461538461538465,1.3461538461538465,1.34615,-53.39284682374126
487,[ 63 329],[ 86 349],[ 54 328],-2.4999999999999996,-2.5,-2.5000000000000004,68.19859051364821
437,[109 494],[119 485],[ 89 508],1.3461538461538465,1.3461538461538465,1.34615,-53.39284682374126
71,[246  43],[272  67],[239  43],-2.5,-2.4999999999999996,-2.5,68.19859051364821
785,[216  68],[197  50],[228  74],-1.785714285714286,-1.7857142857142858,-1.78571,60.75111504159832
