Unnamed: 0,pixel,closest contour point,closest skeleton point,slope at nc,slope at ns,average slope,average angle
1709,[195 133],[221 159],[193 133],-1.0,-1.3461538461538465,-1.3282932037982171,53.025890218115
1544,[125 180],[111 167],[139 194],-1.0,-1.0,-1.0,44.99999999999999
