Unnamed: 0,pixel,closest contour point,closest skeleton point,slope at nc,slope at ns,average slope,average angle
1142,[204 696],[194 704],[226 684],2.4999999999999996,1.785714285714286,2.258428866258391,-66.11692250891998
2423,[103 568],[ 94 576],[125 553],1.0,1.3461538461538465,1.1077926983796025,-47.92756067090034
1216,[268  29],[280  36],[241  32],-2.5,inf,-3.77846982555356,75.17611599974671
700,[134 506],[134 505],[106 530],1.3461538461538465,1.3461538461538465,1.34615,-53.39284682374126
1743,[196  94],[182  81],[210 107],-1.3461538461538465,-1.3461538461538465,-1.34615,53.39284682374126
1988,[185 561],[185 561],,1.0,,1.0,-44.99999999999999
1726,[113 180],[106 173],[135 198],-1.1764705882352942,-1.3461538461538465,-1.2202991846070002,50.66636959981751
1936,[ 85 554],[ 79 559],[111 537],1.1764705882352942,1.3461538461538465,1.2105601204530878,-50.44111764504819
1546,[ 71 276],[ 45 250],[ 74 277],-1.5,-1.7857142857142856,-1.763084081180122,60.43861617987401
1620,[ 67 508],[ 52 523],[ 81 497],1.5,1.3461538461538465,1.4163545883391084,-54.776459665399734
922,[218 693],[197 712],[228 688],1.7857142857142858,1.785714285714286,1.78571,-60.751115041598325
2438,[160 140],[147 128],[177 152],-1.0,-1.3461538461538465,-1.1590635270338263,49.21350905267395
744,[ 62 457],[ 91 431],[ 61 457],2.4999999999999996,1.7857142857142856,1.803590188409539,-60.99383683318218
818,[ 77 406],[ 84 402],[ 50 413],2.4999999999999996,2.5,2.5,-68.19859051364821
455,[ 96 284],[108 294],[ 78 271],-1.3461538461538465,-1.3461538461538465,-1.34615,53.39284682374126
1440,[226 674],[251 648],[223 676],1.3461538461538465,1.7857142857142858,1.7457639644603364,-60.19526625754204
