Unnamed: 0,pixel,closest contour point,closest skeleton point,slope at nc,slope at ns,average slope,average angle
1991,[ 69 445],[ 90 428],[ 58 448],2.4999999999999996,2.5,2.5,-68.19859051364821
1290,[228 717],[205 738],[237 715],2.4999999999999996,2.4999999999999996,2.5,-68.19859051364821
2170,[211 124],[232 144],[203 119],-1.3461538461538465,-1.3461538461538465,-1.34615,53.39284682374126
2303,[248 714],[271 692],[239 718],2.5,2.4999999999999996,2.5,-68.19859051364821
1884,[193 130],[166 104],[194 131],-1.176470588235294,-1.176470588235294,-1.17647,49.63544929005889
996,[ 74 540],[ 68 545],[ 97 520],1.1764705882352942,1.3461538461538465,1.211080911038726,-50.453217425451534
1225,[210 675],[189 694],[220 671],1.7857142857142858,1.785714285714286,1.78571,-60.75111504159832
2324,[ 77 450],[ 93 437],[ 61 457],2.4999999999999996,1.7857142857142856,2.1132995878346255,-64.6767834160901
