Unnamed: 0,pixel,closest contour point,closest skeleton point,slope at nc,slope at ns,average slope,average angle
1909,[ 78 447],[ 92 434],[ 60 454],2.4999999999999996,2.5,2.5,-68.19859051364821
2049,[ 80 425],[ 88 421],[ 53 430],2.4999999999999996,2.5,2.5,-68.19859051364821
1807,[115 171],[111 167],[138 195],-1.0,-1.0,-1.0,44.99999999999999
2446,[ 27 306],[ 21 301],[ 57 315],-2.5,-2.5,-2.5,68.19859051364821
194,[148 233],[152 237],[125 210],-1.176470588235294,-1.3461538461538465,-1.2016077777777776,50.23215271345393
