Unnamed: 0,pixel,closest contour point,closest skeleton point,slope at nc,slope at ns,average slope,average angle
295,[ 89 325],[ 92 328],[ 57 318],-2.4999999999999996,-2.5,-2.4999999999999996,68.19859051364818
144,[ 41 501],[ 39 501],[ 74 485],1.7857142857142856,1.7857142857142856,1.7857099999999997,-60.751115041598304
2246,[ 80 391],[ 83 391],[ 48 394],2.5000000000000004,2.5,2.5,-68.19859051364821
966,[199  80],[188  70],[220  91],-1.785714285714286,-1.7857142857142858,-1.7857099999999997,60.751115041598304
794,[198 136],[221 159],[193 133],-1.0,-1.3461538461538465,-1.2935301771814969,52.29317172744315
450,[210 136],[226 152],[199 125],-1.3461538461538465,-1.3461538461538465,-1.34615,53.39284682374126
