Unnamed: 0,pixel,closest contour point,closest skeleton point,slope at nc,slope at ns,average slope,average angle
1328,[128 244],[137 254],[110 227],-1.0,-1.1764705882352942,-1.0621305454442809,46.7257595336032
222,[244  49],[270  73],[238  46],-2.5,-1.785714285714286,-1.899546927151818,62.23582729259231
182,[ 97 552],[ 84 565],[111 537],1.1764705882352942,1.3461538461538465,1.256657234040335,-51.48856087805102
