Unnamed: 0,pixel,closest contour point,closest skeleton point,slope at nc,slope at ns,average slope,average angle
1295,[ 85 246],[ 63 224],[ 91 250],-1.3461538461538467,-1.3461538461538465,-1.34615,53.39284682374126
1400,[ 50 366],[ 83 370],[ 48 366],-2.4999999999999996,inf,-44.05192534648665,88.69958145140981
271,[106 468],[108 468],[ 74 484],1.3461538461538465,1.7857142857142856,1.3694212486567976,-53.861754750862495
64,[ 32 397],[ 10 419],[ 47 393],2.5,2.5,2.5,-68.19859051364821
