Unnamed: 0,pixel,closest contour point,closest skeleton point,slope at nc,slope at ns,average slope,average angle
2193,[ 187 2096],[ 190 2093],[ 171 2117],0.7000000000000001,0.7000000000000001,0.6999999999999998,-34.992020198558656
1253,[ 313 5461],[ 292 5443],[ 318 5463],-2.5,-2.5,-2.5,68.19859051364821
