Unnamed: 0,pixel,closest contour point,closest skeleton point,slope at nc,slope at ns,average slope,average angle
1464,[  45 3514],[  69 3497],[  43 3516],2.4999999999999996,2.5,2.5,-68.19859051364821
1307,[ 211 5219],[ 218 5212],[ 200 5237],0.6,0.7000000000000001,0.631939502726936,-32.290409527356886
2007,[ 346 3035],[ 347 3034],[ 318 3046],2.5,2.5,2.5,-68.19859051364821
721,[ 142 1787],[ 150 1796],[ 132 1770],-0.8,-0.7000000000000001,-0.7620912424563635,37.31070790833543
1432,[ 307 5357],[ 287 5377],[ 311 5354],2.5,1.785714285714286,1.8930114329635457,-62.15435056101489
74,[ 314 5493],[ 333 5512],[ 309 5490],-1.7857142857142858,-1.785714285714286,-1.78571,60.75111504159832
