Unnamed: 0,pixel,closest contour point,closest skeleton point,slope at nc,slope at ns,average slope,average angle
2488,[ 67 502],[ 56 513],[ 81 494],1.0,1.3461538461538465,1.1699710637541476,-49.47876057119995
1042,[ 131 4064],[ 127 4061],[ 146 4085],-0.7000000000000001,-0.7000000000000001,-0.7,34.99202019855866
320,[ 134 3641],[ 155 3620],[ 133 3642],0.7000000000000001,0.7000000000000001,0.7,-34.99202019855866
360,[ 210 4501],[ 207 4505],[ 224 4479],0.7000000000000001,0.7000000000000001,0.6999999999999998,-34.992020198558656
1809,[123 213],[108 198],[129 221],-0.8,-0.7000000000000001,-0.732037724101704,36.20553503896615
