Unnamed: 0,pixel,closest contour point,closest skeleton point,slope at nc,slope at ns,average slope,average angle
1004,[  52 3388],[  37 3375],[  62 3394],-1.3461538461538467,-1.7857142857142856,-1.6230350102095512,58.36154580353388
2361,[ 239 2914],[ 247 2906],[ 226 2929],0.8,0.7000000000000001,0.7636952249767327,-37.36879961576528
153,[ 214 5569],[ 206 5559],[ 224 5584],-0.7000000000000001,-0.7000000000000001,-0.7,34.99202019855866
2177,[ 127 2561],[ 142 2577],[ 121 2554],-0.8,-0.7000000000000001,-0.7295960595069411,36.11434300300792
