Unnamed: 0,pixel,closest contour point,closest skeleton point,slope at nc,slope at ns,average slope,average angle
21,[ 253 2197],[ 242 2208],[ 264 2186],0.7000000000000001,0.7000000000000001,0.7,-34.99202019855866
2350,[111 486],[114 483],[ 89 502],1.0,1.3461538461538465,1.04670258886106,-46.307174266330165
