Unnamed: 0,pixel,closest contour point,closest skeleton point,slope at nc,slope at ns,average slope,average angle
2018,[ 143 4421],[ 163 4401],[ 141 4423],0.7000000000000001,0.7000000000000001,0.7,-34.99202019855866
1304,[120 231],[141 252],[120 229],-0.8,-0.7000000000000002,-0.706309449842787,35.233922420115306
1913,[ 192 3276],[ 172 3256],[ 193 3279],-0.7000000000000001,-0.7000000000000001,-0.7,34.99202019855866
1673,[ 189 5614],[ 208 5633],[ 186 5610],-0.7000000000000001,-0.5,-0.5313774141823369,27.985167539538622
2091,[ 298 3766],[ 316 3748],[ 292 3768],1.5,1.3461538461538465,1.3767673884874352,-54.007629019939245
29,[ 118 5696],[ 120 5698],[  97 5676],-1.0,-1.0,-1.0,44.99999999999999
1162,[  91 4944],[  97 4948],[  72 4930],-1.3461538461538465,-1.3461538461538465,-1.3461500000000002,53.392846823741266
486,[ 342 2294],[ 353 2284],[ 323 2298],2.5,2.5,2.4999999999999996,-68.19859051364818
