Unnamed: 0,pixel,closest contour point,closest skeleton point,slope at nc,slope at ns,average slope,average angle
1497,[  59 3396],[  37 3375],[  61 3396],-1.3461538461538467,-1.7857142857142856,-1.7585882291224983,60.375796816244055
1257,[306  60],[285  40],[309  62],-1.785714285714286,-1.7857142857142858,-1.7857099999999997,60.751115041598304
464,[ 333 1629],[ 336 1630],[ 307 1619],-1.7857142857142858,-2.5,-1.858529219253407,61.71708804550902
