Unnamed: 0,pixel,closest contour point,closest skeleton point,slope at nc,slope at ns,average slope,average angle
727,[  22 1960],[  10 1969],[  40 1954],2.5,2.5,2.5,-68.19859051364821
2125,[ 299 1463],[ 279 1482],[ 303 1461],1.7857142857142858,1.3461538461538465,1.4074685393880944,-54.60637917800941
1105,[ 33 352],[ 12 333],[ 41 352],-2.5,-2.5,-2.5,68.19859051364821
1043,[ 112 4074],[ 110 4073],[ 131 4096],-0.8,-0.7000000000000001,-0.7928571428571429,38.40939123185112
589,[  45 1825],[  39 1821],[  66 1836],-1.3461538461538467,-1.3461538461538465,-1.34615,53.39284682374126
318,[ 197 4433],[ 203 4427],[ 185 4452],0.5,0.7000000000000001,0.5548189297851494,-29.022342604609296
570,[ 314 4567],[ 332 4549],[ 307 4568],1.785714285714286,2.5,2.3447195652173916,-66.90222560693526
1838,[ 203 2907],[ 221 2888],[ 201 2912],0.6,0.5,0.5170645199681878,-27.341880737686168
226,[ 239 1407],[ 226 1419],[ 249 1397],1.0,1.0,1.0,-44.99999999999999
