Unnamed: 0,pixel,closest contour point,closest skeleton point,slope at nc,slope at ns,average slope,average angle
1029,[  43 3548],[  25 3565],[  50 3544],1.7857142857142858,2.5,2.324539974513774,-66.72298050292227
383,[ 227 5232],[ 234 5223],[ 215 5247],0.7000000000000001,0.7000000000000001,0.7,-34.99202019855866
1266,[ 176 5199],[ 184 5190],[ 166 5215],0.6,0.7000000000000001,0.6389575128494802,-32.576849209205506
1921,[  96 2829],[ 115 2810],[  92 2832],1.0,1.1764705882352942,1.148784138596215,-48.96089988584391
