Unnamed: 0,pixel,closest contour point,closest skeleton point,slope at nc,slope at ns,average slope,average angle
2323,[ 157 2112],[ 137 2133],[ 159 2110],0.7000000000000001,0.7000000000000001,0.6999999999999998,-34.992020198558656
133,[  82 2545],[  82 2545],,-0.7000000000000001,,-0.7000000000000001,34.99202019855867
671,[ 277 5317],[ 262 5332],[ 284 5309],1.176470588235294,1.3461538461538465,1.2895063621892144,-52.20676014136622
819,[ 306 3951],[ 328 3971],[ 304 3950],-1.7857142857142858,-1.5,-1.519984449311936,56.65902350322198
471,[ 290 3176],[ 275 3162],[ 299 3182],-1.785714285714286,-1.3461538461538465,-1.4978837708487556,56.27258800452444
1904,[ 100 2588],[ 114 2602],[  92 2580],-1.3461538461538465,-1.0,-1.1258727272727271,48.388521651917536
1371,[ 315 5380],[ 293 5402],[ 319 5380],2.5,2.5,2.5,-68.19859051364821
1400,[ 266 3195],[ 257 3187],[ 283 3205],-1.0,-1.3461538461538465,-1.1312211642372978,48.5233038517199
1541,[ 115 5939],[ 129 5925],[ 107 5947],1.0,1.0,1.0,-44.99999999999999
586,[177 994],[181 999],[165 972],-0.6,-0.7000000000000001,-0.6203512493131642,31.81344759565084
2411,[  63 3401],[  83 3421],[  60 3399],-1.7857142857142856,-1.7857142857142856,-1.7857099999999997,60.751115041598304
712,[ 251 4789],[ 273 4811],[ 250 4789],-1.0,-0.8,-0.806228065847406,38.87673469118646
1720,[ 229 4828],[ 238 4838],[ 220 4812],-0.8,-0.7000000000000001,-0.7577078799311414,37.15149607015998
2283,[  89 2563],[  76 2551],[  99 2573],-1.0,-1.0,-1.0,44.99999999999999
2244,[ 213 1373],[ 192 1394],[ 215 1371],0.8,0.8,0.8000000000000002,-38.6598082540901
1037,[  80 4321],[  84 4319],[  57 4333],1.7857142857142856,1.7857142857142856,1.78571,-60.751115041598325
1724,[ 283 3016],[ 274 3023],[ 299 3005],1.3461538461538465,1.3461538461538465,1.34615,-53.39284682374126
1181,[  70 4284],[  71 4283],[  42 4285],2.4999999999999996,2.5,2.5,-68.19859051364821
2394,[ 279 4582],[ 278 4582],[ 307 4570],1.785714285714286,2.5,1.808412472801672,-61.05867026585277
1316,[ 229 2143],[ 243 2128],[ 221 2150],0.7000000000000001,0.7000000000000001,0.7,-34.99202019855866
