Unnamed: 0,pixel,closest contour point,closest skeleton point,slope at nc,slope at ns,average slope,average angle
1112,[ 111 5140],[ 115 5136],[  92 5157],1.0,1.3461538461538465,1.0628570598059457,-46.74531251539558
2159,[ 330 3864],[ 354 3841],[ 324 3864],2.5,inf,16.350641782162214,-86.50016789741376
68,[ 161 3265],[ 161 3263],[ 176 3290],-0.5,-0.7000000000000001,-0.512839129775048,27.150526256476873
