Unnamed: 0,pixel,closest contour point,closest skeleton point,slope at nc,slope at ns,average slope,average angle
1379,[ 130 1291],[ 138 1281],[ 121 1307],0.7000000000000001,0.7000000000000001,0.6999999999999998,-34.992020198558656
1069,[ 249 2935],[ 264 2919],[ 244 2943],1.0,0.7000000000000001,0.7902321625638368,-38.31692498495282
90,[ 212 4499],[ 207 4505],[ 224 4479],0.7000000000000001,0.7000000000000001,0.7,-34.99202019855866
796,[ 303 3994],[ 308 4000],[ 284 3980],-1.0,-1.3461538461538465,-1.0860688792604585,47.36262004972991
1998,[ 237 1356],[ 241 1351],[ 224 1377],0.6,0.7000000000000001,0.6205879617967268,-31.82324022910553
1374,[  24 3538],[  17 3545],[  46 3532],2.5,2.5,2.5,-68.19859051364821
1570,[  40 1116],[  16 1094],[  43 1116],-2.5,inf,-29.631367660166177,88.06711444834836
1389,[ 334 5485],[ 342 5493],[ 314 5479],-1.7857142857142858,-2.5,-2.0367253487633303,63.849690358601094
1242,[ 268 2441],[ 248 2422],[ 271 2444],-1.0,-1.0,-1.0,44.99999999999999
