Unnamed: 0,pixel,closest contour point,closest skeleton point,slope at nc,slope at ns,average slope,average angle
1944,[ 181 1774],[ 181 1774],,-0.7000000000000001,,-0.7000000000000001,34.99202019855867
411,[ 157 2901],[ 146 2914],[ 166 2890],0.7000000000000001,0.7000000000000001,0.7,-34.99202019855866
630,[ 112 3643],[  99 3656],[ 120 3633],0.8,0.7000000000000001,0.7410574790756166,-36.54057168235742
2325,[  75 1246],[  91 1230],[  68 1251],1.3461538461538465,1.3461538461538465,1.34615,-53.39284682374126
1506,[335 714],[346 705],[318 720],2.5,2.5,2.5,-68.19859051364821
1708,[ 225 3730],[ 218 3738],[ 239 3715],0.7000000000000001,0.8,0.73412738843087,-36.28341208885787
363,[ 168 5200],[ 179 5187],[ 160 5211],0.7000000000000001,0.7000000000000001,0.7,-34.99202019855866
1903,[257 659],[250 666],[272 643],1.0,1.0,1.0,-44.99999999999999
