Unnamed: 0,pixel,closest contour point,closest skeleton point,slope at nc,slope at ns,average slope,average angle
986,[  61 2737],[  70 2728],[  43 2741],2.4999999999999996,2.5,2.5,-68.19859051364821
549,[ 215 3710],[ 200 3725],[ 222 3702],0.7000000000000001,0.8,0.7666173751704471,-37.474400809978675
1334,[ 350 5395],[ 354 5391],[ 323 5400],2.5,2.5,2.5,-68.19859051364821
659,[174 949],[163 936],[181 961],-0.7000000000000001,-0.7000000000000001,-0.7,34.99202019855866
2317,[ 316 3184],[ 328 3196],[ 304 3175],-1.5,-1.3461538461538465,-1.4183335902031449,54.81414447432703
