Unnamed: 0,pixel,closest contour point,closest skeleton point,slope at nc,slope at ns,average slope,average angle
2054,[ 250 5528],[ 246 5525],[ 269 5547],-1.0,-1.0,-1.0,44.99999999999999
2030,[ 129 5688],[ 129 5689],[ 107 5667],-0.8,-1.0,-0.8063666261150414,38.88154582045619
2308,[ 215 2145],[ 236 2123],[ 214 2145],0.7000000000000001,0.7000000000000001,0.6999999999999998,-34.992020198558656
2171,[141 177],[141 175],[157 201],-0.7000000000000002,-0.7000000000000001,-0.7000000000000001,34.99202019855867
1855,[ 340 5467],[ 348 5475],[ 319 5462],-2.5,-2.5,-2.4999999999999996,68.19859051364818
1997,[  37 1891],[  15 1872],[  43 1891],-2.5,-2.5000000000000004,-2.4999999999999996,68.19859051364818
