Unnamed: 0,pixel,closest contour point,closest skeleton point,slope at nc,slope at ns,average slope,average angle
868,[ 479 6009],[ 485 6001],[ 471 6029],0.5,0.3,0.4365897844585824,-23.585590033619603
1048,[ 113 5658],[  96 5641],[ 117 5664],-0.7000000000000001,-0.7000000000000001,-0.7,34.99202019855866
