Unnamed: 0,pixel,closest contour point,closest skeleton point,slope at nc,slope at ns,average slope,average angle
36,[  73 4894],[  67 4889],[  90 4911],-1.0,-1.0,-1.0,44.99999999999999
1181,[ 593 3766],[ 595 3763],[ 569 3780],1.176470588235294,1.3461538461538465,1.1959596903309715,-50.09936604723647
