Unnamed: 0,pixel,closest contour point,closest skeleton point,slope at nc,slope at ns,average slope,average angle
456,[ 119 3341],[ 138 3362],[ 116 3339],-0.7000000000000001,-0.7000000000000001,-0.7000000000000001,34.99202019855867
346,[ 470 5227],[ 473 5221],[ 460 5249],0.3,0.3,0.3,-16.69924423399362
1922,[  66 1179],[  70 1177],[  42 1183],2.4999999999999996,2.5,2.5000000000000004,-68.19859051364821
377,[  67 1203],[  75 1196],[  49 1212],2.4999999999999996,2.5,2.4999999999999996,-68.19859051364818
2253,[ 345 3310],[ 347 3316],[ 338 3286],-0.3,-0.3,-0.3,16.69924423399362
774,[ 241 4841],[ 223 4817],[ 243 4845],-0.3,-0.3,-0.2999999999999999,16.69924423399362
477,[ 361 4060],[ 382 4088],[ 360 4059],-0.3,-0.3,-0.3,16.69924423399362
1496,[177 181],[173 176],[185 205],-0.3,-0.3,-0.3,16.69924423399362
638,[ 478 4051],[ 488 4062],[ 472 4035],-0.5,-0.3,-0.4069535377169735,22.144039330255648
1993,[ 254 5619],[ 232 5591],[ 254 5620],-0.3,-0.2,-0.2027315696629463,11.460341015692071
