Unnamed: 0,pixel,closest contour point,closest skeleton point,slope at nc,slope at ns,average slope,average angle
1517,[  73 3426],[  79 3430],[  51 3418],-1.7857142857142856,-2.5,-1.953924694143966,62.897066992590986
1276,[ 461 1371],[ 484 1348],[ 461 1372],0.3,0.3,0.3,-16.69924423399362
1789,[ 519 2942],[ 535 2926],[ 514 2949],0.7000000000000001,0.7000000000000001,0.7,-34.99202019855866
