Unnamed: 0,pixel,closest contour point,closest skeleton point,slope at nc,slope at ns,average slope,average angle
2043,[ 327 4865],[ 327 4869],[ 323 4838],0.0,-0.3,-0.038345165642654,2.1959403095178267
1230,[  59 1811],[  52 1804],[  77 1823],-1.0,-1.3461538461538465,-1.108671284849908,47.95015280452266
1574,[ 220 5640],[ 230 5654],[ 215 5626],-0.3,-0.3,-0.2999999999999999,16.69924423399362
654,[  19 4207],[  14 4202],[  43 4216],-2.5,-2.5,-2.4999999999999996,68.19859051364818
1467,[  63 5109],[  82 5090],[  59 5112],1.7857142857142856,1.7857142857142856,1.78571,-60.75111504159832
