Unnamed: 0,pixel,closest contour point,closest skeleton point,slope at nc,slope at ns,average slope,average angle
159,[ 148 5210],[ 137 5222],[ 156 5196],0.5,0.5,0.5,-26.56505117707799
1852,[ 329 2109],[ 340 2095],[ 329 2125],0.3,0.0,0.141992955915923,-8.081572515167167
2232,[ 485 2907],[ 489 2901],[ 478 2930],0.3,0.3,0.3,-16.69924423399362
2122,[235 965],[216 941],[235 969],-0.3,-0.3,-0.3,16.69924423399362
1560,[ 470 1687],[ 462 1679],[ 478 1705],-0.3,-0.3,-0.3,16.69924423399362
