Unnamed: 0,pixel,closest contour point,closest skeleton point,slope at nc,slope at ns,average slope,average angle
2411,[ 497 1353],[ 497 1353],,0.5,,0.5,-26.56505117707799
246,[ 604 6142],[ 615 6131],[ 588 6148],2.5,2.5,2.5,-68.19859051364821
380,[ 115 4099],[ 102 4086],[ 120 4111],-0.6,-0.7000000000000001,-0.6585786437626905,33.36804680720599
356,[ 142 4405],[ 159 4388],[ 139 4412],0.3,0.5,0.4518863063682411,-24.31755909584248
2128,[216 953],[206 943],[217 972],-0.3,-0.3,-0.3,16.69924423399362
2048,[ 288 3643],[ 288 3642],[ 285 3672],0.3,0.3,0.3,-16.69924423399362
1554,[  85 1800],[  70 1785],[  92 1808],-0.8235294117647058,-1.0,-0.9410896819632878,43.261658438625105
1117,[ 141 1744],[ 138 1740],[ 151 1768],-0.5,-0.3,-0.4677419354838709,25.067463438060475
332,[ 614 3920],[ 619 3921],[ 588 3916],-2.5,-2.5,-2.5000000000000004,68.19859051364821
