Unnamed: 0,pixel,closest contour point,closest skeleton point,slope at nc,slope at ns,average slope,average angle
1711,[ 225 1367],[ 223 1370],[ 227 1339],0.3,0.3,0.3,-16.69924423399362
203,[142 524],[156 509],[137 534],0.5,0.5,0.5,-26.56505117707799
952,[543 885],[522 864],[544 887],-1.0,-1.0,-1.0,44.99999999999999
1753,[ 130 4131],[ 137 4138],[ 118 4113],-0.7000000000000001,-0.7000000000000001,-0.7,34.99202019855866
