Unnamed: 0,pixel,closest contour point,closest skeleton point,slope at nc,slope at ns,average slope,average angle
1671,[526 656],[516 665],[539 643],1.0,1.0,1.0,-44.99999999999999
2258,[  14 4251],[   6 4251],[  38 4255],inf,-2.5,-10.103453162872771,84.34749923068337
272,[  98 5917],[ 110 5904],[  88 5926],1.0,1.0,1.0,-44.99999999999999
644,[ 576 1618],[ 553 1595],[ 576 1619],-2.5,-1.7857142857142858,-1.8070149743857633,61.03990879036697
964,[ 78 504],[ 63 518],[ 86 496],1.0,1.0,1.0,-44.99999999999999
1701,[  52 4132],[  51 4132],[  75 4152],-1.1764705882352942,-1.3461538461538465,-1.1818601743340356,49.76464555016528
