Unnamed: 0,pixel,closest contour point,closest skeleton point,slope at nc,slope at ns,average slope,average angle
1846,[475 931],,[475 931],,-0.3,-0.3,16.69924423399362
1156,[ 377 5213],[ 384 5201],[ 375 5231],0.3,0.3,0.2999999999999999,-16.69924423399362
922,[ 573 3734],[ 573 3734],,1.0,,1.0,-44.99999999999999
1229,[452 939],[428 915],[452 940],-0.3,-0.4,-0.3971380429629058,21.65990973420995
1144,[ 115 2070],[ 136 2048],[ 115 2071],0.6,0.7000000000000001,0.6968166869424793,-34.86942737932594
1757,[ 177 1775],[ 189 1787],[ 173 1760],-0.3,-0.3,-0.3,16.69924423399362
1973,[222 551],[236 534],[219 561],0.3,0.3,0.3,-16.69924423399362
2187,[ 416 4828],[ 441 4853],[ 416 4826],-0.3,-0.2,-0.2053539870079177,11.604588856197612
