Unnamed: 0,pixel,closest contour point,closest skeleton point,slope at nc,slope at ns,average slope,average angle
452,[ 488 4476],[ 505 4459],[ 485 4484],0.5,0.5,0.5,-26.56505117707799
1663,[ 600 2401],[ 606 2404],[ 578 2391],-2.5,-1.7857142857142858,-2.3448028416383333,66.90295990320146
132,[ 99 236],[ 84 222],[106 244],-0.7000000000000002,-0.7000000000000001,-0.7,34.99202019855866
