Unnamed: 0,pixel,closest contour point,closest skeleton point,slope at nc,slope at ns,average slope,average angle
1245,[ 210 5221],[ 193 5241],[ 211 5213],0.3,0.3,0.3,-16.69924423399362
23,[ 288 6019],[ 284 6030],[ 294 6000],0.3,0.3,0.3,-16.69924423399362
2286,[  49 5729],[  31 5712],[  56 5733],-1.5,-1.7857142857142856,-1.7155274636608804,59.761616306441574
1503,[585  72],[601  87],[577  67],-1.3461538461538465,-1.7857142857142858,-1.653501835411466,58.83541305332973
