Unnamed: 0,pixel,closest contour point,closest skeleton point,slope at nc,slope at ns,average slope,average angle
1553,[  38 5030],,[  38 5030],,-2.5,-2.5,68.19859051364821
103,[  36 5910],[  35 5910],[  62 5894],1.7857142857142856,1.3461538461538467,1.7717684055824303,-60.55927606043041
1852,[ 329 2109],[ 340 2095],[ 329 2125],0.3,0.0,0.141992955915923,-8.081572515167167
498,[ 486 1670],[ 484 1668],[ 501 1694],-0.5,-0.7000000000000001,-0.5181714966922467,27.391903352046615
135,[ 541 3710],[ 543 3707],[ 523 3731],0.8,0.7000000000000001,0.7884674706341,-38.25462994333155
1318,[ 599 5364],[ 614 5352],[ 586 5367],2.5,2.5,2.5,-68.19859051364821
2120,[ 326 4456],[ 309 4481],[ 326 4451],0.3,0.0,0.0425744087440865,-2.437861707559644
318,[  26 4226],[  11 4214],[  41 4229],-2.5,-2.5,-2.5,68.19859051364821
1275,[ 492 3715],[ 472 3737],[ 493 3713],0.3,0.6,0.5790160134626693,-30.071528457609993
709,[577 682],[596 663],[573 685],1.3461538461538465,1.3461538461538465,1.3461500000000002,-53.392846823741266
119,[ 470 1692],[ 459 1680],[ 476 1706],-0.5,-0.5,-0.5,26.56505117707799
2233,[ 100 1000],[ 91 992],[ 112 1015],-0.8,-0.7000000000000001,-0.7614680900382078,37.28811484544873
950,[  42 1175],[  68 1155],[  40 1175],0.8333333333333334,inf,14.500958218315718,-86.0550736443571
718,[ 480 4509],[ 475 4514],[ 490 4487],0.5,0.5,0.5,-26.56505117707799
1794,[  54 5109],[  32 5129],[  56 5107],1.7857142857142858,1.7857142857142856,1.7857099999999997,-60.751115041598304
