Unnamed: 0,pixel,closest contour point,closest skeleton point,slope at nc,slope at ns,average slope,average angle
118,[ 183 4839],[ 175 4828],[ 190 4856],-0.3,-0.3,-0.3,16.69924423399362
2036,[ 240 2868],[ 240 2861],[ 240 2891],0.3,0.2,0.2766666666666666,-15.46499241462532
2174,[  79 1845],[  91 1857],[  66 1838],-1.1764705882352942,-1.3461538461538465,-1.2672067285376196,51.721714634577104
2421,[ 569 3767],[ 586 3750],[ 562 3770],1.176470588235294,1.3461538461538465,1.3053303423228158,-52.54464998473277
1677,[  36 4203],[  19 4187],[  46 4205],-2.5,-2.5,-2.5,68.19859051364821
1186,[361 579],[340 606],[361 577],0.3,0.0,0.0165721763737431,-0.9494288538196228
1681,[ 570 5345],[ 551 5363],[ 575 5342],2.5,1.7857142857142858,1.9158518995874156,-62.437196509730825
1348,[  88 5676],[  72 5660],[  94 5683],-1.0,-1.0,-1.0,44.99999999999999
766,[ 591 3148],[ 612 3166],[ 586 3145],-2.5,-1.7857142857142858,-1.910076742549884,62.36618087694378
