Unnamed: 0,pixel,closest contour point,closest skeleton point,slope at nc,slope at ns,average slope,average angle
1512,[ 275 5195],[ 278 5192],[ 270 5221],0.3,0.3,0.2999999999999999,-16.69924423399362
2032,[ 214 4085],[ 231 4103],[ 211 4076],-0.3,-0.3,-0.3,16.69924423399362
124,[ 524 4758],[ 514 4749],[ 536 4771],-0.7000000000000001,-0.7000000000000001,-0.7,34.99202019855866
1356,[ 246 1323],[ 254 1312],[ 240 1340],0.3,0.3,0.3,-16.69924423399362
1501,[ 361 5624],[ 373 5640],[ 359 5610],-0.3,-0.3,-0.2999999999999999,16.69924423399362
2441,[ 402 1741],[ 414 1757],[ 402 1727],-0.3,0.0,-0.1235294117647058,7.042039173729401
