Unnamed: 0,pixel,closest contour point,closest skeleton point,slope at nc,slope at ns,average slope,average angle
1119,[453 956],[464 969],[450 941],-0.3,-0.3,-0.3,16.69924423399362
128,[  34 2736],[  13 2756],[  41 2733],2.5,2.5,2.5,-68.19859051364821
794,[  41 3488],[  68 3482],[  39 3488],0.8333333333333334,inf,12.357714473893822,-85.37364236765949
1250,[ 182 3669],[ 168 3683],[ 186 3656],0.3,0.3,0.3,-16.69924423399362
1481,[ 180 4439],[ 164 4457],[ 181 4430],0.3,0.3,0.3,-16.69924423399362
1048,[ 113 5658],[  96 5641],[ 117 5664],-0.7000000000000001,-0.7000000000000001,-0.7,34.99202019855866
1915,[ 460 4463],[ 474 4446],[ 458 4473],0.3,0.3,0.3,-16.69924423399362
2045,[ 260 4069],[ 287 4096],[ 260 4068],-0.3,-0.2,-0.2025520772947202,11.450462508693274
