Unnamed: 0,pixel,closest contour point,closest skeleton point,slope at nc,slope at ns,average slope,average angle
1302,[  64 3371],[  44 3352],[  74 3376],-1.3461538461538467,-1.7857142857142856,-1.6589401977728848,58.91865909705312
1124,[  79 3449],[  85 3452],[  50 3447],-2.4999999999999996,-2.5,-2.5,68.19859051364821
