Unnamed: 0,pixel,closest contour point,closest skeleton point,slope at nc,slope at ns,average slope,average angle
457,[  85 2841],[  63 2863],[  91 2837],1.3461538461538467,1.3461538461538465,1.34615,-53.39284682374126
1759,[227  28],[206  14],[240  32],-2.4999999999999996,inf,-7.13899453225268,82.02613303153495
2036,[  99 5996],[  93 6001],[ 121 5974],1.1764705882352942,1.0,1.1410596616411612,-48.76937647544009
1885,[ 232 6158],[ 207 6180],[ 240 6158],2.4999999999999996,2.4999999999999996,2.5,-68.19859051364821
578,[  58 4208],[  84 4232],[  53 4206],-2.4999999999999996,-2.5,-2.5,68.19859051364821
2247,[ 135 7551],[ 113 7573],[ 140 7545],1.0,1.0,1.0,-44.99999999999999
