Unnamed: 0,pixel,closest contour point,closest skeleton point,slope at nc,slope at ns,average slope,average angle
1789,[ 201 4008],[ 223 4031],[ 196 4004],-1.176470588235294,-1.3461538461538465,-1.317730962410996,52.80585545845872
98,[ 172 2536],[ 173 2538],[ 146 2511],-1.0,-1.0,-1.0,44.99999999999999
2465,[  83 7534],[  80 7536],[ 110 7512],1.0,1.3461538461538465,1.0324731042730375,-45.91534472336064
