Unnamed: 0,pixel,closest contour point,closest skeleton point,slope at nc,slope at ns,average slope,average angle
863,[ 65 274],[ 43 253],[ 73 277],-1.3461538461538467,-1.7857142857142856,-1.6893082343558807,59.37623727670826
608,[ 151 1380],[ 135 1395],[ 165 1371],1.0,1.3461538461538465,1.196802499956569,-50.11922739113496
1041,[ 215 2243],[ 196 2260],[ 227 2237],1.7857142857142858,1.785714285714286,1.78571,-60.75111504159832
930,[ 183 6807],[ 205 6785],[ 177 6810],1.176470588235294,1.3461538461538465,1.3160542599751823,-52.77071985401858
