Unnamed: 0,pixel,closest contour point,closest skeleton point,slope at nc,slope at ns,average slope,average angle
1194,[ 160 5652],[ 160 5653],[ 133 5626],-1.0,-1.0,-1.0,44.99999999999999
669,[ 121 6732],[ 140 6713],[ 111 6737],1.0,1.3461538461538465,1.2444408222003482,-51.21555446823125
110,[  23 6669],[  23 6669],,1.9999999999999996,,1.9999999999999996,-63.43494882292201
1368,[ 148 4795],[ 139 4787],[ 170 4810],-1.0,-1.3461538461538465,-1.1077926983796025,47.92756067090034
