Unnamed: 0,pixel,closest contour point,closest skeleton point,slope at nc,slope at ns,average slope,average angle
95,[ 145 6057],[ 145 6057],,1.3461538461538465,,1.3461538461538465,-53.392925187392514
393,[ 205 4027],[ 217 4039],[ 190 4012],-1.176470588235294,-1.3461538461538465,-1.2518833333333332,51.382263156216645
2235,[  71 7315],[  85 7328],[  52 7310],-2.4999999999999996,-2.5,-2.5,68.19859051364821
1770,[214 106],[239 132],[211 105],-1.3461538461538465,-1.3461538461538465,-1.3461499999999995,53.39284682374126
1685,[  42 5783],[  12 5757],[  48 5783],-2.5,-2.5,-2.4999999999999996,68.19859051364818
1068,[ 230 4766],[ 243 4777],[ 212 4755],-1.3461538461538465,-1.3461538461538465,-1.34615,53.39284682374126
1604,[  44 2698],[  10 2666],[  46 2698],-2.5,-2.5000000000000004,-2.5,68.19859051364821
1325,[ 111 4066],[  99 4055],[ 127 4082],-1.0,-1.0,-1.0,44.99999999999999
