Unnamed: 0,pixel,closest contour point,closest skeleton point,slope at nc,slope at ns,average slope,average angle
2273,[ 206 3965],[ 187 3946],[ 216 3972],-1.5,-1.3461538461538465,-1.3942088879855947,54.34991775636694
1108,[ 152 2492],[ 130 2471],[ 158 2498],-1.176470588235294,-1.0,-1.0384944082019347,46.081830299210914
181,[ 224 3912],[ 205 3896],[ 238 3914],-2.4999999999999996,-2.4999999999999996,-2.5,68.19859051364821
84,[ 170 2200],[ 164 2205],[ 194 2181],1.176470588235294,1.3461538461538465,1.210962942047939,-50.45047713669561
2469,[ 256 1645],[ 259 1647],[ 224 1632],-1.7857142857142858,-2.4999999999999996,-1.8532256203481767,61.64871384274274
