Unnamed: 0,pixel,closest contour point,closest skeleton point,slope at nc,slope at ns,average slope,average angle
1101,[ 176 5294],[ 164 5305],[ 192 5279],1.3461538461538465,1.3461538461538465,1.3461499999999995,-53.39284682374126
1548,[  35 1970],[  14 1989],[  50 1970],2.5,2.5,2.5000000000000004,-68.19859051364821
18,[  24 1168],[   8 1180],[  46 1164],2.5,2.5,2.4999999999999996,-68.19859051364818
2064,[  97 1748],[  89 1741],[ 118 1766],-1.0,-1.3461538461538465,-1.0961019142275703,47.62505406656303
571,[159 192],[176 209],[149 182],-1.0,-1.0,-1.0,44.99999999999999
1306,[ 214 3064],[ 206 3071],[ 240 3058],2.4999999999999996,2.4999999999999996,2.5,-68.19859051364821
1901,[  17 4248],[   7 4243],[  46 4248],-2.5,-2.5000000000000004,-2.5000000000000004,68.19859051364821
78,[ 206 5596],[ 209 5599],[ 178 5577],-1.0,-1.3461538461538465,-1.0385654202487629,46.08378777032027
