Unnamed: 0,pixel,closest contour point,closest skeleton point,slope at nc,slope at ns,average slope,average angle
2370,[ 153 5601],[ 127 5576],[ 154 5603],-1.3461538461538465,-1.0,-1.0202063941267043,45.57306149530348
1923,[219 905],[232 918],[203 893],-1.5,-1.3461538461538465,-1.4263119885728035,54.965361668748024
1087,[ 228 6067],[ 240 6056],[ 210 6079],1.3461538461538465,1.3461538461538465,1.3461500000000002,-53.392846823741266
2202,[ 230 6148],[ 206 6172],[ 238 6148],2.4999999999999996,2.4999999999999996,2.5,-68.19859051364821
2087,[ 166 1422],[ 161 1426],[ 192 1403],1.176470588235294,1.3461538461538465,1.2046131159778084,-50.30250819612974
