Unnamed: 0,pixel,closest contour point,closest skeleton point,slope at nc,slope at ns,average slope,average angle
1415,[ 216 3195],[ 188 3169],[ 217 3196],-1.785714285714286,-1.5,-1.510197186711554,56.48886078604011
790,[  95 2009],[ 101 2005],[  70 2026],1.7857142857142856,1.3461538461538465,1.7010568763622984,-59.55001461726946
601,[ 144 6773],[ 170 6746],[ 143 6773],1.0,1.0,1.0,-44.99999999999999
914,[  58 5784],[  83 5790],[  49 5782],-2.4999999999999996,-2.5,-2.5,68.19859051364821
373,[ 102 7254],[ 112 7263],[  81 7241],-1.7857142857142856,-1.3461538461538465,-1.6307061821485125,58.4820728401086
770,[ 127 1038],[ 128 1039],[  98 1016],-1.0,-1.3461538461538465,-1.0129454738220054,45.36847038235306
1053,[ 126 3649],[ 150 3624],[ 123 3650],1.3461538461538465,1.3461538461538465,1.34615,-53.39284682374126
1034,[171 143],[150 123],[178 150],-1.0,-1.0,-1.0,44.99999999999999
1770,[214 106],[239 132],[211 105],-1.3461538461538465,-1.3461538461538465,-1.3461499999999995,53.39284682374126
1307,[ 45 428],[ 18 452],[ 51 426],2.5,2.5,2.5,-68.19859051364821
713,[ 62 455],[ 90 428],[ 61 456],2.4999999999999996,1.7857142857142856,1.8107688107272577,-61.09025396274108
1743,[ 279 3899],[ 281 3899],[ 242 3894],-2.5,-2.4999999999999996,-2.5000000000000004,68.19859051364821
159,[ 225 4693],[ 204 4676],[ 236 4698],-2.4999999999999996,-2.4999999999999996,-2.5,68.19859051364821
1846,[ 235 2280],[ 207 2304],[ 240 2280],2.4999999999999996,inf,20.939088914585778,-87.2657702793956
451,[ 99 567],[ 92 573],[122 549],1.0,1.3461538461538465,1.0830523486538222,-47.28320232790028
