Unnamed: 0,pixel,closest contour point,closest skeleton point,slope at nc,slope at ns,average slope,average angle
1253,[ 194 6014],[ 202 6006],[ 175 6033],1.0,1.0,1.0,-44.99999999999999
1764,[  48 1824],[  37 1814],[  69 1835],-1.7857142857142856,-1.3461538461538465,-1.616301460382937,58.25506771268546
1360,[ 159 1770],[ 163 1774],[ 136 1747],-1.176470588235294,-1.176470588235294,-1.17647,49.63544929005889
555,[ 215 4483],[ 221 4479],[ 192 4503],1.3461538461538465,1.3461538461538465,1.34615,-53.39284682374126
1261,[ 51 443],[ 24 469],[ 55 440],1.7857142857142858,1.7857142857142856,1.78571,-60.75111504159832
135,[ 58 501],[ 46 512],[ 77 490],1.3461538461538467,1.3461538461538465,1.3461500000000002,-53.392846823741266
