Unnamed: 0,pixel,closest contour point,closest skeleton point,slope at nc,slope at ns,average slope,average angle
225,[ 236 6950],[ 207 6955],[ 242 6950],2.4999999999999996,2.4999999999999996,2.4999999999999996,-68.19859051364818
606,[  65 5937],[  52 5948],[  83 5926],1.3461538461538467,1.3461538461538465,1.34615,-53.39284682374126
1359,[246 672],[258 661],[225 680],1.785714285714286,1.5624999999999991,1.6919422742617996,-59.415353671972746
