Unnamed: 0,pixel,closest contour point,closest skeleton point,slope at nc,slope at ns,average slope,average angle
1715,[ 104 4936],[ 109 4942],[  77 4922],-1.3461538461538465,-1.7857142857142856,-1.4359644555682356,55.14679853990579
1433,[ 238 3916],,[ 238 3916],,inf,inf,90.0
1532,[ 252 5381],[ 275 5358],[ 241 5385],2.5,2.4999999999999996,2.5000000000000004,-68.19859051364821
1538,[ 124 5689],[ 127 5691],[  99 5666],-1.3461538461538465,-1.3461538461538465,-1.34615,53.39284682374126
1307,[ 45 428],[ 18 452],[ 51 426],2.5,2.5,2.5,-68.19859051364821
110,[  23 6669],[  23 6669],,1.9999999999999996,,1.9999999999999996,-63.43494882292201
1068,[ 230 4766],[ 243 4777],[ 212 4755],-1.3461538461538465,-1.3461538461538465,-1.34615,53.39284682374126
990,[ 185 3184],[ 181 3182],[ 214 3200],-1.785714285714286,-1.3461538461538465,-1.733419268289525,60.01959014681229
1250,[218 162],[218 162],,-1.3461538461538465,,-1.3461538461538465,53.392925187392514
