Unnamed: 0,pixel,closest contour point,closest skeleton point,slope at nc,slope at ns,average slope,average angle
1396,[  35 4147],[  33 4147],[  66 4166],-1.7857142857142856,-1.3461538461538465,-1.7627919699737675,60.43454194884217
2070,[  69 2769],[  89 2751],[  58 2774],2.4999999999999996,2.5,2.4999999999999996,-68.19859051364818
