Unnamed: 0,pixel,closest contour point,closest skeleton point,slope at nc,slope at ns,average slope,average angle
190,[ 234 4617],[ 207 4630],[ 241 4617],2.4999999999999996,2.4999999999999996,2.4999999999999996,-68.19859051364818
1014,[ 155 5977],[ 165 5966],[ 137 5991],1.176470588235294,1.3461538461538465,1.2434331763677886,-51.19289044754966
2394,[  88 1011],[ 68 991],[  95 1019],-1.0,-1.1764705882352942,-1.1282641685038872,48.44887514433963
1987,[ 195 2901],[ 197 2900],[ 170 2926],1.3461538461538465,1.3461538461538465,1.34615,-53.39284682374126
2476,[ 190 3005],[ 184 3010],[ 215 2988],1.7857142857142858,1.3461538461538465,1.6954673274629586,-59.467560904638894
1013,[ 201 6804],[ 212 6793],[ 182 6816],1.0,1.3461538461538465,1.141599657897502,-48.782813050692326
221,[  88 5878],[  96 5871],[  65 5892],2.4999999999999996,1.5624999999999991,2.234642408659261,-65.8915370322554
1783,[ 143 4058],[ 119 4034],[ 146 4061],-1.0,-1.176470588235294,-1.156862222222222,49.159629481762565
1952,[ 260 2244],[ 269 2238],[ 235 2256],2.5,2.4999999999999996,2.5,-68.19859051364821
