Unnamed: 0,pixel,closest contour point,closest skeleton point,slope at nc,slope at ns,average slope,average angle
895,[ 202 3270],[ 207 3276],[ 180 3250],-1.3461538461538465,-1.3461538461538465,-1.3461500000000002,53.392846823741266
1120,[ 33 376],[  8 354],[ 46 376],-2.5,inf,-8.904163771287198,83.59213288031542
1035,[ 151 3637],[ 156 3631],[ 129 3658],1.0,1.0,1.0,-44.99999999999999
911,[ 38 485],[ 33 489],[ 66 470],1.7857142857142856,1.7857142857142856,1.78571,-60.751115041598325
