Unnamed: 0,pixel,closest contour point,closest skeleton point,slope at nc,slope at ns,average slope,average angle
914,[ 225 2229],[ 252 2201],[ 224 2230],1.3461538461538465,1.5,1.494602615141765,-56.21454189662166
2285,[ 206 2347],[ 205 2346],[ 240 2354],-2.4999999999999996,-2.4999999999999996,-2.4999999999999996,68.19859051364818
550,[  34 3571],[  27 3578],[  62 3562],1.7857142857142858,2.5,1.9655889716152737,-63.03513062215675
987,[  44 1220],[  22 1240],[  54 1214],1.7857142857142858,2.5,2.2987637592396193,-66.49016828104877
49,[272 807],[279 812],[241 802],-2.5,-2.4999999999999996,-2.5,68.19859051364821
45,[  64 2768],[  87 2745],[  56 2768],2.4999999999999996,2.5,2.5,-68.19859051364821
915,[  97 2589],[ 116 2606],[  86 2583],-1.3461538461538465,-1.3461538461538465,-1.34615,53.39284682374126
1593,[  38 2723],[  10 2746],[  47 2723],2.5,inf,12.565372739996352,-85.4497748823036
2003,[  76 3384],[ 101 3407],[  72 3382],-1.7857142857142856,-1.7857142857142856,-1.78571,60.751115041598325
