Unnamed: 0,pixel,closest contour point,closest skeleton point,slope at nc,slope at ns,average slope,average angle
778,[  78 2731],[  84 2730],[  49 2736],2.4999999999999996,2.5,2.5,-68.19859051364821
669,[  21 1926],[   7 1917],[  46 1926],-2.5,inf,-4.164331697709324,76.49697659439013
