Unnamed: 0,pixel,closest contour point,closest skeleton point,slope at nc,slope at ns,average slope,average angle
2187,[ 89 196],[ 86 194],[116 218],-1.0,-1.3461538461538465,-1.0324731042730375,45.91534472336064
1180,[133 562],[106 589],[133 561],1.0,1.0,1.0,-44.99999999999999
59,[  20 2709],[   7 2720],[  46 2709],2.5,inf,4.137440996723693,-76.41245932163127
1898,[200 853],[189 842],[221 862],-1.785714285714286,-2.4999999999999996,-2.0750507086636247,64.26984199367052
1075,[  79 1128],[  84 1132],[  49 1126],-2.4999999999999996,-2.5,-2.5000000000000004,68.19859051364821
1115,[  74 2023],[  98 2000],[  69 2025],2.4999999999999996,1.3461538461538465,1.5070146763721477,-56.433198236035665
195,[ 113 3641],[  86 3668],[ 113 3640],1.0,1.0,1.0,-44.99999999999999
2061,[ 199 1473],[ 193 1478],[ 226 1460],1.7857142857142858,2.4999999999999996,1.9333871139342695,-62.65077459526946
