Unnamed: 0,pixel,closest contour point,closest skeleton point,slope at nc,slope at ns,average slope,average angle
1436,[237 725],[207 754],[239 725],2.4999999999999996,2.4999999999999996,2.5,-68.19859051364821
2239,[  15 1924],[   7 1917],[  46 1924],-2.5,inf,-3.357269823607633,73.41325428316229
598,[  20 1215],[  15 1218],[  53 1210],2.5,2.5,2.5,-68.19859051364821
