Unnamed: 0,pixel,closest contour point,closest skeleton point,slope at nc,slope at ns,average slope,average angle
1733,[ 205 1424],[ 178 1450],[ 206 1423],1.7857142857142858,1.176470588235294,1.198620382776715,-50.16201091383725
565,[251 706],[269 688],[236 710],2.5,2.4999999999999996,2.5,-68.19859051364821
121,[  63 1907],[  83 1914],[  49 1902],-2.4999999999999996,-2.5,-2.5,68.19859051364821
1779,[ 220 2186],[ 235 2173],[ 204 2195],1.3461538461538465,1.3461538461538465,1.3461500000000002,-53.392846823741266
2330,[ 222 3064],[ 206 3072],[ 240 3059],2.4999999999999996,2.4999999999999996,2.5,-68.19859051364821
1900,[  54 1952],[  82 1933],[  48 1952],2.4999999999999996,2.5,2.5,-68.19859051364821
1111,[ 235 1591],[ 206 1565],[ 238 1591],-2.4999999999999996,inf,-34.957236823584076,88.36142202498546
768,[  72 1864],[  90 1882],[  60 1857],-2.4999999999999996,-1.7857142857142856,-2.037899721416523,63.86275408835849
900,[  86 1302],[  68 1320],[  98 1296],1.0,1.3461538461538465,1.226679443369088,-50.81277465096786
