Unnamed: 0,pixel,closest contour point,closest skeleton point,slope at nc,slope at ns,average slope,average angle
1145,[ 135 2571],[ 139 2576],[ 112 2550],-1.3461538461538465,-1.3461538461538465,-1.3461500000000002,53.392846823741266
285,[ 174 2925],[ 198 2902],[ 171 2928],1.3461538461538465,1.3461538461538465,1.34615,-53.39284682374126
1354,[ 109 1280],[ 123 1266],[  94 1290],1.3461538461538465,1.3461538461538465,1.34615,-53.39284682374126
797,[  63 2698],[  82 2704],[  47 2696],-2.4999999999999996,-2.5,-2.5,68.19859051364821
970,[ 221 3705],[ 221 3705],,1.3461538461538465,,1.3461538461538465,-53.392925187392514
2454,[ 238 3176],[ 260 3196],[ 229 3173],-2.5,-2.4999999999999996,-2.5,68.19859051364821
963,[ 214 3099],[ 207 3099],[ 243 3102],inf,-2.4999999999999996,-12.912414097938036,85.57157617423464
2312,[  61 2582],[  48 2571],[  78 2594],-1.3461538461538467,-1.3461538461538465,-1.34615,53.39284682374126
1369,[273  11],[282  15],[240  32],-2.5,inf,-3.1294774261761567,72.27912677234906
281,[ 168 1342],[ 179 1330],[ 152 1357],1.0,1.0,1.0,-44.99999999999999
2303,[  47 1920],,[  47 1920],,-2.5000000000000004,-2.5000000000000004,68.19859051364821
1576,[  40 1213],[  19 1231],[  53 1210],2.5,2.5,2.5,-68.19859051364821
571,[125 577],[109 592],[137 565],1.0,1.0,1.0,-44.99999999999999
2461,[  60 3579],[  38 3601],[  68 3575],1.5,1.7857142857142856,1.7219141634851012,-59.854163462777784
714,[ 123 1010],[ 139 1025],[112 999],-1.3461538461538465,-1.3461538461538465,-1.34615,53.39284682374126
2269,[  56 1923],[  82 1929],[  47 1921],-2.4999999999999996,-2.5,-2.5,68.19859051364821
