Unnamed: 0,pixel,closest contour point,closest skeleton point,slope at nc,slope at ns,average slope,average angle
1985,[133 173],[118 159],[145 186],-1.0,-1.3461538461538465,-1.1858777115920267,49.86049552855058
2265,[ 173 1355],[ 188 1340],[ 161 1366],1.3461538461538465,1.3461538461538465,1.3461500000000002,-53.392846823741266
487,[225 846],[198 821],[228 847],-2.4999999999999996,-1.7857142857142858,-1.842237499910366,61.506085848195454
1074,[142 183],[118 159],[145 186],-1.0,-1.3461538461538465,-1.307688888888889,52.59457108849804
1382,[  96 1009],[ 72 986],[ 100 1013],-1.1764705882352942,-1.1764705882352942,-1.17647,49.63544929005889
1372,[ 114 2897],[ 101 2909],[ 128 2882],1.3461538461538465,1.176470588235294,1.2675857882505708,-51.730047742014975
1209,[223 851],[196 826],[225 853],-1.785714285714286,-1.7857142857142858,-1.78571,60.75111504159832
1509,[ 197 2946],[ 218 2925],[ 191 2952],1.176470588235294,1.3461538461538465,1.3084433333333334,-52.61051571945568
