Unnamed: 0,pixel,closest contour point,closest skeleton point,slope at nc,slope at ns,average slope,average angle
947,[ 103 2819],[ 116 2806],[  85 2828],1.1764705882352942,1.3461538461538465,1.2574769699276471,-51.50676376386037
2337,[ 101 2022],[ 107 2017],[  74 2035],1.3461538461538465,1.7857142857142856,1.4370275878158,-55.16668186944557
25,[  90 2050],[ 113 2027],[  85 2053],1.3461538461538465,1.7857142857142856,1.718890501753282,-59.81041281524397
2435,[ 130 1387],[ 128 1388],[ 156 1361],1.0,1.0,1.0,-44.99999999999999
1595,[  54 1027],[  47 1021],[  78 1043],-1.5,-1.3461538461538465,-1.462735692405402,55.64151622975841
76,[  34 2606],[  30 2603],[  64 2620],-1.7857142857142858,-2.4999999999999996,-1.8794343542411565,61.98367422773772
92,[182 906],[161 885],[188 913],-1.0,-1.176470588235294,-1.1346648767443703,48.60970854825245
1707,[ 230 1582],[ 206 1565],[ 239 1586],-2.4999999999999996,-2.4999999999999996,-2.5,68.19859051364821
2228,[  54 2807],[  37 2823],[  68 2800],1.3461538461538467,1.7857142857142856,1.6092842016100493,-58.14341846743227
1152,[ 160 2915],[ 186 2888],[ 159 2915],1.0,1.0,1.0,-44.99999999999999
1518,[ 118 1336],[  98 1355],[ 125 1328],1.1764705882352942,1.3461538461538465,1.298952347779354,-52.40908215176541
1011,[ 231 2460],[ 236 2463],[ 205 2441],-1.3461538461538465,-1.3461538461538465,-1.34615,53.39284682374126
2207,[ 195 1467],[ 190 1471],[ 223 1453],1.7857142857142858,1.785714285714286,1.78571,-60.75111504159832
318,[ 182 2149],[ 202 2131],[ 174 2156],1.3461538461538465,1.176470588235294,1.224521368349632,-50.76335664309414
1249,[ 104 2583],[ 121 2599],[  91 2576],-1.3461538461538465,-1.3461538461538465,-1.3461499999999995,53.39284682374126
