Unnamed: 0,pixel,closest contour point,closest skeleton point,slope at nc,slope at ns,average slope,average angle
1298,[ 248 3065],[ 276 3037],[ 242 3068],2.5,2.4999999999999996,2.4999999999999996,-68.19859051364818
2077,[ 275 1556],[ 283 1556],[ 244 1550],inf,-2.4999999999999996,-12.367283377404338,85.37720638605231
2243,[ 200 2169],[ 218 2150],[ 191 2177],1.176470588235294,1.176470588235294,1.17647,-49.63544929005889
2229,[  93 2853],[  71 2874],[  99 2848],1.3461538461538465,1.3461538461538465,1.3461500000000002,-53.392846823741266
1123,[ 189 2471],[ 212 2495],[ 185 2468],-1.0,-1.0,-1.0,44.99999999999999
1378,[ 204 1711],[ 213 1718],[ 185 1693],-1.3461538461538465,-1.3461538461538465,-1.34615,53.39284682374126
