Unnamed: 0,pixel,closest contour point,closest skeleton point,slope at nc,slope at ns,average slope,average angle
2268,[201 163],[209 172],[181 147],-1.3461538461538465,-1.3461538461538465,-1.3461499999999995,53.39284682374126
