Unnamed: 0,pixel,closest contour point,closest skeleton point,slope at nc,slope at ns,average slope,average angle
1431,[ 236 2353],[ 207 2332],[ 240 2354],-2.4999999999999996,-2.4999999999999996,-2.5,68.19859051364821
202,[  61 3554],[  89 3527],[  59 3554],2.4999999999999996,1.7857142857142856,1.8206409117309077,-61.22189472375913
1764,[ 160 1312],[ 161 1310],[ 134 1337],1.0,1.0,1.0,-44.99999999999999
1267,[227 112],[243 126],[213 102],-1.7857142857142858,-1.3461538461538465,-1.542756981947171,57.049087141748345
1195,[  41 1171],[  11 1201],[  47 1171],2.5,inf,20.177669529663685,-87.16275761711248
2137,[ 200 3211],[ 177 3189],[ 206 3214],-1.5,-1.7857142857142858,-1.735974488610598,60.05610724657533
