Unnamed: 0,pixel,closest contour point,closest skeleton point,slope at nc,slope at ns,average slope,average angle
1593,[  38 2723],[  10 2746],[  47 2723],2.5,inf,12.565372739996352,-85.4497748823036
932,[ 29 469],[ 25 472],[ 61 458],1.7857142857142858,2.5,1.877667977227261,-61.961327798640184
