Unnamed: 0,pixel,closest contour point,closest skeleton point,slope at nc,slope at ns,average slope,average angle
936,[ 213 2237],[ 194 2255],[ 225 2233],2.4999999999999996,2.4999999999999996,2.5,-68.19859051364821
1956,[  70 2564],[  59 2554],[  89 2578],-1.1764705882352942,-1.3461538461538465,-1.242045169389805,51.16163477683523
1859,[  25 1068],[  23 1068],[  60 1080],-1.9999999999999996,-2.5,-2.025641025641026,63.72578784527256
