Unnamed: 0,pixel,closest contour point,closest skeleton point,slope at nc,slope at ns,average slope,average angle
1304,[ 241 1461],[ 261 1443],[ 230 1467],1.785714285714286,2.4999999999999996,2.273056269642624,-66.25356259789942
455,[  78 1839],[  99 1860],[  70 1835],-1.7857142857142856,-1.7857142857142856,-1.78571,60.751115041598325
1990,[ 174 1717],[ 195 1739],[ 167 1714],-1.176470588235294,-1.3461538461538465,-1.3121700248078414,52.68910659493923
2024,[ 176 2117],[ 183 2110],[ 156 2136],1.3461538461538465,1.3461538461538465,1.34615,-53.39284682374126
2178,[242 785],[207 782],[242 786],-2.4999999999999996,-2.4999999999999996,-2.5,68.19859051364821
