Unnamed: 0,pixel,closest contour point,closest skeleton point,slope at nc,slope at ns,average slope,average angle
2146,[  49 1149],[  82 1153],[  46 1149],-2.4999999999999996,inf,-30.20128356432443,88.10356224057453
2377,[ 280 3110],[ 283 3110],[ 243 3110],inf,-2.4999999999999996,-33.33333333333333,88.28164199834428
2229,[  93 2853],[  71 2874],[  99 2848],1.3461538461538465,1.3461538461538465,1.3461500000000002,-53.392846823741266
2265,[ 173 1355],[ 188 1340],[ 161 1366],1.3461538461538465,1.3461538461538465,1.3461500000000002,-53.392846823741266
1150,[ 243 3748],[ 247 3743],[ 215 3763],1.3461538461538465,1.3461538461538465,1.3461500000000002,-53.392846823741266
