Unnamed: 0,pixel,closest contour point,closest skeleton point,slope at nc,slope at ns,average slope,average angle
604,[201 953],[203 955],[176 928],-1.0,-1.0,-1.0,44.99999999999999
205,[ 51 477],[ 35 493],[ 66 470],1.7857142857142856,1.7857142857142856,1.78571,-60.75111504159832
1629,[ 152 2117],[ 171 2097],[ 143 2122],1.176470588235294,1.3461538461538465,1.300033927891061,-52.432130608009935
1021,[ 150 1381],[ 135 1395],[ 162 1368],1.3461538461538465,1.176470588235294,1.255034211749429,-51.45247745502544
