Unnamed: 0,pixel,closest contour point,closest skeleton point,slope at nc,slope at ns,average slope,average angle
160,[ 439 6795],[ 415 6819],[ 439 6793],0.3,0.2,0.2055646560099223,-11.616170402851331
448,[ 193 6376],[ 193 6373],[ 198 6404],0.0,-0.3,-0.0286232909699877,1.6395461100380868
