Unnamed: 0,pixel,closest contour point,closest skeleton point,slope at nc,slope at ns,average slope,average angle
399,[ 373 4860],[ 373 4864],[ 368 4833],-0.1999999999999999,-0.3,-0.2127149379054157,12.008681753380031
1897,[ 484 2908],[ 490 2901],[ 474 2928],0.3,0.3,0.3,-16.69924423399362
421,[429 943],[410 919],[429 946],-0.3,-0.2,-0.2089257938782417,11.800818527228095
138,[ 141 4070],[ 138 4066],[ 151 4094],-0.5,-0.3,-0.4677419354838709,25.067463438060475
