Unnamed: 0,pixel,closest contour point,closest skeleton point,slope at nc,slope at ns,average slope,average angle
1746,[  70 4926],[  51 4907],[  73 4930],-1.1764705882352942,-1.0,-1.027685861403785,45.78226340438934
908,[403 188],[419 205],[403 176],-0.3,0.0,-0.1018524843278978,5.815662395628875
1479,[ 103 6465],[ 117 6479],[  95 6457],-0.8,-1.0,-0.9272727272727272,42.83892051177362
4,[ 102 1781],[  89 1769],[ 111 1791],-0.7000000000000001,-0.7000000000000001,-0.7,34.99202019855866
1265,[  80 6668],[  92 6657],[  69 6678],1.3461538461538465,1.3461538461538465,1.3461499999999995,-53.39284682374126
1083,[ 593 2243],[ 606 2231],[ 579 2247],1.7857142857142858,2.5,2.1775328330425547,-65.33374121696664
1206,[ 403 4036],[ 396 4023],[ 405 4052],-0.3,-0.3,-0.2999999999999999,16.69924423399362
1119,[355 935],[353 927],[355 957],-0.3,-0.2,-0.272736382805967,15.255604534674914
121,[ 290 3274],[ 277 3259],[ 290 3289],-0.3,0.0,-0.1291269206257777,7.357714237842408
1971,[565 655],[580 641],[556 660],1.3461538461538465,1.3461538461538465,1.34615,-53.39284682374126
2033,[  21 6533],[  14 6528],[  43 6542],-2.5,-2.5,-2.5,68.19859051364821
2430,[ 441 2128],[ 455 2113],[ 437 2140],0.3,0.3,0.3,-16.69924423399362
836,[549  95],[531  79],[554 100],-1.3461538461538465,-1.3461538461538465,-1.34615,53.39284682374126
542,[ 153 3678],[ 153 3678],,0.3,,0.3,-16.69924423399362
1608,[376 562],[382 548],[374 578],0.3,0.3,0.3,-16.69924423399362
