Unnamed: 0,pixel,closest contour point,closest skeleton point,slope at nc,slope at ns,average slope,average angle
1702,[ 565 3815],[ 556 3824],[ 582 3806],2.5,1.7857142857142858,2.215566737238829,-65.7078785156325
2474,[310 575],[287 602],[310 573],0.3,0.3,0.3,-16.69924423399362
2195,[  98 6726],[  84 6740],[ 106 6717],0.8,0.8,0.8,-38.659808254090095
1196,[  97 2868],[  94 2871],[ 111 2844],0.8,0.7000000000000001,0.786753143736561,-38.19401037567127
606,[200 225],[203 232],[193 203],-0.3,-0.3,-0.3,16.69924423399362
965,[  95 5703],[ 106 5715],[  84 5693],-1.0,-1.3461538461538465,-1.1809257912977855,49.742298660356
806,[ 369 6400],[ 379 6414],[ 365 6384],-0.3,-0.3,-0.3,16.69924423399362
83,[ 558 7037],[ 550 7029],[ 576 7046],-1.3461538461538465,-1.7857142857142858,-1.504334459631264,56.38619409473084
2380,[165 540],[184 521],[162 545],0.3,0.3,0.3,-16.69924423399362
1728,[ 125 5670],[ 141 5686],[ 120 5662],-0.6,-0.5,-0.5294247340487047,27.8978514402872
2450,[103 987],[101 985],[ 117 1011],-0.7000000000000001,-0.7000000000000001,-0.7,34.99202019855866
1553,[  99 5194],[  96 5198],[ 112 5171],0.7000000000000001,0.7000000000000001,0.6999999999999998,-34.992020198558656
927,[ 449 5222],[ 453 5214],[ 442 5243],0.3,0.3,0.2999999999999999,-16.69924423399362
2157,[ 556 3166],[ 547 3157],[ 572 3176],-1.7857142857142858,-1.3461538461538465,-1.6086399308840582,58.1331324619224
1471,[ 607 3122],[ 622 3133],[ 592 3121],-2.5,-2.5,-2.5000000000000004,68.19859051364821
2483,[ 191 7188],[ 208 7209],[ 188 7183],-0.3,-0.3,-0.3,16.69924423399362
1274,[ 585 3136],[ 562 3117],[ 588 3136],-2.5,-2.5,-2.5,68.19859051364821
2104,[ 127 2890],[ 126 2890],[ 140 2862],0.5,0.5,0.5,-26.56505117707799
748,[ 471 6813],[ 455 6831],[ 475 6806],0.5,0.3,0.3501611178211557,-19.29826974467506
447,[320 602],[320 605],[323 574],0.0,0.3,0.0288829465721832,-1.654410990668828
1211,[ 290 4088],[ 294 4095],[ 290 4065],-0.3,-0.3,-0.3,16.69924423399362
398,[ 169 5611],[ 165 5606],[ 176 5635],-0.3,-0.3,-0.3,16.69924423399362
332,[ 480 6368],[ 496 6384],[ 475 6359],-0.5,-0.5,-0.5,26.56505117707799
642,[ 466 7137],[ 444 7113],[ 466 7138],-0.3,-0.3,-0.3,16.69924423399362
