Unnamed: 0,pixel,closest contour point,closest skeleton point,slope at nc,slope at ns,average slope,average angle
2119,[ 177 5998],[ 169 6009],[ 184 5981],0.3,0.3,0.3,-16.69924423399362
373,[ 609 3911],[ 619 3921],[ 590 3906],-2.5,-2.5,-2.5,68.19859051364821
1864,[ 588 7067],[ 596 7074],[ 571 7055],-1.3461538461538465,-1.3461538461538465,-1.34615,53.39284682374126
2300,[ 485 2145],[ 500 2130],[ 480 2155],0.5,0.3,0.369028199700079,-20.25548289495262
1490,[ 562 6252],[ 554 6244],[ 580 6261],-1.7857142857142858,-1.7857142857142858,-1.78571,60.75111504159832
621,[ 593 2270],[ 614 2250],[ 588 2271],2.5,2.5,2.5,-68.19859051364821
89,[ 105 4934],[ 108 4937],[  86 4915],-1.0,-1.0,-1.0,44.99999999999999
1457,[ 551 1644],[ 533 1627],[ 556 1649],-1.0,-1.0,-1.0,44.99999999999999
