Unnamed: 0,pixel,closest contour point,closest skeleton point,slope at nc,slope at ns,average slope,average angle
2476,[ 588 4594],[ 612 4571],[ 587 4595],1.7857142857142858,1.7857142857142858,1.7857099999999997,-60.751115041598304
485,[ 480 2506],[ 485 2512],[ 471 2484],-0.5,-0.3,-0.4505367002105139,24.25331245311934
1863,[ 290 4430],[ 302 4418],[ 286 4447],0.3,0.3,0.2999999999999999,-16.69924423399362
1246,[  75 4972],[  81 4976],[  55 4960],-1.7857142857142856,-1.3461538461538467,-1.681903824584418,59.26579394064491
