Unnamed: 0,pixel,closest contour point,closest skeleton point,slope at nc,slope at ns,average slope,average angle
1114,[ 545 4532],[ 526 4551],[ 548 4528],1.0,1.0,1.0,-44.99999999999999
62,[ 99 218],[ 96 213],[114 238],-0.7000000000000002,-0.7000000000000001,-0.6999999999999998,34.992020198558656
2054,[ 500 5584],[ 515 5599],[ 496 5574],-0.5,-0.5,-0.5,26.56505117707799
605,[ 520 6298],[ 517 6296],[ 540 6318],-1.0,-1.0,-1.0,44.99999999999999
1004,[ 571 2385],[ 554 2368],[ 578 2389],-2.5,-2.5,-2.5,68.19859051364821
2072,[ 580 7624],[ 582 7621],[ 559 7642],1.0,1.3461538461538465,1.0399198504000629,-46.121096518023094
1166,[ 619 2313],[ 626 2313],[ 594 2313],inf,inf,100.0,-89.42706130231674
532,[ 132 5931],[ 136 5925],[ 120 5951],0.7000000000000001,0.7000000000000001,0.7,-34.99202019855866
1288,[ 219 6775],[ 201 6793],[ 220 6765],0.3,0.3,0.3,-16.69924423399362
