Unnamed: 0,pixel,closest contour point,closest skeleton point,slope at nc,slope at ns,average slope,average angle
1486,[ 406 1336],[ 414 1328],[ 400 1357],0.3,0.3,0.3,-16.69924423399362
516,[ 181 3660],[ 163 3681],[ 184 3655],0.3,0.3,0.3,-16.69924423399362
1142,[ 169 5225],[ 164 5232],[ 176 5203],0.3,0.3,0.3,-16.69924423399362
1465,[  32 7433],[  24 7439],[  53 7427],1.7857142857142858,2.5,2.010044988818105,-63.54959511392147
1603,[ 255 7514],[ 255 7514],,0.3,,0.3,-16.69924423399362
1242,[175 536],[187 522],[171 548],0.3,0.3,0.2999999999999999,-16.69924423399362
425,[ 327 5224],[ 351 5197],[ 327 5226],0.3,0.0,0.0157377941904889,-0.9016347524623988
182,[ 378 7569],[ 369 7587],[ 379 7558],0.3,0.3,0.3,-16.69924423399362
2292,[ 319 3288],[ 343 3316],[ 319 3287],-0.3,-0.3,-0.3,16.69924423399362
2007,[ 550 7623],[ 568 7605],[ 545 7627],1.0,1.0,1.0,-44.99999999999999
750,[ 10 382],[  6 382],[ 39 382],inf,inf,100.0,-89.42706130231674
156,[ 396 6371],[ 384 6351],[ 397 6379],-0.3,-0.3,-0.3,16.69924423399362
