Unnamed: 0,pixel,closest contour point,closest skeleton point,slope at nc,slope at ns,average slope,average angle
674,[ 472 4781],[ 469 4777],[ 483 4804],-0.5,-0.5,-0.5,26.56505117707799
2460,[ 142 4887],[ 156 4902],[ 137 4877],-0.5,-0.5,-0.5,26.56505117707799
2222,[ 575 6893],[ 552 6916],[ 575 6892],1.7857142857142858,1.7857142857142858,1.78571,-60.75111504159832
243,[ 164 1006],[ 174 1017],[160 990],-0.5,-0.3,-0.4051863265429362,22.05711825661179
1273,[  81 6674],[  94 6660],[  71 6681],1.3461538461538465,1.3461538461538465,1.3461499999999995,-53.39284682374126
2433,[  86 2079],[  81 2085],[ 102 2062],0.7000000000000001,0.8,0.7250686187107885,-35.94468880498163
