Unnamed: 0,pixel,closest contour point,closest skeleton point,slope at nc,slope at ns,average slope,average angle
2494,[165 975],[151 959],[170 985],-0.5,-0.5,-0.5,26.56505117707799
1846,[ 531 2166],[ 542 2155],[ 522 2179],0.8,0.7000000000000001,0.7504065309377892,-36.88480194162542
749,[346 179],[324 154],[346 183],-0.3,0.0,-0.0321701573035975,1.8425787751553024
