Unnamed: 0,pixel,closest contour point,closest skeleton point,slope at nc,slope at ns,average slope,average angle
2139,[  17 6560],[   8 6558],[  40 6565],-2.5,-2.5,-2.5000000000000004,68.19859051364821
1400,[  99 1036],[ 116 1053],[  93 1031],-1.0,-1.0,-1.0,44.99999999999999
1809,[ 236 6372],[ 230 6366],[ 237 6396],-0.3,-0.3,-0.3,16.69924423399362
2408,[ 124 7535],[ 120 7539],[ 136 7512],0.5,0.5,0.5,-26.56505117707799
1081,[ 190 6403],[ 169 6380],[ 191 6406],-0.3,-0.5,-0.4815648795795914,25.713832745385613
1229,[337 581],[314 604],[337 575],0.3,0.0,0.0467205885344874,-2.6749473673649353
1051,[ 73 471],[ 91 453],[ 68 474],1.3461538461538465,1.3461538461538465,1.34615,-53.39284682374126
1083,[ 593 2243],[ 606 2231],[ 579 2247],1.7857142857142858,2.5,2.1775328330425547,-65.33374121696664
1755,[ 447 6788],[ 464 6768],[ 446 6795],0.3,0.3,0.3,-16.69924423399362
944,[ 196 4823],[ 196 4822],[ 204 4852],-0.3,-0.3,-0.2999999999999999,16.69924423399362
545,[ 525 5536],[ 513 5524],[ 535 5547],-1.0,-1.0,-1.0,44.99999999999999
1739,[ 185 6376],[ 185 6375],[ 193 6405],-0.4,-0.3,-0.3967828298768824,21.642328009423395
969,[ 352 2134],[ 331 2156],[ 352 2127],0.3,0.0,0.0561290029316567,-3.212584094711317
102,[ 206 1353],[ 195 1364],[ 208 1335],0.3,0.3,0.3,-16.69924423399362
383,[ 157 3339],[ 165 3347],[ 147 3321],-0.5,-0.5,-0.5,26.56505117707799
744,[ 150 1007],[ 162 1022],[145 996],-0.3,-0.5,-0.4227733330882364,22.91734521522531
174,[ 240 7561],[ 231 7574],[ 243 7544],0.3,0.3,0.3,-16.69924423399362
637,[337 603],[337 606],[344 576],0.0,0.3,0.0291331420361071,-1.668734082326789
491,[477 935],[497 956],[476 931],-0.5,-0.5,-0.5,26.56505117707799
1834,[ 561 5349],[ 549 5359],[ 575 5341],1.7857142857142858,1.7857142857142858,1.7857099999999997,-60.751115041598304
