Unnamed: 0,pixel,closest contour point,closest skeleton point,slope at nc,slope at ns,average slope,average angle
1154,[ 552 2440],[ 569 2457],[ 546 2435],-1.0,-1.0,-1.0,44.99999999999999
2388,[ 573 2291],[ 563 2301],[ 591 2289],2.5,2.5,2.5,-68.19859051364821
2232,[  45 1089],[  25 1071],[  51 1090],-1.7857142857142858,-2.5,-2.368297816050196,67.10837998228303
1347,[ 152 6736],[ 169 6718],[ 147 6741],0.3,0.5,0.4555696575488043,-24.4925701460332
1542,[307 212],[309 217],[302 187],-0.3,-0.3,-0.3,16.69924423399362
105,[580  14],[563   9],[590  26],-2.5,inf,-5.336024116061999,79.3855781521645
603,[ 180 5649],[ 191 5663],[ 175 5636],-0.3,-0.3,-0.3,16.69924423399362
1045,[ 434 5250],[ 418 5269],[ 436 5242],0.3,0.3,0.2999999999999999,-16.69924423399362
