Unnamed: 0,pixel,closest contour point,closest skeleton point,slope at nc,slope at ns,average slope,average angle
226,[ 534 2960],[ 554 2940],[ 533 2963],1.0,0.7000000000000001,0.730168121177212,-36.135727568583214
1800,[ 102 2610],[ 105 2614],[  83 2592],-1.0,-1.0,-1.0,44.99999999999999
2196,[618 732],[622 728],[592 739],2.5,2.5,2.5,-68.19859051364821
95,[ 310 7168],[ 327 7194],[ 310 7164],-0.3,0.0,-0.0342226964813717,1.9600511114282408
725,[436 196],[438 201],[429 171],-0.3,-0.3,-0.3,16.69924423399362
