Unnamed: 0,pixel,closest contour point,closest skeleton point,slope at nc,slope at ns,average slope,average angle
393,[ 399 3651],[ 399 3651],,0.2,,0.2,-11.309932474020217
1930,[ 238 5239],[ 231 5248],[ 243 5218],0.3,0.3,0.2999999999999999,-16.69924423399362
709,[ 237 2884],[ 257 2863],[ 236 2890],0.3,0.3,0.3,-16.69924423399362
1281,[141 233],[155 250],[137 225],-0.5,-0.5,-0.5,26.56505117707799
1012,[   7 7358],[   6 7358],[  39 7358],inf,inf,100.0,-89.42706130231674
1621,[ 262 6018],[ 260 6027],[ 264 5996],0.3,0.3,0.3,-16.69924423399362
