Unnamed: 0,pixel,closest contour point,closest skeleton point,slope at nc,slope at ns,average slope,average angle
880,[ 381 3651],[ 381 3649],[ 377 3680],0.0,0.3,0.0191849207525971,-1.099080159733924
1487,[ 578 1512],[ 563 1525],[ 590 1508],2.5,2.5,2.5000000000000004,-68.19859051364821
502,[ 306 4820],[ 299 4808],[ 306 4838],-0.3,-0.1999999999999999,-0.2564397009083233,14.382977550979678
