Unnamed: 0,pixel,closest contour point,closest skeleton point,slope at nc,slope at ns,average slope,average angle
924,[ 277 4092],[ 277 4097],[ 276 4066],0.0,-0.3,-0.0483571096530261,2.7685016725300646
505,[ 417 3693],[ 396 3714],[ 418 3687],0.3,0.3,0.2999999999999999,-16.69924423399362
93,[ 303 7566],[ 296 7581],[ 307 7551],0.3,0.3,0.2999999999999999,-16.69924423399362
1612,[ 327 2492],[ 325 2480],[ 328 2510],-0.3,-0.3,-0.3,16.69924423399362
128,[582  99],[590 105],[564  88],-1.3461538461538465,-1.3461538461538465,-1.3461499999999995,53.39284682374126
699,[  70 3376],[  50 3357],[  73 3379],-1.0,-1.0,-1.0,44.99999999999999
320,[ 158 6731],[ 169 6718],[ 153 6744],0.3,0.3,0.2999999999999999,-16.69924423399362
1478,[ 404 6026],[ 396 6040],[ 404 6011],0.3,0.3,0.3,-16.69924423399362
920,[  28 1162],[   8 1179],[  39 1162],2.5,2.5000000000000004,2.5,-68.19859051364821
457,[ 61 475],[ 42 492],[ 66 472],1.3461538461538467,1.3461538461538465,1.34615,-53.39284682374126
782,[ 564 3048],[ 558 3054],[ 585 3040],2.5,2.5,2.4999999999999996,-68.19859051364818
210,[ 355 5998],[ 378 5975],[ 355 6004],0.3,0.0,0.0467205885344874,-2.6749473673649353
1067,[  43 6616],[  69 6597],[  42 6616],2.4999999999999996,2.5,2.5,-68.19859051364821
1656,[ 330 3275],[ 316 3256],[ 333 3285],-0.3,-0.3,-0.3,16.69924423399362
309,[ 325 3680],[ 308 3705],[ 325 3675],0.3,0.0,0.0425744087440865,-2.437861707559644
1292,[ 526 3765],[ 520 3770],[ 543 3748],1.0,1.0,1.0,-44.99999999999999
