Unnamed: 0,pixel,closest contour point,closest skeleton point,slope at nc,slope at ns,average slope,average angle
2382,[  33 6493],[  29 6491],[  55 6509],-1.7857142857142858,-1.3461538461538467,-1.7236494695050586,59.879220492831195
1417,[ 552 5300],[ 570 5281],[ 548 5304],1.0,1.0,1.0,-44.99999999999999
960,[  82 4133],[  65 4116],[  87 4139],-1.0,-1.0,-1.0,44.99999999999999
615,[ 400 2926],[ 392 2938],[ 402 2909],0.3,0.3,0.3,-16.69924423399362
1000,[  69 4187],[  82 4198],[  57 4181],-1.7857142857142856,-1.3461538461538467,-1.539848879930965,56.99972664043535
2183,[ 44 350],[ 69 365],[ 42 350],-2.4999999999999996,inf,-38.94344934278312,88.52906734347748
1300,[ 491 1414],[ 488 1419],[ 506 1394],0.7000000000000001,0.7000000000000001,0.6999999999999998,-34.992020198558656
863,[ 334 3260],[ 330 3255],[ 334 3285],-0.3,-0.1999999999999999,-0.2796099133671539,15.62151891577526
715,[ 600 4546],[ 600 4546],,1.5,,1.5,-56.30993247402022
315,[  69 5115],[  87 5099],[  63 5118],1.3461538461538465,1.3461538461538467,1.34615,-53.39284682374126
