Unnamed: 0,pixel,closest contour point,closest skeleton point,slope at nc,slope at ns,average slope,average angle
402,[ 216 6372],[ 213 6369],[ 220 6399],-0.3,-0.3,-0.3,16.69924423399362
626,[ 557 2456],[ 563 2463],[ 543 2439],-1.0,-0.7941176470588235,-0.939245118224641,43.20555943957915
788,[ 331 5211],[ 338 5196],[ 331 5226],0.3,0.3,0.3,-16.69924423399362
501,[ 449 2923],[ 427 2945],[ 449 2920],0.3,0.3,0.3,-16.69924423399362
1494,[ 225 7206],[ 225 7206],,-0.3,,-0.3,16.69924423399362
1441,[144 206],[132 192],[149 218],-0.5,-0.3,-0.3826995975317135,20.94182835184098
159,[ 553 2206],[ 574 2184],[ 552 2206],1.0,1.3461538461538465,1.335130961851392,-53.16714913254113
1074,[ 582 6296],[ 591 6306],[ 567 6286],-1.3461538461538465,-1.3461538461538465,-1.3461499999999995,53.39284682374126
745,[ 608 3869],[ 626 3870],[ 594 3869],-2.5,inf,-5.719242210235704,80.08218604404004
