Unnamed: 0,pixel,closest contour point,closest skeleton point,slope at nc,slope at ns,average slope,average angle
1193,[ 177 1768],[ 192 1786],[ 173 1760],-0.3,-0.3,-0.3,16.69924423399362
1513,[ 287 2116],[ 303 2092],[ 287 2121],0.3,0.3,0.3,-16.69924423399362
