Unnamed: 0,pixel,closest contour point,closest skeleton point,slope at nc,slope at ns,average slope,average angle
525,[ 570 7703],[ 560 7713],[ 586 7695],2.5,2.5,2.5,-68.19859051364821
1888,[ 462 2134],[ 476 2120],[ 457 2146],0.3,0.3,0.3,-16.69924423399362
1860,[ 507 3207],[ 505 3205],[ 523 3230],-0.7000000000000001,-0.7000000000000001,-0.7,34.99202019855866
1821,[ 435 3291],[ 444 3301],[ 431 3272],-0.3,-0.3,-0.3,16.69924423399362
17,[ 384 6354],[ 384 6351],[ 391 6380],-0.3,-0.3,-0.3,16.69924423399362
