Unnamed: 0,pixel,closest contour point,closest skeleton point,slope at nc,slope at ns,average slope,average angle
48,[126 999],,[126 999],,-1.0,-1.0,44.99999999999999
1675,[241 897],[231 887],[253 910],-0.8,-1.0,-0.8888494160423647,41.632275919887
1750,[ 63 472],[ 41 493],[ 65 472],1.5,1.3461538461538465,1.3556428666154872,-53.58538440246653
1800,[  84 5134],[ 100 5119],[  77 5140],1.3461538461538465,1.0,1.1024467599832763,-47.78966775531657
