Unnamed: 0,pixel,closest contour point,closest skeleton point,slope at nc,slope at ns,average slope,average angle
2484,[ 269 5335],[ 266 5337],[ 293 5321],1.176470588235294,1.3461538461538465,1.1959596903309715,-50.09936604723647
1020,[124 988],[110 972],[128 997],-0.7000000000000001,-0.7000000000000001,-0.7,34.99202019855866
1493,[ 77 316],[ 82 321],[ 58 302],-2.4999999999999996,-1.3461538461538467,-2.233992757638988,65.88532522072782
303,[316  86],[327  96],[302  77],-1.7857142857142858,-1.3461538461538465,-1.5783264211602284,57.64236844335996
730,[ 247 6852],[ 240 6858],[ 263 6836],1.0,1.0,1.0,-44.99999999999999
2247,[ 127 5943],[ 138 5932],[ 118 5956],1.0,0.7000000000000001,0.8512195928133676,-40.405079667501425
913,[ 266 1405],[ 284 1386],[ 262 1408],1.0,1.0,1.0,-44.99999999999999
569,[  21 2692],[   8 2680],[  39 2692],-2.5,-2.5,-2.5,68.19859051364821
