Unnamed: 0,pixel,closest contour point,closest skeleton point,slope at nc,slope at ns,average slope,average angle
1820,[ 205 7122],[ 199 7114],[ 217 7139],-0.7000000000000001,-0.7000000000000001,-0.7,34.99202019855866
588,[  53 3472],[  68 3481],[  39 3472],-5.878725253121972e-17,inf,-1.0,44.99999999999999
1214,[ 233 1676],[ 225 1668],[ 247 1690],-0.7000000000000001,-0.7000000000000001,-0.6999999999999998,34.992020198558656
558,[  71 1847],[  87 1862],[  63 1842],-1.3461538461538465,-1.7857142857142856,-1.653501835411466,58.83541305332973
1019,[ 244 3720],[ 222 3741],[ 245 3719],0.8,0.8,0.8,-38.659808254090095
954,[ 306 4673],[ 293 4661],[ 321 4673],-2.5,-2.5000000000000004,-2.5,68.19859051364821
1034,[  59 3464],[  69 3465],[  40 3464],-2.4999999999999996,inf,-3.8223520554106423,75.33892880176968
1123,[ 233 3235],[ 220 3222],[ 240 3246],-1.0,-0.7000000000000001,-0.8244788498028841,39.50485970006082
2059,[ 244 4049],[ 248 4055],[ 228 4031],-0.7000000000000001,-0.7000000000000001,-0.7,34.99202019855866
