Unnamed: 0,pixel,closest contour point,closest skeleton point,slope at nc,slope at ns,average slope,average angle
1912,[ 108 7531],[ 103 7535],[ 123 7511],0.7000000000000001,0.7000000000000001,0.7,-34.99202019855866
990,[ 253 6357],[ 264 6369],[ 242 6346],-0.8,-0.8,-0.8000000000000002,38.6598082540901
