Unnamed: 0,pixel,closest contour point,closest skeleton point,slope at nc,slope at ns,average slope,average angle
288,[ 105 2069],,[ 105 2069],,1.0,1.0,-44.99999999999999
1762,[  28 1912],[   9 1898],[  40 1912],-2.5,inf,-7.416843217169144,82.32121680170164
170,[ 154 3319],[ 168 3333],[ 145 3311],-0.7000000000000001,-0.7000000000000001,-0.7,34.99202019855866
290,[ 147 2520],[ 133 2506],[ 152 2530],-0.7000000000000001,-0.7000000000000001,-0.7,34.99202019855866
174,[ 306 3819],[ 289 3832],[ 316 3818],2.5,2.5,2.5,-68.19859051364821
