Unnamed: 0,pixel,closest contour point,closest skeleton point,slope at nc,slope at ns,average slope,average angle
1746,[  38 7306],[  19 7287],[  46 7306],-1.7857142857142858,-2.5000000000000004,-2.336125306943683,66.82620708515354
1491,[ 268 5293],[ 247 5314],[ 269 5291],1.0,1.0,1.0,-44.99999999999999
295,[ 308 4599],[ 291 4615],[ 317 4595],2.5,1.785714285714286,1.997643510837762,-63.40791997095353
