Unnamed: 0,pixel,closest contour point,closest skeleton point,slope at nc,slope at ns,average slope,average angle
2087,[ 341 3124],[ 352 3133],[ 322 3121],-2.5,-2.5,-2.5,68.19859051364821
901,[ 182 4458],[ 164 4476],[ 186 4453],0.7000000000000001,0.7000000000000001,0.7000000000000001,-34.99202019855867
1250,[  34 2652],[  18 2639],[  46 2654],-2.5,-2.5,-2.5,68.19859051364821
1458,[ 259 1419],[ 243 1434],[ 266 1412],1.0,1.0,1.0,-44.99999999999999
867,[  64 4999],[  71 5005],[  43 4996],-2.4999999999999996,-2.5,-2.5,68.19859051364821
2270,[167 586],[158 596],[177 571],0.7000000000000001,0.7000000000000001,0.7,-34.99202019855866
1838,[ 188 3256],[ 181 3250],[ 200 3274],-0.7000000000000001,-0.7000000000000001,-0.7000000000000001,34.99202019855867
601,[  46 3448],[  69 3465],[  43 3446],-2.4999999999999996,-2.5,-2.5,68.19859051364821
