Unnamed: 0,pixel,closest contour point,closest skeleton point,slope at nc,slope at ns,average slope,average angle
2346,[ 269 6107],[ 265 6110],[ 290 6092],1.3461538461538465,1.3461538461538465,1.34615,-53.39284682374126
801,[100 471],[102 470],[ 77 488],1.3461538461538465,1.3461538461538465,1.34615,-53.39284682374126
2364,[  83 1839],[  94 1851],[  71 1830],-1.3461538461538465,-1.3461538461538465,-1.34615,53.39284682374126
