Unnamed: 0,pixel,closest contour point,closest skeleton point,slope at nc,slope at ns,average slope,average angle
1351,[ 221 7554],[ 229 7545],[ 210 7569],0.7000000000000001,0.7000000000000001,0.7,-34.99202019855866
1909,[ 179 2514],[ 200 2537],[ 178 2514],-0.7000000000000001,-0.7000000000000001,-0.7000000000000001,34.99202019855867
