Unnamed: 0,pixel,closest contour point,closest skeleton point,slope at nc,slope at ns,average slope,average angle
1627,[  69 6483],,[  69 6483],,-1.3461538461538465,-1.3461538461538465,53.392925187392514
894,[  82 5886],[  89 5878],[  64 5896],1.3461538461538465,1.3461538461538467,1.3461499999999995,-53.39284682374126
1712,[ 215 4820],[ 235 4840],[ 212 4817],-0.8,-0.8,-0.8,38.659808254090095
287,[  46 2728],[  68 2706],[  41 2730],-5.878725253121972e-17,2.5,2.131131500721496,-64.86241965846334
618,[ 105 2851],[  86 2870],[ 108 2847],0.8,1.0,0.9686225858176633,-44.08685331503377
1356,[  87 7195],[  85 7194],[ 108 7216],-1.0,-1.0,-1.0,44.99999999999999
1780,[  24 7429],[  21 7432],[  50 7419],1.7857142857142858,2.5,1.880119060251899,-61.99232763946697
874,[ 263 4735],[ 261 4733],[ 284 4754],-1.3461538461538465,-1.3461538461538465,-1.34615,53.39284682374126
2029,[  63 1189],[  71 1182],[  43 1190],2.4999999999999996,2.5,2.4999999999999996,-68.19859051364818
