Unnamed: 0,pixel,closest contour point,closest skeleton point,slope at nc,slope at ns,average slope,average angle
660,[ 296 3812],[ 285 3821],[ 311 3804],1.7857142857142858,2.5,2.1109615152115224,-64.65225322436291
2273,[  78 1869],[  82 1872],[  56 1856],-1.7857142857142856,-1.3461538461538467,-1.713778019442512,59.736175972050845
1622,[ 183 1320],[ 186 1315],[ 170 1341],0.7000000000000001,0.7000000000000001,0.6999999999999998,-34.992020198558656
119,[  63 5754],[  75 5765],[  49 5749],-2.4999999999999996,-2.5,-2.5,68.19859051364821
2005,[ 305 4778],[ 305 4778],,-1.3461538461538465,,-1.3461538461538465,53.392925187392514
1002,[ 281 7631],[ 259 7653],[ 281 7630],1.1764705882352942,1.0,1.0054953339004586,-45.15699794767263
