Unnamed: 0,pixel,closest contour point,closest skeleton point,slope at nc,slope at ns,average slope,average angle
1102,[ 300 6254],[ 285 6242],[ 311 6259],-2.5,-1.7857142857142858,-2.061521179542018,64.12296470580213
2331,[ 309 3071],[ 294 3085],[ 322 3071],2.5,inf,6.4458239478236905,-81.1814784681455
519,[  22 6544],[  12 6535],[  42 6548],-2.5,-2.5,-2.5,68.19859051364821
1237,[ 181 1728],[ 165 1710],[ 184 1734],-0.7000000000000001,-0.7000000000000001,-0.7,34.99202019855866
1591,[ 134 2078],[ 148 2064],[ 126 2086],0.7000000000000001,0.7000000000000001,0.6999999999999998,-34.992020198558656
395,[  97 4921],[ 109 4933],[  87 4911],-1.1764705882352942,-1.0,-1.080213636363636,47.20824769945265
