Unnamed: 0,pixel,closest contour point,closest skeleton point,slope at nc,slope at ns,average slope,average angle
2156,[  67 1279],[  57 1289],[  80 1268],1.3461538461538467,1.3461538461538465,1.3461500000000002,-53.392846823741266
13,[  32 7275],[  26 7271],[  54 7285],-1.7857142857142858,-1.7857142857142856,-1.7857099999999997,60.751115041598304
2490,[ 298 5429],[ 294 5428],[ 323 5430],-2.5,-2.5,-2.5000000000000004,68.19859051364821
1534,[  33 3482],[   8 3507],[  38 3482],2.5,2.5000000000000004,2.4999999999999996,-68.19859051364818
1211,[ 211 1352],[ 223 1339],[ 204 1363],0.7000000000000001,0.7000000000000001,0.6999999999999998,-34.992020198558656
