Unnamed: 0,pixel,closest contour point,closest skeleton point,slope at nc,slope at ns,average slope,average angle
1576,[ 249 2189],[ 235 2202],[ 258 2180],1.0,1.0,1.0,-44.99999999999999
586,[ 194 4808],[ 184 4798],[ 204 4822],-0.6,-0.7000000000000001,-0.6451151054290925,32.82667327473506
1263,[  87 4128],[  68 4110],[  91 4131],-1.3461538461538465,-1.3461538461538465,-1.34615,53.39284682374126
1254,[  47 1242],[  33 1255],[  59 1237],1.7857142857142856,1.7857142857142856,1.78571,-60.75111504159832
