Unnamed: 0,pixel,closest contour point,closest skeleton point,slope at nc,slope at ns,average slope,average angle
63,[ 32 412],[ 13 429],[ 42 412],2.5,2.5,2.5,-68.19859051364821
54,[ 517 1669],[ 506 1656],[ 524 1681],-0.7000000000000001,-0.7000000000000001,-0.7,34.99202019855866
387,[ 217 1729],[ 212 1719],[ 219 1749],-0.3,-0.3,-0.2999999999999999,16.69924423399362
2468,[  82 1100],[  82 1100],,-1.7857142857142856,,-1.7857142857142856,60.751173663453024
512,[ 588 2205],[ 589 2204],[ 566 2225],1.3461538461538465,1.3461538461538465,1.3461500000000002,-53.392846823741266
1871,[241 199],[258 222],[238 194],-0.3,-0.3,-0.3,16.69924423399362
874,[ 212 1305],[ 212 1305],,0.3,,0.3,-16.69924423399362
382,[598 844],[608 852],[581 836],-1.7857142857142858,-2.5,-2.075233900033088,64.27182006865846
2235,[202 181],[192 171],[205 200],-0.3,-0.3,-0.3,16.69924423399362
31,[230 180],[220 165],[234 194],-0.3,-0.3,-0.3,16.69924423399362
1986,[  61 1993],[  77 1978],[  52 1997],2.4999999999999996,1.7857142857142856,2.007069800625558,-63.51573426202572
1687,[ 46 423],[ 71 405],[ 45 423],2.4999999999999996,2.5,2.5000000000000004,-68.19859051364821
337,[  23 1151],[   7 1148],[  39 1151],-2.5,-2.5000000000000004,-2.5000000000000004,68.19859051364821
999,[ 408 1352],[ 427 1332],[ 408 1360],0.3,0.3,0.3,-16.69924423399362
2354,[  56 1946],[  69 1944],[  41 1949],2.4999999999999996,2.5,2.5,-68.19859051364821
