Unnamed: 0,pixel,closest contour point,closest skeleton point,slope at nc,slope at ns,average slope,average angle
965,[ 89 996],[ 89 995],[ 107 1020],-0.7000000000000001,-0.7000000000000001,-0.6999999999999998,34.992020198558656
1487,[303 589],[292 603],[303 573],0.3,0.3,0.3,-16.69924423399362
1606,[594 855],[603 862],[576 847],-1.7857142857142858,-1.3461538461538465,-1.6245575712930165,58.385533481281094
1014,[ 96 997],[ 93 992],[ 111 1017],-0.7000000000000001,-0.7000000000000001,-0.6999999999999998,34.992020198558656
