Unnamed: 0,pixel,closest contour point,closest skeleton point,slope at nc,slope at ns,average slope,average angle
1741,[ 100 1031],[ 120 1051],[  97 1029],-0.8,-1.0,-0.9773874484696684,44.34481869205543
87,[532 640],[511 660],[534 638],0.8,0.8,0.8,-38.659808254090095
1636,[ 520 1711],[ 526 1718],[ 509 1692],-0.7000000000000001,-0.7000000000000001,-0.7,34.99202019855866
388,[ 522 1714],[ 526 1718],[ 509 1692],-0.7000000000000001,-0.7000000000000001,-0.7,34.99202019855866
2019,[ 494 2161],[ 515 2140],[ 492 2163],0.7000000000000001,0.5,0.5173913043478261,-27.35665233586478
1722,[  35 1887],[  17 1870],[  44 1890],-2.5,-2.5,-2.5,68.19859051364821
2175,[ 343 1729],[ 332 1706],[ 343 1736],-0.3,0.0,-0.0646251329329854,3.69760551839992
1586,[ 559 1469],[ 548 1480],[ 572 1460],1.7857142857142858,1.3461538461538465,1.567716947390146,-57.46740828033636
1941,[185 238],[185 238],,-0.3,,-0.3,16.69924423399362
2468,[  82 1100],[  82 1100],,-1.7857142857142856,,-1.7857142857142856,60.751173663453024
1411,[225 994],[ 233 1002],[224 973],-0.3,-0.3,-0.3,16.69924423399362
247,[284 991],[284 996],[284 965],0.0,0.0,0.0,0.0
1452,[ 61 395],[ 69 391],[ 41 397],2.4999999999999996,2.5,2.5,-68.19859051364821
2300,[274 992],[274 997],[273 966],0.0,-0.3,-0.0483571096530261,2.7685016725300646
1231,[ 544 1431],[ 525 1450],[ 547 1427],1.176470588235294,1.3461538461538465,1.3195294018077055,-52.84347906958207
1971,[  72 1029],[  62 1019],[  84 1042],-1.0,-1.0,-1.0,44.99999999999999
2006,[334 211],[334 216],[329 185],0.0,-0.3,-0.0476547439121615,2.7283516101287315
2014,[142 993],[123 973],[145 997],-0.5,-0.6,-0.584656094804166,30.312951581003315
2236,[496 919],[477 898],[497 922],-0.3,-0.5,-0.4799104917401636,25.636837566343623
282,[ 183 1767],[ 199 1786],[ 180 1760],-0.3,-0.3,-0.3,16.69924423399362
