Unnamed: 0,pixel,closest contour point,closest skeleton point,slope at nc,slope at ns,average slope,average angle
996,[  85 1276],[  65 1296],[  87 1273],1.0,1.0,1.0,-44.99999999999999
1152,[580  91],[593 102],[568  83],-1.3461538461538465,-1.3461538461538465,-1.34615,53.39284682374126
2237,[475 936],[496 958],[473 934],-0.5,-0.3,-0.3170170671036916,17.589503662889772
