Unnamed: 0,pixel,closest contour point,closest skeleton point,slope at nc,slope at ns,average slope,average angle
766,[ 316 1724],[ 305 1708],[ 316 1738],-0.3,0.0,-0.1256864581413255,7.163739131056548
530,[ 423 1364],[ 401 1390],[ 423 1363],0.3,0.2,0.2028523531261305,-11.466988042190328
