Unnamed: 0,pixel,closest contour point,closest skeleton point,slope at nc,slope at ns,average slope,average angle
2394,[375 208],[375 212],[369 181],-0.2,-0.3,-0.2126347841772382,12.00428801447672
1729,[ 491 1364],[ 498 1355],[ 483 1382],0.5,0.3,0.426675571613894,-23.106758495385822
1854,[542  92],[530  81],[555 100],-1.0,-1.3461538461538465,-1.1786413943764853,49.68757776148384
555,[ 181 1776],[ 192 1788],[ 176 1761],-0.3,-0.3,-0.3,16.69924423399362
796,[ 351 2159],[ 351 2160],[ 357 2130],0.2,0.3,0.2032664595650595,-11.48977501509096
1628,[  65 1261],[  48 1277],[  71 1255],1.0,1.1764705882352942,1.1294271690358155,-48.4781743768982
982,[ 462 1341],[ 462 1341],,0.3,,0.3,-16.69924423399362
1217,[  38 1880],[  19 1864],[  46 1882],-2.5,-2.5,-2.5,68.19859051364821
