Unnamed: 0,pixel,closest contour point,closest skeleton point,slope at nc,slope at ns,average slope,average angle
2475,[ 37 320],[ 21 306],[ 48 324],-1.7857142857142858,-2.5,-2.246380942035137,66.00326185273394
1130,[ 601 1620],[ 609 1626],[ 581 1612],-1.7857142857142858,-2.5,-2.012176414295396,63.57380367780508
2216,[564 105],[579 121],[555 101],-1.0,-1.3461538461538465,-1.2388774706540242,51.090144373312626
655,[  69 1061],[  91 1083],[  68 1061],-1.3461538461538465,-1.5,-1.4952090603468828,56.22528362984701
1108,[  20 1197],[  12 1201],[  43 1194],2.5,2.5,2.5000000000000004,-68.19859051364821
8,[250 567],,[250 567],,0.0,0.0,0.0
