Unnamed: 0,pixel,closest contour point,closest skeleton point,slope at nc,slope at ns,average slope,average angle
612,[  76 1231],[  86 1221],[  61 1239],1.3461538461538465,1.7857142857142856,1.5457611381015957,-57.099940601493785
2252,[128 206],[121 198],[137 225],-0.5,-0.5,-0.5,26.56505117707799
1856,[600  66],[609  74],[582  57],-1.7857142857142858,-1.7857142857142858,-1.78571,60.75111504159832
