Unnamed: 0,pixel,closest contour point,closest skeleton point,slope at nc,slope at ns,average slope,average angle
2094,[350 554],[358 546],[348 576],0.3,0.3,0.3,-16.69924423399362
2350,[346 597],[345 607],[349 577],0.3,0.3,0.2999999999999999,-16.69924423399362
314,[359 209],[359 214],[353 183],0.0,-0.3,-0.0473435111970582,2.7105594313779062
1639,[ 374 2135],[ 352 2160],[ 375 2132],0.3,0.3,0.3,-16.69924423399362
721,[ 568 2188],[ 572 2183],[ 550 2206],1.0,1.0,1.0,-44.99999999999999
