Unnamed: 0,pixel,closest contour point,closest skeleton point,slope at nc,slope at ns,average slope,average angle
1686,[499 115],[495 111],[516 134],-0.6,-0.7000000000000001,-0.6181589079318056,31.72265322338504
631,[261 175],[247 161],[262 190],-0.3,-0.3,-0.3,16.69924423399362
1912,[ 194 2101],[ 213 2082],[ 194 2108],0.3,0.3,0.3,-16.69924423399362
1226,[371 176],[352 152],[371 180],-0.3,-0.2,-0.2115572011856799,11.945204898560082
104,[557 686],[544 697],[570 680],1.3461538461538465,1.7857142857142858,1.584941193375434,-57.750605534307816
1972,[264 542],[264 538],[262 568],0.0,0.3,0.0398978487123083,-2.2847665307444016
