Unnamed: 0,pixel,closest contour point,closest skeleton point,slope at nc,slope at ns,average slope,average angle
821,[478 165],[494 183],[475 157],-0.5,-0.3,-0.3523735141465851,19.411107752725847
1829,[ 228 1315],[ 233 1310],[ 224 1339],0.3,0.3,0.2999999999999999,-16.69924423399362
1329,[ 165 2115],[ 154 2129],[ 169 2101],0.3,0.3,0.2999999999999999,-16.69924423399362
793,[529 658],[519 667],[540 644],0.8,0.7000000000000001,0.7569595837262532,-37.124249337885736
199,[ 505 1722],[ 509 1728],[ 495 1700],-0.5,-0.5,-0.5,26.56505117707799
690,[ 225 2117],[ 201 2143],[ 225 2116],0.3,0.1999999999999999,0.2027484901699367,-11.461272213809629
33,[170 990],[ 191 1012],[169 987],-0.3,-0.5,-0.481163514686698,25.69516237125423
2254,[178 193],[165 179],[183 206],-0.3,-0.3,-0.3,16.69924423399362
