Unnamed: 0,pixel,closest contour point,closest skeleton point,slope at nc,slope at ns,average slope,average angle
351,[ 587 1437],[ 592 1432],[ 566 1449],1.5,1.3461538461538465,1.4651964516397658,-55.68637220692944
1131,[ 554 2240],[ 544 2250],[ 569 2231],1.5,1.3461538461538465,1.4312227544332394,-55.05787454862153
520,[469 925],[454 908],[471 934],-0.3,-0.3,-0.3,16.69924423399362
948,[ 524 1678],[ 503 1658],[ 526 1680],-0.8,-0.8,-0.8,38.659808254090095
2321,[ 383 2149],[ 371 2162],[ 383 2133],0.3,0.1999999999999999,0.2474892915916949,-13.90077263568573
733,[161 989],[140 965],[161 990],-0.3,-0.5,-0.4939192052287,26.285650694430142
1106,[  27 1179],[  10 1192],[  41 1179],2.5,inf,6.321595456970123,-81.01098489406004
1198,[  36 1090],[  23 1078],[  50 1095],-1.7857142857142858,-2.5,-2.1738520458196757,65.29695938947573
557,[ 122 1824],[ 122 1825],[ 100 1803],-0.8,-0.7000000000000001,-0.7968166869424793,38.54842176888692
