Unnamed: 0,pixel,closest contour point,closest skeleton point,slope at nc,slope at ns,average slope,average angle
941,[228 941],[228 940],[235 970],-0.3,-0.3,-0.3,16.69924423399362
1405,[  43 1136],[  69 1144],[  41 1136],-2.4999999999999996,inf,-36.50367627183861,88.43080316537196
1796,[  84 2044],[ 105 2023],[  83 2045],1.0,1.0,1.0,-44.99999999999999
1706,[165 579],[165 581],[178 552],0.4,0.3,0.3937434791660977,-21.491716566282577
