Unnamed: 0,pixel,closest contour point,closest skeleton point,slope at nc,slope at ns,average slope,average angle
1122,[  82 1091],[  85 1093],[  58 1079],-1.7857142857142856,-1.7857142857142856,-1.78571,60.75111504159832
2327,[538 921],[545 929],[526 904],-0.8,-0.7000000000000001,-0.7661878108054003,37.45889580499507
1952,[348 947],[343 929],[348 959],-0.3,-0.2,-0.2391114635645038,13.44758687111718
1730,[518 914],[538 934],[516 911],-0.7000000000000001,-0.7000000000000001,-0.7,34.99202019855866
1244,[  12 1198],[  11 1198],[  43 1194],2.500000000000001,2.5,2.5,-68.19859051364821
693,[ 59 408],[ 70 398],[ 43 413],2.4999999999999996,2.5,2.5,-68.19859051364821
1861,[ 580 2311],[ 564 2311],[ 591 2286],inf,inf,100.0,-89.42706130231674
1722,[  35 1887],[  17 1870],[  44 1890],-2.5,-2.5,-2.5,68.19859051364821
2018,[ 383 1756],[ 386 1763],[ 383 1732],-0.3,-0.2,-0.2759114759573873,15.42479190750342
1043,[ 408 2142],[ 387 2164],[ 408 2137],0.3,0.3,0.3,-16.69924423399362
2495,[ 96 537],[ 92 543],[109 517],0.7000000000000001,0.7000000000000001,0.7000000000000001,-34.99202019855867
1467,[ 43 370],[ 69 370],[ 40 370],inf,inf,100.0,-89.42706130231674
2175,[ 343 1729],[ 332 1706],[ 343 1736],-0.3,0.0,-0.0646251329329854,3.69760551839992
1300,[ 184 1014],[ 184 1015],[176 985],-0.4,-0.3,-0.3967828298768824,21.642328009423395
640,[607 855],[607 855],,-1.7857142857142858,,-1.7857142857142858,60.75117366345304
225,[451 566],[452 562],[441 591],0.3,0.3,0.3,-16.69924423399362
1931,[592 684],[603 674],[577 691],1.7857142857142858,1.7857142857142858,1.7857099999999997,-60.751115041598304
1205,[ 313 1714],[ 313 1707],[ 313 1738],0.0,0.0,0.0,0.0
1219,[571 772],[565 772],[594 778],inf,-2.5,-12.40405360333726,85.39085093304082
156,[554 113],[571 130],[548 108],-1.0,-1.0,-1.0,44.99999999999999
750,[447 620],[443 624],[455 596],0.3,0.3,0.2999999999999999,-16.69924423399362
911,[  66 1035],[  56 1025],[  78 1048],-1.1764705882352942,-1.3461538461538465,-1.2518498445703423,51.381515732083024
224,[341 201],[353 214],[341 184],-0.3,0.0,-0.1470087777527531,8.363079390840488
1633,[310 957],[289 933],[310 962],-0.3,0.0,-0.0406609437069616,2.3284178300341014
