Unnamed: 0,pixel,closest contour point,closest skeleton point,slope at nc,slope at ns,average slope,average angle
1196,[ 465 1346],[ 468 1343],[ 457 1372],0.3,0.3,0.3,-16.69924423399362
1532,[ 591 1454],[ 600 1445],[ 576 1465],1.7857142857142858,1.3461538461538465,1.6071314975385798,-58.10902654105652
1121,[ 568 2280],[ 560 2284],[ 589 2278],2.5,2.5,2.5000000000000004,-68.19859051364821
1002,[583  39],[562  19],[587  42],-2.5,-1.7857142857142858,-1.8907526470588232,62.12608832617149
2010,[139 203],[131 193],[148 219],-0.5,-0.5,-0.5,26.56505117707799
