Unnamed: 0,pixel,closest contour point,closest skeleton point,slope at nc,slope at ns,average slope,average angle
1430,[  38 1128],[  13 1107],[  42 1128],-2.5,inf,-22.90603464664314,87.50024733871888
1428,[ 38 320],[ 22 304],[ 48 324],-1.7857142857142858,-2.5,-2.2696509638959568,66.22188404256521
1656,[597  34],[617  53],[590  33],-2.5,-2.5,-2.4999999999999996,68.19859051364818
1229,[ 215 1739],[ 198 1722],[ 219 1749],-0.3,-0.3,-0.3,16.69924423399362
1006,[ 199 1304],[ 199 1302],[ 191 1331],0.2,0.3,0.2066312435185443,-11.674791355931536
1905,[ 282 1359],[ 266 1377],[ 282 1347],0.3,0.0,0.0997694517598727,-5.697514184591743
624,[174 569],[163 580],[181 553],0.3,0.3,0.3,-16.69924423399362
909,[ 385 1384],[ 385 1388],[ 385 1357],0.0,0.2,0.0258064516129032,-1.4782726566888706
1105,[ 525 1717],[ 526 1718],[ 509 1692],-0.7000000000000001,-0.7000000000000001,-0.6999999999999998,34.992020198558656
2071,[ 141 1333],[ 131 1343],[ 150 1317],0.5,0.5,0.5,-26.56505117707799
1949,[497 176],[500 180],[485 152],-0.5,-0.5,-0.5,26.56505117707799
129,[209 228],[209 231],[204 201],-0.2,-0.3,-0.2098492860814061,11.851508329683512
2313,[ 265 2123],[ 239 2150],[ 265 2121],0.3,0.0,0.0151962867785792,-0.8706160845176667
2212,[305 559],[319 543],[302 572],0.3,0.3,0.3,-16.69924423399362
2381,[  57 1897],[  71 1907],[  44 1894],-2.4999999999999996,-2.5,-2.5,68.19859051364821
1882,[228 204],[244 224],[228 196],-0.3,-0.3,-0.3,16.69924423399362
1617,[539 662],[526 674],[549 652],1.0,1.0,1.0,-44.99999999999999
1340,[ 604 2270],[ 617 2259],[ 589 2273],2.5,2.5,2.4999999999999996,-68.19859051364818
1477,[  43 1199],[  18 1221],[  44 1198],2.5,2.5,2.5,-68.19859051364821
2350,[346 597],[345 607],[349 577],0.3,0.3,0.2999999999999999,-16.69924423399362
517,[  54 1222],[  77 1202],[  53 1223],2.4999999999999996,2.5,2.5,-68.19859051364821
741,[366 970],[376 988],[362 958],-0.3,-0.3,-0.2999999999999999,16.69924423399362
438,[ 262 1751],[ 281 1772],[ 262 1743],-0.3,0.0,-0.0660800146894718,3.7806095814032106
1568,[327 546],[327 543],[327 574],0.0,0.3,0.0290322580645161,-1.6629587413422695
1773,[282 165],[275 158],[284 188],-0.3,-0.3,-0.3,16.69924423399362
