Unnamed: 0,pixel,closest contour point,closest skeleton point,slope at nc,slope at ns,average slope,average angle
255,[ 540 1437],[ 526 1451],[ 548 1428],1.0,1.176470588235294,1.109731897295828,-47.97739929710575
1402,[244 592],[242 598],[246 567],0.3,0.3,0.2999999999999999,-16.69924423399362
