Unnamed: 0,pixel,closest contour point,closest skeleton point,slope at nc,slope at ns,average slope,average angle
1713,[ 136 2153],[ 127 2162],[ 154 2134],1.0,1.0,1.0,-44.99999999999999
442,[ 63 455],[ 90 428],[ 61 456],2.4999999999999996,1.7857142857142856,1.82522527829787,-61.28265343486842
