Unnamed: 0,pixel,closest contour point,closest skeleton point,slope at nc,slope at ns,average slope,average angle
97,[121 494],[124 491],[ 93 513],1.1764705882352942,1.3461538461538465,1.1953744648499498,-50.085565142582475
2189,[  80 3357],[  56 3333],[  83 3361],-1.1764705882352942,-1.3461538461538465,-1.3243632645327277,52.94428197818684
125,[111 989],[ 88 967],[117 992],-1.0,-1.3461538461538465,-1.285893280713165,52.12888160777433
724,[ 162 4065],[ 179 4082],[ 152 4055],-1.0,-1.0,-1.0,44.99999999999999
1385,[  27 3544],[  18 3553],[  53 3536],2.5,2.5,2.5,-68.19859051364821
2084,[  92 4091],[  79 4079],[ 107 4105],-1.3461538461538465,-1.3461538461538465,-1.34615,53.39284682374126
