Unnamed: 0,pixel,closest contour point,closest skeleton point,slope at nc,slope at ns,average slope,average angle
915,[  44 5077],[  17 5101],[  51 5077],2.5,2.5000000000000004,2.4999999999999996,-68.19859051364818
1725,[  85 5056],[  85 5056],,2.4999999999999996,,2.4999999999999996,-68.19859051364818
2301,[ 269 3883],[ 282 3891],[ 243 3883],-2.5,inf,-3.967724761776322,75.85414573588133
2214,[219 823],[202 808],[235 827],-2.4999999999999996,-2.4999999999999996,-2.5000000000000004,68.19859051364821
109,[ 132 1383],[ 128 1387],[ 155 1360],1.3461538461538465,1.0,1.2948685185185185,-52.32183815509273
1237,[ 238 3066],[ 207 3080],[ 241 3066],2.4999999999999996,2.4999999999999996,2.5,-68.19859051364821
2170,[  30 4155],[  29 4155],[  64 4171],-1.9999999999999996,-1.7857142857142856,-1.9944450764420552,63.37115236036146
745,[  30 3551],[  20 3559],[  55 3542],2.5,2.5,2.5,-68.19859051364821
1977,[ 241 3869],[ 207 3869],[ 244 3869],inf,inf,100.0,-89.42706130231674
