Unnamed: 0,pixel,closest contour point,closest skeleton point,slope at nc,slope at ns,average slope,average angle
1304,[ 256 5487],[ 269 5499],[ 235 5481],-2.5,-2.4999999999999996,-2.5000000000000004,68.19859051364821
584,[  99 4449],[  95 4453],[ 122 4425],1.0,1.0,1.0,-44.99999999999999
741,[217 679],[193 702],[223 678],1.7857142857142858,1.5624999999999991,1.597026573326288,-57.94669748443102
1581,[ 82 495],[109 469],[ 81 495],1.7857142857142856,1.3461538461538465,1.3575720885835298,-53.624300373556935
1333,[ 128 4135],[ 130 4137],[ 102 4112],-1.3461538461538465,-1.3461538461538465,-1.34615,53.39284682374126
1840,[ 253 1614],[ 268 1626],[ 235 1605],-2.5,-2.4999999999999996,-2.5,68.19859051364821
1856,[   8 3507],[   8 3507],,2.5000000000000004,,2.5000000000000004,-68.19859051364821
480,[  61 1109],[  84 1132],[  53 1105],-2.4999999999999996,-2.5,-2.5000000000000004,68.19859051364821
