Unnamed: 0,pixel,closest contour point,closest skeleton point,slope at nc,slope at ns,average slope,average angle
528,[ 260 3049],[ 276 3036],[ 240 3052],2.5,2.4999999999999996,2.5,-68.19859051364821
2177,[244 813],[272 839],[239 813],-2.5,-2.4999999999999996,-2.4999999999999996,68.19859051364818
48,[ 41 306],[ 24 291],[ 57 312],-1.7857142857142858,-2.5,-2.1930099808679726,65.48728566649832
1560,[ 143 2860],[ 152 2851],[ 123 2875],1.0,1.3461538461538465,1.1167774417677658,-48.15766741009198
858,[  43 1091],[  22 1071],[  54 1097],-1.7857142857142858,-2.5,-2.2844922757812665,66.35936874559484
203,[  58 3624],[  55 3627],[  85 3604],1.3461538461538467,1.3461538461538465,1.3461500000000002,-53.392846823741266
661,[ 110 2600],[ 116 2606],[  85 2584],-1.5,-1.3461538461538465,-1.465796025716584,55.697285982511566
485,[ 256 1629],[ 264 1636],[ 230 1619],-1.7857142857142858,-2.4999999999999996,-1.9829979717466948,63.23878662967935
1297,[  47 4382],[  43 4384],[  76 4365],1.7857142857142856,1.3461538461538465,1.7340981463416432,-60.02929999003652
2136,[ 202 5533],[ 179 5511],[ 208 5536],-1.5,-1.7857142857142858,-1.735974488610598,60.05610724657533
1655,[ 232 2434],[ 246 2447],[ 216 2423],-1.7857142857142858,-1.3461538461538465,-1.5677073129871402,57.46724863455269
2294,[  98 4387],[ 121 4364],[  94 4391],1.3461538461538465,1.1764705882352942,1.2016077777777776,-50.23215271345393
2352,[ 273 1591],[ 278 1591],[ 240 1584],-2.5,-2.4999999999999996,-2.4999999999999996,68.19859051364818
2343,[ 15 365],[  7 365],[ 46 371],inf,-2.5,-12.367283377404338,85.37720638605231
2054,[ 17 364],[  8 355],[ 46 371],-2.5,-2.5,-2.4999999999999996,68.19859051364818
939,[  25 2670],[  11 2661],[  49 2673],-2.5,-2.5,-2.5,68.19859051364821
798,[ 33 464],[ 25 472],[ 58 451],1.7857142857142858,2.5,1.990342010198616,-63.323847344013544
763,[  13 1140],[   7 1140],[  46 1146],inf,-2.5,-16.475424859373685,86.52661010276152
1390,[  85 2886],[  83 2888],[ 110 2861],1.3461538461538465,1.3461538461538465,1.34615,-53.39284682374126
1089,[241 683],[260 666],[229 689],2.5,1.7857142857142858,2.0319920666345084,-63.79691401914581
