Unnamed: 0,pixel,closest contour point,closest skeleton point,slope at nc,slope at ns,average slope,average angle
1797,[  49 4368],[  39 4377],[  72 4357],1.7857142857142856,1.7857142857142856,1.7857099999999997,-60.751115041598304
1454,[  63 5720],[  35 5694],[  64 5721],-1.7857142857142856,-2.4999999999999996,-2.4745064978607823,67.99533281341772
422,[  44 1918],[  11 1885],[  47 1918],-2.5,inf,-41.39087296526011,88.6160080367041
785,[ 171 3669],[ 182 3659],[ 155 3685],1.3461538461538465,1.3461538461538465,1.34615,-53.39284682374126
413,[  84 5662],[  66 5645],[  96 5669],-1.1764705882352942,-1.3461538461538465,-1.2851618555556303,52.11308281649208
2076,[ 167 2166],[ 148 2185],[ 175 2157],1.0,1.0,1.0,-44.99999999999999
