Unnamed: 0,pixel,closest contour point,closest skeleton point,slope at nc,slope at ns,average slope,average angle
267,[ 251 1471],[ 267 1457],[ 234 1478],1.785714285714286,2.4999999999999996,2.1687592541858987,-65.245897662873
