Unnamed: 0,pixel,closest contour point,closest skeleton point,slope at nc,slope at ns,average slope,average angle
1140,[ 106 1239],[ 106 1239],,1.5,,1.5,-56.30993247402022
2037,[126 222],[146 242],[119 215],-1.0,-1.0,-1.0,44.99999999999999
2318,[ 198 2152],[ 210 2140],[ 183 2166],1.3461538461538465,1.3461538461538465,1.34615,-53.39284682374126
