Unnamed: 0,pixel,closest contour point,closest skeleton point,slope at nc,slope at ns,average slope,average angle
1457,[  88 4881],[  71 4864],[  99 4890],-1.3461538461538465,-1.3461538461538465,-1.34615,53.39284682374126
1182,[ 83 421],[ 87 418],[ 53 430],2.4999999999999996,2.5,2.5,-68.19859051364821
36,[  45 5087],[  20 5110],[  53 5086],2.5,2.5,2.4999999999999996,-68.19859051364818
174,[ 86 496],[110 471],[ 82 497],1.3461538461538465,1.7857142857142856,1.7389740547248254,-60.09887170926049
2046,[  81 5655],[  68 5643],[  96 5669],-1.3461538461538465,-1.3461538461538465,-1.34615,53.39284682374126
313,[ 159 4006],[ 151 3998],[ 178 4026],-1.176470588235294,-1.3461538461538465,-1.2258199529500735,50.793105599192494
819,[  78 2546],[  70 2539],[ 100 2563],-1.0,-1.3461538461538465,-1.095741231140034,47.61566505939174
1369,[  53 3580],[  36 3596],[  67 3573],1.7857142857142856,1.3461538461538465,1.5225757983899508,-56.70382141358302
1514,[ 49 345],[ 16 314],[ 50 345],-2.5,-2.5000000000000004,-2.5,68.19859051364821
1373,[251 677],[261 668],[229 689],1.785714285714286,1.7857142857142858,1.7857099999999997,-60.751115041598304
1437,[  35 1162],[   8 1181],[  46 1162],2.5,inf,10.003442736008717,-84.29135920932262
439,[192 963],[194 965],[167 938],-1.0,-1.0,-1.0,44.99999999999999
1606,[103 207],[ 88 192],[116 218],-1.1764705882352942,-1.3461538461538465,-1.2705916684757228,51.796019255808055
1062,[  98 4173],[ 103 4178],[  71 4159],-1.7857142857142856,-1.3461538461538465,-1.7027923401605354,59.575533301960824
1511,[ 80 395],[ 83 395],[ 48 401],inf,2.5,29.631367660166177,-88.06711444834836
