Unnamed: 0,pixel,closest contour point,closest skeleton point,slope at nc,slope at ns,average slope,average angle
1161,[ 244 5414],,[ 244 5414],,2.5000000000000004,2.5000000000000004,-68.19859051364821
1972,[ 227 3783],[ 255 3756],[ 226 3784],1.785714285714286,1.7857142857142858,1.78571,-60.75111504159832
