Unnamed: 0,pixel,closest contour point,closest skeleton point,slope at nc,slope at ns,average slope,average angle
1213,[114 951],[108 945],[135 972],-1.0,-1.3461538461538465,-1.0769222222222223,47.12107372252291
2035,[ 232 1646],[ 251 1663],[ 220 1641],-1.7857142857142858,-1.785714285714286,-1.78571,60.75111504159832
1629,[  71 3445],[  84 3457],[  51 3441],-2.4999999999999996,-2.5,-2.5,68.19859051364821
895,[ 180 1648],[ 174 1642],[ 205 1664],-1.176470588235294,-1.3461538461538465,-1.2141933042340591,50.52540033840503
538,[  75 5889],[  95 5869],[  65 5893],2.4999999999999996,1.7857142857142856,1.9826941854846512,-63.2352572693416
