Unnamed: 0,pixel,closest contour point,closest skeleton point,slope at nc,slope at ns,average slope,average angle
1607,[ 76 363],[ 83 363],[ 48 360],-2.4999999999999996,-2.5,-2.5,68.19859051364821
199,[ 227 3814],[ 204 3836],[ 235 3810],2.4999999999999996,2.4999999999999996,2.5000000000000004,-68.19859051364821
688,[  77 2798],[  99 2777],[  70 2802],2.4999999999999996,1.7857142857142856,1.9353819916351869,-62.6748787412164
1733,[ 127 3268],[ 118 3260],[ 146 3286],-1.0,-1.3461538461538465,-1.1090748714963303,47.96052408942891
885,[  75 2032],[ 102 2007],[  73 2032],1.7857142857142856,1.7857142857142856,1.78571,-60.75111504159832
210,[ 225 3221],[ 239 3233],[ 208 3211],-1.3461538461538465,-1.3461538461538465,-1.34615,53.39284682374126
25,[ 226 1421],[ 241 1406],[ 210 1428],1.5,1.3461538461538465,1.4156187616696343,-54.76242987923221
1201,[115 516],[131 500],[104 527],1.176470588235294,1.1764705882352942,1.17647,-49.63544929005889
