Unnamed: 0,pixel,closest contour point,closest skeleton point,slope at nc,slope at ns,average slope,average angle
1700,[ 231 5463],[ 206 5441],[ 238 5465],-2.4999999999999996,-2.4999999999999996,-2.5,68.19859051364821
1473,[  76 4192],[  91 4205],[  59 4185],-2.4999999999999996,-2.5,-2.5,68.19859051364821
116,[ 112 2853],[ 134 2830],[ 107 2857],1.176470588235294,1.0,1.02955626805358,-45.83433494536544
1540,[  46 5716],[  31 5702],[  64 5721],-1.7857142857142858,-2.4999999999999996,-2.1595893476630104,65.15345734859234
