Unnamed: 0,pixel,closest contour point,closest skeleton point,slope at nc,slope at ns,average slope,average angle
1441,[193 958],[197 961],[170 935],-1.3461538461538465,-1.3461538461538465,-1.34615,53.39284682374126
2486,[  25 2772],[  18 2778],[  54 2764],2.5,2.5,2.5,-68.19859051364821
2164,[  46 2689],[  12 2656],[  47 2689],-2.5,inf,-120.95357740482136,89.52631021475472
1585,[  79 1144],[  83 1144],[  47 1144],inf,-2.5000000000000004,-22.5,87.45519562018681
1327,[ 132 5657],[ 145 5670],[ 115 5647],-1.0,-1.3461538461538465,-1.1669967940443935,49.40671506716189
