Unnamed: 0,pixel,closest contour point,closest skeleton point,slope at nc,slope at ns,average slope,average angle
2297,[ 118 2129],[ 107 2140],[ 136 2115],1.0,1.3461538461538465,1.1403767009396977,-48.752372251137295
345,[ 143 1730],[ 120 1707],[ 147 1735],-1.0,-1.0,-1.0,44.99999999999999
959,[ 82 980],[ 79 977],[ 106 1005],-1.1764705882352942,-1.3461538461538465,-1.1949771122104658,50.07619016071702
1263,[  79 2062],[  58 2081],[  86 2055],1.3461538461538467,1.3461538461538465,1.34615,-53.39284682374126
