Unnamed: 0,pixel,closest contour point,closest skeleton point,slope at nc,slope at ns,average slope,average angle
1977,[ 241 3869],[ 207 3869],[ 244 3869],inf,inf,100.0,-89.42706130231674
138,[238   7],[207   6],[240  32],-2.4999999999999996,inf,-5.591734712004211,79.86067307772028
1667,[ 276 4665],[ 282 4667],[ 243 4661],-2.5,-2.4999999999999996,-2.5,68.19859051364821
2401,[ 249 5411],[ 280 5382],[ 244 5413],2.5,2.4999999999999996,2.5,-68.19859051364821
648,[  32 2757],[  16 2772],[  51 2752],2.5,2.5,2.4999999999999996,-68.19859051364818
1426,[ 131 5577],[ 128 5575],[ 156 5601],-1.0,-1.3461538461538465,-1.0326196814887678,45.91940940767457
1981,[  51 1063],[  33 1046],[  64 1070],-1.7857142857142856,-1.7857142857142856,-1.78571,60.75111504159832
1751,[ 118 4102],[ 140 4125],[ 112 4100],-1.176470588235294,-1.3461538461538465,-1.3180218687314311,52.81194567883967
1285,[  36 1186],[  12 1205],[  48 1184],2.5,2.5,2.4999999999999996,-68.19859051364818
