Unnamed: 0,pixel,closest contour point,closest skeleton point,slope at nc,slope at ns,average slope,average angle
1572,[ 252 6182],[ 280 6157],[ 240 6155],2.5,inf,5.676057697387802,-80.00824445096089
648,[  32 2757],[  16 2772],[  51 2752],2.5,2.5,2.4999999999999996,-68.19859051364818
1704,[ 191 3682],[ 197 3675],[ 170 3702],1.0,1.0,1.0,-44.99999999999999
