Unnamed: 0,pixel,closest contour point,closest skeleton point,slope at nc,slope at ns,average slope,average angle
33,[  85 1716],[  77 1710],[ 124 1738],-1.7857142857142856,-1.3461538461538465,-1.705464973142396,59.61475679052022
1764,[  95 7266],[ 126 7293],[  81 7259],-2.4999999999999996,-2.4999999999999996,-2.5,68.19859051364821
1837,[ 220 3871],[ 243 3894],[ 187 3871],-2.4999999999999996,inf,-4.964159995044029,78.61053940504952
275,[ 148 4068],[ 172 4092],[ 129 4056],-1.7857142857142858,-1.3461538461538465,-1.5212483740390723,56.6808868973038
1802,[ 163 1317],[ 168 1312],[ 123 1344],1.785714285714286,1.7857142857142856,1.78571,-60.751115041598325
