Unnamed: 0,pixel,closest contour point,closest skeleton point,slope at nc,slope at ns,average slope,average angle
1157,[  77 3281],[  69 3275],[ 117 3302],-1.7857142857142856,-1.7857142857142856,-1.78571,60.751115041598325
647,[ 183 2482],[ 197 2495],[ 150 2466],-1.7857142857142858,-1.785714285714286,-1.7857099999999997,60.751115041598304
1168,[ 114 4947],[ 128 4961],[  80 4936],-2.4999999999999996,-2.4999999999999996,-2.4999999999999996,68.19859051364818
2243,[  87 1155],[ 117 1155],[  64 1155],inf,inf,100.0,-89.42706130231674
2304,[ 195 6872],[ 221 6847],[ 173 6878],2.4999999999999996,2.4999999999999996,2.5,-68.19859051364821
