Unnamed: 0,pixel,closest contour point,closest skeleton point,slope at nc,slope at ns,average slope,average angle
1434,[ 81 414],[117 398],[ 68 417],2.4999999999999996,2.4999999999999996,2.4999999999999996,-68.19859051364818
2154,[  36 4311],[  15 4330],[  69 4308],2.5,2.4999999999999996,2.5,-68.19859051364821
187,[  45 2793],[  24 2812],[  75 2787],2.5,2.4999999999999996,2.5,-68.19859051364821
1667,[ 153 1789],[ 157 1794],[ 113 1760],-1.3461538461538465,-1.7857142857142856,-1.3965814170296944,54.39604264593132
1988,[  49 2608],[  28 2588],[  78 2614],-2.5,-2.4999999999999996,-2.5,68.19859051364821
1677,[ 176 4065],[ 183 4072],[ 136 4043],-1.7857142857142858,-1.785714285714286,-1.78571,60.75111504159832
