Unnamed: 0,pixel,closest contour point,closest skeleton point,slope at nc,slope at ns,average slope,average angle
1423,[ 199 5575],[ 205 5579],[ 159 5546],-1.7857142857142858,-1.785714285714286,-1.78571,60.75111504159832
2189,[  41 5847],[  13 5871],[  67 5842],2.5,2.4999999999999996,2.5,-68.19859051364821
2112,[ 154 2903],[ 178 2881],[ 133 2913],1.785714285714286,1.7857142857142858,1.78571,-60.75111504159832
2455,[ 202 5523],[ 221 5541],[ 171 5517],-2.4999999999999996,-2.4999999999999996,-2.5,68.19859051364821
1977,[  79 6523],[ 118 6555],[  71 6521],-2.4999999999999996,-2.4999999999999996,-2.5,68.19859051364821
248,[143  28],[132  24],[181  48],-2.4999999999999996,-2.0,-2.392905351587814,67.31985106883177
336,[ 147 4508],[ 111 4543],[ 153 4504],2.4999999999999996,2.4999999999999996,2.5,-68.19859051364821
1585,[ 125 6356],[  95 6328],[ 139 6362],-1.7857142857142856,-1.7857142857142858,-1.78571,60.75111504159832
1139,[  96 4379],[ 134 4343],[  91 4380],2.4999999999999996,2.4999999999999996,2.5,-68.19859051364821
