Unnamed: 0,pixel,closest contour point,closest skeleton point,slope at nc,slope at ns,average slope,average angle
2199,[  39 6658],[  20 6675],[  72 6651],2.5,2.4999999999999996,2.5,-68.19859051364821
926,[ 192 4561],[ 224 4530],[ 176 4562],2.4999999999999996,2.4999999999999996,2.4999999999999996,-68.19859051364818
