Unnamed: 0,pixel,closest contour point,closest skeleton point,slope at nc,slope at ns,average slope,average angle
1776,[ 164 2265],[ 133 2294],[ 181 2263],2.4999999999999996,2.4999999999999996,2.5000000000000004,-68.19859051364821
1432,[ 107 2511],[  78 2483],[ 121 2519],-1.7857142857142856,-1.7857142857142856,-1.78571,60.75111504159832
2085,[ 130 6831],[ 105 6856],[ 151 6825],1.7857142857142856,2.4999999999999996,2.2272463208209308,-65.82063902707388
1944,[ 152 6721],[ 157 6718],[ 112 6750],1.785714285714286,1.7857142857142856,1.78571,-60.751115041598325
1707,[ 142 6471],[ 144 6472],[ 102 6434],-1.7857142857142858,-1.7857142857142856,-1.78571,60.75111504159832
2038,[  82 3629],[  53 3656],[  98 3622],1.7857142857142856,1.7857142857142856,1.78571,-60.75111504159832
378,[  84 5149],[  44 5188],[  87 5147],1.7857142857142856,1.7857142857142856,1.7857099999999997,-60.751115041598304
1269,[  60 5941],[  42 5959],[  90 5930],1.7857142857142856,2.4999999999999996,2.102435174935665,-64.5624208297055
