Unnamed: 0,pixel,closest contour point,closest skeleton point,slope at nc,slope at ns,average slope,average angle
561,[ 160 5269],[ 194 5236],[ 151 5273],1.785714285714286,1.7857142857142858,1.7857099999999997,-60.751115041598304
1678,[  48 2827],[  34 2839],[  83 2812],2.5,2.4999999999999996,2.5,-68.19859051364821
2232,[124 901],[104 883],[151 912],-1.7857142857142856,-2.4999999999999996,-2.128537149344021,64.83556991077874
76,[ 159 4548],[ 125 4581],[ 170 4545],2.4999999999999996,2.4999999999999996,2.5000000000000004,-68.19859051364821
1354,[  64 3613],[  42 3633],[  89 3602],1.7857142857142856,2.4999999999999996,2.1580005967536264,-65.13737565857059
212,[ 212 7721],[ 240 7693],[ 182 7690],2.4999999999999996,1.5000000000000002,2.021401048535836,-63.67810379376872
2150,[  99 2657],[ 119 2672],[  70 2653],-2.4999999999999996,-2.4999999999999996,-2.5,68.19859051364821
58,[ 139 2412],[ 120 2396],[ 167 2424],-2.4999999999999996,-2.4999999999999996,-2.5,68.19859051364821
