Unnamed: 0,pixel,closest contour point,closest skeleton point,slope at nc,slope at ns,average slope,average angle
407,[  34 4373],[  29 4377],[  74 4333],1.7857142857142858,2.4999999999999996,1.8583408806624904,-61.71466515879906
1841,[ 132 1696],[ 101 1665],[ 143 1703],-1.7857142857142856,-1.3461538461538465,-1.4469105385971204,55.35057384255083
1872,[ 122 4957],[ 128 4961],[  82 4931],-2.4999999999999996,-2.4999999999999996,-2.5,68.19859051364821
225,[ 145 1638],[ 122 1615],[ 167 1649],-2.4999999999999996,-2.4999999999999996,-2.5000000000000004,68.19859051364821
