Unnamed: 0,pixel,closest contour point,closest skeleton point,slope at nc,slope at ns,average slope,average angle
275,[ 148 4068],[ 172 4092],[ 129 4056],-1.7857142857142858,-1.3461538461538465,-1.5212483740390723,56.6808868973038
685,[ 166 4550],[ 127 4589],[ 171 4548],2.4999999999999996,2.4999999999999996,2.5000000000000004,-68.19859051364821
522,[ 136 5165],[ 149 5152],[ 103 5181],1.785714285714286,1.7857142857142856,1.78571,-60.751115041598325
2462,[162 943],[185 967],[141 933],-1.3461538461538465,-1.785714285714286,-1.6047589654451373,58.07104558908514
2210,[ 178 7620],[ 208 7591],[ 163 7625],1.785714285714286,2.4999999999999996,2.3037092777567305,-66.53517646558853
1760,[  90 6740],[  59 6769],[ 103 6733],1.7857142857142856,1.7857142857142856,1.78571,-60.75111504159832
1741,[ 175 6413],[ 175 6413],,-1.785714285714286,,-1.785714285714286,60.751173663453024
1414,[ 101 6489],[ 127 6515],[  82 6481],-2.4999999999999996,-2.4999999999999996,-2.5,68.19859051364821
437,[136 243],[151 256],[104 228],-1.7857142857142858,-1.7857142857142856,-1.7857099999999997,60.751115041598304
