Unnamed: 0,pixel,closest contour point,closest skeleton point,slope at nc,slope at ns,average slope,average angle
45,[ 44 330],[ 16 302],[ 68 336],-2.5,-2.4999999999999996,-2.5,68.19859051364821
1785,[138  35],[131  30],[178  62],-2.4999999999999996,-2.4999999999999996,-2.5000000000000004,68.19859051364821
1161,[ 215 5380],[ 239 5362],[ 184 5380],2.4999999999999996,2.4999999999999996,2.5,-68.19859051364821
456,[  63 4866],[  53 4856],[ 101 4884],-1.7857142857142856,-1.7857142857142856,-1.78571,60.75111504159832
531,[ 163 2361],[ 133 2342],[ 182 2366],-2.4999999999999996,-2.4999999999999996,-2.4999999999999996,68.19859051364818
647,[ 183 2482],[ 197 2495],[ 150 2466],-1.7857142857142858,-1.785714285714286,-1.7857099999999997,60.751115041598304
1162,[  37 5143],[  28 5149],[  77 5119],2.5,2.4999999999999996,2.5,-68.19859051364821
261,[  97 1375],[  83 1387],[ 130 1358],1.7857142857142856,1.785714285714286,1.78571,-60.75111504159832
681,[ 114 7320],[ 119 7324],[  74 7284],-2.4999999999999996,-2.4999999999999996,-2.5,68.19859051364821
2386,[ 100 1010],,[ 100 1010],,-1.7857142857142856,-1.7857142857142856,60.751173663453024
1220,[ 144 3653],[ 165 3632],[ 120 3664],1.785714285714286,1.7857142857142856,1.7857099999999997,-60.751115041598304
2230,[170 881],[209 919],[166 879],-1.7857142857142858,-2.4999999999999996,-2.4457877142049003,67.76200488335466
312,[  77 5846],[ 117 5824],[  68 5846],2.4999999999999996,inf,15.180791345014809,-86.23121612011612
924,[  80 3679],[  70 3689],[ 116 3658],1.5,1.3461538461538465,1.461021348651851,-55.61020545695986
1065,[ 167 7569],[ 187 7549],[ 142 7581],1.3461538461538465,1.7857142857142858,1.5681013974017577,-57.4737776276278
1740,[ 132 6433],[ 153 6453],[ 108 6421],-1.7857142857142858,-1.7857142857142856,-1.7857099999999997,60.751115041598304
2015,[ 131 6474],[ 140 6481],[  92 6455],-1.7857142857142858,-2.4999999999999996,-1.934370047094328,62.662656298616426
663,[ 89 591],[ 77 601],[124 572],1.7857142857142856,1.3461538461538465,1.6618731802368325,-58.963388881039265
1875,[  62 2528],[  56 2524],[ 102 2557],-1.7857142857142856,-1.7857142857142856,-1.78571,60.75111504159832
1273,[ 204 3880],[ 241 3913],[ 187 3878],-2.4999999999999996,-2.4999999999999996,-2.5000000000000004,68.19859051364821
