Unnamed: 0,pixel,closest contour point,closest skeleton point,slope at nc,slope at ns,average slope,average angle
2300,[ 142 5318],[ 119 5338],[ 165 5307],2.4999999999999996,2.4999999999999996,2.5,-68.19859051364821
652,[  71 4898],[  45 4872],[  91 4905],-1.7857142857142856,-2.4999999999999996,-2.238858699483281,65.93177919018474
2,[ 115 6811],[  93 6832],[ 137 6798],1.7857142857142856,1.3461538461538465,1.546845424464743,-57.118260875553915
