Unnamed: 0,pixel,closest contour point,closest skeleton point,slope at nc,slope at ns,average slope,average angle
4,[  84 4989],[ 117 5014],[  69 4986],-2.4999999999999996,-2.4999999999999996,-2.5,68.19859051364821
1034,[  93 6359],[  83 6350],[ 129 6380],-1.7857142857142856,-1.3461538461538465,-1.678444038849655,59.21394146132103
2149,[ 68 568],[ 62 573],[108 541],1.7857142857142856,1.7857142857142856,1.78571,-60.75111504159832
