Unnamed: 0,pixel,closest contour point,closest skeleton point,slope at nc,slope at ns,average slope,average angle
20,[  43 5767],[  13 5742],[  67 5771],-2.5,-2.4999999999999996,-2.5,68.19859051364821
830,[ 170 2495],[ 188 2512],[ 143 2480],-1.7857142857142858,-1.3461538461538465,-1.5901335407017996,57.83511596334556
