Unnamed: 0,pixel,closest contour point,closest skeleton point,slope at nc,slope at ns,average slope,average angle
1576,[ 201 5474],[ 233 5504],[ 182 5473],-2.4999999999999996,-2.4999999999999996,-2.4999999999999996,68.19859051364818
1338,[ 143 5258],,[ 143 5258],,1.785714285714286,1.785714285714286,-60.751173663453024
296,[ 140 7553],[ 172 7521],[ 131 7560],1.785714285714286,1.3461538461538465,1.4346084697674113,-55.1214093010428
310,[149 234],[158 242],[111 214],-1.7857142857142858,-1.7857142857142856,-1.78571,60.75111504159832
2417,[  40 2592],[  30 2582],[  79 2611],-1.7857142857142858,-2.4999999999999996,-1.9613159737956156,62.98470475907555
849,[  77 3296],[  64 3284],[ 111 3314],-1.7857142857142856,-1.7857142857142856,-1.78571,60.751115041598325
786,[  83 1344],[  68 1359],[ 113 1327],1.7857142857142856,1.3461538461538465,1.6182899111106033,-58.286577953200215
832,[ 130 2604],[ 138 2609],[  90 2584],-2.4999999999999996,-2.4999999999999996,-2.5,68.19859051364821
674,[ 115 5867],[ 123 5859],[  75 5885],2.4999999999999996,2.4999999999999996,2.5,-68.19859051364821
2491,[ 179 2177],[ 203 2154],[ 157 2185],1.785714285714286,2.4999999999999996,2.204839846093558,-65.60344214167621
