Unnamed: 0,pixel,closest contour point,closest skeleton point,slope at nc,slope at ns,average slope,average angle
1012,[ 152 6870],[ 122 6897],[ 167 6863],2.4999999999999996,2.4999999999999996,2.4999999999999996,-68.19859051364818
1536,[  55 2662],[  17 2624],[  68 2662],-2.5,-2.4999999999999996,-2.5,68.19859051364821
466,[  91 3660],[  67 3683],[ 112 3650],1.7857142857142856,1.7857142857142856,1.7857099999999997,-60.751115041598304
1094,[ 103 1940],[ 117 1940],[  65 1940],inf,inf,100.0,-89.42706130231674
99,[ 225 4699],[ 237 4711],[ 185 4673],-2.4999999999999996,-2.4999999999999996,-2.4999999999999996,68.19859051364818
683,[  72 4883],[  50 4862],[  96 4894],-1.7857142857142856,-1.7857142857142856,-1.78571,60.75111504159832
562,[ 79 193],[ 66 180],[113 209],-1.7857142857142856,-1.7857142857142856,-1.78571,60.75111504159832
1077,[ 131 1804],[ 145 1818],[  99 1788],-2.4999999999999996,-1.7857142857142856,-2.2455340299397584,65.99523374544752
41,[142 160],[182 198],[140 159],-1.7857142857142858,-1.5,-1.5111284340305429,56.5051176059363
791,[ 196 6047],[ 207 6038],[ 157 6061],1.785714285714286,2.4999999999999996,1.968137375264603,-63.06512164344146
189,[ 57 332],[ 18 294],[ 68 336],-2.5,-2.4999999999999996,-2.5,68.19859051364821
2274,[  64 2535],[  55 2526],[ 103 2555],-1.7857142857142856,-1.7857142857142856,-1.7857099999999997,60.751115041598304
1132,[ 132 2442],[ 110 2421],[ 155 2453],-2.4999999999999996,-2.4999999999999996,-2.5000000000000004,68.19859051364821
538,[100 979],[ 69 949],[112 986],-1.5,-1.7857142857142856,-1.7161135042087587,59.77012982331019
1255,[  79 2836],[  46 2867],[  91 2832],1.7857142857142856,2.4999999999999996,2.344022933179097,-66.89608127105372
