Unnamed: 0,pixel,closest contour point,closest skeleton point,slope at nc,slope at ns,average slope,average angle
358,[  46 4165],[  25 4147],[  75 4175],-2.5,-2.4999999999999996,-2.5,68.19859051364821
2114,[ 117 2083],[ 149 2051],[ 107 2089],1.785714285714286,1.7857142857142856,1.78571,-60.751115041598325
2037,[ 139 2526],[ 166 2553],[ 122 2518],-1.7857142857142858,-1.7857142857142856,-1.78571,60.751115041598325
1556,[  28 5005],[   9 4992],[  66 5005],-2.5,-2.5000000000000004,-2.4999999999999996,68.19859051364818
2077,[155 140],[193 177],[151 138],-1.7857142857142858,-1.785714285714286,-1.78571,60.751115041598325
395,[ 219 7031],[ 235 7046],[ 182 7023],-2.4999999999999996,-2.4999999999999996,-2.5,68.19859051364821
