Unnamed: 0,pixel,closest contour point,closest skeleton point,slope at nc,slope at ns,average slope,average angle
2235,[ 173 1414],[ 205 1383],[ 161 1419],1.785714285714286,1.7857142857142858,1.7857100000000004,-60.75111504159832
1303,[ 105 6435],[ 144 6472],[ 102 6434],-1.7857142857142858,-1.7857142857142856,-1.78571,60.75111504159832
274,[ 109 1231],[ 125 1215],[  77 1240],2.4999999999999996,2.4999999999999996,2.5000000000000004,-68.19859051364821
766,[ 77 331],[117 363],[ 69 331],-2.4999999999999996,inf,-18.50781059358212,86.90724514789865
