Unnamed: 0,pixel,closest contour point,closest skeleton point,slope at nc,slope at ns,average slope,average angle
1658,[ 571 2415],[ 600 2386],[ 565 2436],0.3,0.3,0.3,-16.69924423399362
754,[ 680 3749],[ 693 3764],[ 663 3713],-0.5,-0.5,-0.5,26.56505117707799
434,[ 195 3291],[ 209 3306],[ 170 3262],-0.8,-0.7000000000000001,-0.7651089125881138,37.419924907534146
1964,[ 749 4098],[ 731 4118],[ 759 4067],0.5,0.3,0.4095254265378011,-22.270347261710672
1803,[ 889 2847],[ 929 2887],[ 888 2840],-0.3,-0.3,-0.3,16.69924423399362
1015,[  97 6791],[  86 6801],[ 132 6765],1.0,1.3461538461538465,1.08801428647119,-47.41371127013712
2376,[ 812 3695],[ 822 3706],[ 794 3655],-0.5,-0.3,-0.4493744353955147,24.197931928344588
524,[814 586],[828 600],[800 549],-0.5,-0.3,-0.4332907688117367,23.426639558246443
1452,[  97 1338],[  76 1358],[ 121 1320],1.1764705882352942,1.3461538461538465,1.259872033898305,-51.55986485055392
