Unnamed: 0,pixel,closest contour point,closest skeleton point,slope at nc,slope at ns,average slope,average angle
385,[  84 5213],[  69 5228],[ 116 5192],1.5,1.3461538461538465,1.445138133426849,-55.317719815382766
1606,[543 697],[554 710],[522 657],-0.3,-0.3,-0.2999999999999999,16.69924423399362
2291,[ 105 5904],[ 134 5875],[  86 5908],2.4999999999999996,2.4999999999999996,2.5,-68.19859051364821
