Unnamed: 0,pixel,closest contour point,closest skeleton point,slope at nc,slope at ns,average slope,average angle
2202,[ 143 6828],[ 127 6843],[ 168 6801],0.7000000000000001,0.7000000000000001,0.7,-34.99202019855866
2276,[ 197 6079],[ 174 6101],[ 211 6055],0.7000000000000001,0.7000000000000001,0.7,-34.99202019855866
131,[ 705 5639],[ 692 5652],[ 720 5601],0.5,0.3,0.4379292930226863,-23.650019556609337
686,[254 669],[226 698],[261 648],0.5,0.3,0.3708948748684999,-20.34955913051211
974,[1293 1799],[1326 1834],[1287 1789],-0.7000000000000001,-0.5,-0.5390252385932265,28.325787951708556
