Unnamed: 0,pixel,closest contour point,closest skeleton point,slope at nc,slope at ns,average slope,average angle
2415,[ 147 4810],[ 118 4781],[ 159 4823],-1.0,-1.0,-1.0,44.99999999999999
158,[1018  463],[982 424],[1021  477],-0.3,-0.3,-0.3,16.69924423399362
312,[ 420 7692],[ 429 7713],[ 420 7653],-0.3,-0.2,-0.2630585131745668,14.738237353864289
232,[ 276 3180],[ 248 3152],[ 280 3203],-0.3,-0.3,-0.3,16.69924423399362
2234,[1465 4588],[1485 4573],[1428 4594],2.4999999999999996,2.4999999999999996,2.5,-68.19859051364821
873,[ 107 3495],[ 123 3483],[  69 3495],2.4999999999999996,inf,3.81578947368421,-75.31480296287847
1784,[  89 4072],[  73 4056],[ 120 4090],-1.3461538461538465,-1.3461538461538465,-1.34615,53.39284682374126
228,[  91 5959],[  60 5989],[ 105 5951],1.3461538461538467,1.7857142857142856,1.6661144108602757,-59.02786562260481
