Unnamed: 0,pixel,closest contour point,closest skeleton point,slope at nc,slope at ns,average slope,average angle
2371,[924 216],[941 199],[912 250],0.3,0.3,0.3,-16.69924423399362
332,[ 590 5248],[ 579 5235],[ 604 5287],-0.5,-0.3,-0.4417461034247368,23.833257840211335
