Unnamed: 0,pixel,closest contour point,closest skeleton point,slope at nc,slope at ns,average slope,average angle
2099,[ 117 2911],[  95 2933],[ 137 2892],1.0,1.3461538461538465,1.1834728695207273,-49.803166680373366
903,[1064 1279],[1072 1304],[1062 1249],-0.3,-0.3,-0.2999999999999999,16.69924423399362
2437,[1349 2467],[1331 2450],[1375 2488],-1.0,-1.3461538461538465,-1.1473051631425508,48.924343017153085
1858,[1417 3285],[1427 3293],[1381 3257],-1.3461538461538465,-1.3461538461538465,-1.34615,53.39284682374126
