Unnamed: 0,pixel,closest contour point,closest skeleton point,slope at nc,slope at ns,average slope,average angle
2265,[1161 7276],[1198 7316],[1161 7261],-0.3,-0.3,-0.3,16.69924423399362
834,[ 974 5156],[1009 5192],[ 972 5142],-0.3,-0.3,-0.3,16.69924423399362
2143,[ 186 3195],[ 178 3185],[ 207 3235],-0.5,-0.7000000000000001,-0.5441719092514463,28.5537906154347
1950,[1270  497],[1306  460],[1265  505],0.5,0.5,0.5,-26.56505117707799
262,[ 568 2466],[ 546 2491],[ 576 2440],0.3,0.3,0.3,-16.69924423399362
