Unnamed: 0,pixel,closest contour point,closest skeleton point,slope at nc,slope at ns,average slope,average angle
2053,[1313 2092],[1275 2130],[1315 2087],0.6,0.7000000000000001,0.6908919420068965,-34.64028242644138
2313,[ 210 5263],[ 242 5230],[ 203 5274],0.5,0.7000000000000001,0.6558063504785528,-33.2571169238509
9,[207  73],[203  68],[245 113],-0.5,-0.5,-0.5,26.56505117707799
1429,[ 255 7028],[ 255 7028],,-0.3,,-0.3,16.69924423399362
941,[ 818 4411],[ 782 4372],[ 821 4418],-0.3,-0.5,-0.4749032010668465,25.403192761968207
1393,[  61 1047],[  34 1021],[  84 1056],-1.7857142857142856,-2.4999999999999996,-2.216287650992589,65.71486717665769
862,[ 964 2546],[ 972 2536],[ 939 2586],0.3,0.3,0.3,-16.69924423399362
756,[ 201 7632],[ 179 7656],[ 213 7608],0.5,0.7000000000000001,0.6096393019331399,-31.368126709023716
