Unnamed: 0,pixel,closest contour point,closest skeleton point,slope at nc,slope at ns,average slope,average angle
647,[ 592 6798],[ 581 6786],[ 608 6837],-0.3,-0.3,-0.3,16.69924423399362
2221,[ 669 7093],[ 687 7074],[ 659 7125],0.3,0.3,0.3,-16.69924423399362
1862,[ 530 3020],[ 548 3039],[ 520 2985],-0.3,-0.3,-0.3,16.69924423399362
1367,[ 294 2472],[ 300 2481],[ 269 2432],-0.3,-0.3,-0.3,16.69924423399362
2337,[1263 3585],[1290 3556],[1253 3603],0.3,0.5,0.431606954670944,-23.345363686405403
1489,[159 562],[188 533],[146 574],1.0,1.0,1.0,-44.99999999999999
