Unnamed: 0,pixel,closest contour point,closest skeleton point,slope at nc,slope at ns,average slope,average angle
275,[1377 7625],[1353 7649],[1397 7610],2.4999999999999996,1.3461538461538465,1.8355578583804888,-61.41873858265705
119,[ 760 6403],[ 723 6442],[ 763 6396],0.5,0.5,0.5,-26.56505117707799
2095,[ 830 1329],[ 862 1361],[ 824 1314],-0.3,-0.3,-0.3,16.69924423399362
1891,[743 934],[772 905],[735 952],0.5,0.5,0.5,-26.56505117707799
1581,[ 760 7572],[ 787 7601],[ 750 7554],-0.5,-0.5,-0.5,26.56505117707799
176,[1394 3655],[1406 3642],[1364 3682],1.3461538461538465,1.3461538461538465,1.34615,-53.39284682374126
397,[1371 5277],[1343 5304],[1387 5265],1.3461538461538465,1.3461538461538465,1.34615,-53.39284682374126
2224,[1280 4134],[1314 4169],[1275 4123],-0.5,-0.5,-0.5,26.56505117707799
2086,[ 705 7131],[ 738 7096],[ 700 7143],0.5,0.5,0.5,-26.56505117707799
