Unnamed: 0,pixel,closest contour point,closest skeleton point,slope at nc,slope at ns,average slope,average angle
843,[1351 4903],[1361 4913],[1326 4866],-1.0,-0.7000000000000001,-0.92784178325186,42.856446400939106
69,[ 642 4023],[ 605 4063],[ 645 4017],0.3,0.3,0.3,-16.69924423399362
2318,[ 789 5597],[ 809 5577],[ 775 5625],0.3,0.3,0.3,-16.69924423399362
