Unnamed: 0,pixel,closest contour point,closest skeleton point,slope at nc,slope at ns,average slope,average angle
858,[ 120 7565],[  96 7589],[ 137 7547],1.0,1.3461538461538465,1.200148690557565,-50.19792018578697
93,[ 563 4824],[ 563 4824],,0.3,,0.3,-16.69924423399362
1024,[636 894],[669 860],[630 907],0.3,0.3,0.3,-16.69924423399362
1729,[660 971],[654 980],[687 931],0.3,0.5,0.3366192242873844,-18.6042223808517
460,[  90 1209],[ 125 1182],[  75 1212],2.4999999999999996,2.4999999999999996,2.5,-68.19859051364821
380,[1387 6739],[1393 6732],[1355 6776],1.0,0.7000000000000001,0.952425766737262,-43.60416536825862
