Unnamed: 0,pixel,closest contour point,closest skeleton point,slope at nc,slope at ns,average slope,average angle
862,[ 964 2546],[ 972 2536],[ 939 2586],0.3,0.3,0.3,-16.69924423399362
1445,[1276 2866],[1252 2891],[1285 2844],0.7000000000000001,0.5000000000000001,0.5813681034728959,-30.17235333391223
1774,[ 372 6261],[ 353 6232],[ 372 6291],-0.3,0.0,-0.1391683603326983,7.92287160046137
1926,[1417  964],[1423  971],[1377  935],-1.0,-1.3461538461538465,-1.0544356450905132,46.51779060511981
