Unnamed: 0,pixel,closest contour point,closest skeleton point,slope at nc,slope at ns,average slope,average angle
642,[ 702 5983],[ 686 5967],[ 718 6016],-0.5,-0.3,-0.423687068736385,22.961745298478583
154,[1368  567],[1401  533],[1360  575],1.0,1.0,1.0,-44.99999999999999
