Unnamed: 0,pixel,closest contour point,closest skeleton point,slope at nc,slope at ns,average slope,average angle
1128,[402 663],[419 646],[398 667],1.0,1.0,1.0,-44.99999999999999
1725,[138 200],[133 195],[149 220],-0.5,-0.5,-0.5,26.56505117707799
2118,[198 572],[182 588],[202 564],0.3,0.5,0.4433399211801961,-23.909621480336256
2032,[ 87 469],[ 94 462],[ 71 480],1.1764705882352942,1.3461538461538465,1.2337679699744082,-50.9743627275003
2293,[426 674],[434 666],[410 683],1.5,1.3461538461538465,1.441336715440597,-55.247071097951995
882,[ 82 516],[ 72 526],[ 90 502],0.8,0.7000000000000001,0.7532748583002873,-36.98979575671053
2419,[393 694],[386 701],[411 686],1.7857142857142858,1.3461538461538465,1.6386886451183904,-58.60661896064773
453,[424 654],[425 654],[401 670],1.3461538461538465,1.3461538461538465,1.3461499999999995,-53.39284682374126
1024,[197 576],[185 589],[202 564],0.3,0.5,0.4152868358772171,-22.552468523741297
574,[224 210],[231 219],[217 193],-0.3,-0.3,-0.3,16.69924423399362
