Unnamed: 0,pixel,closest contour point,closest skeleton point,slope at nc,slope at ns,average slope,average angle
1733,[402  84],[383  66],[404  87],-1.3461538461538465,-1.3461538461538465,-1.3461499999999995,53.39284682374126
315,[ 58 436],[ 72 424],[ 48 441],2.4999999999999996,1.7857142857142856,2.055330492400567,-64.05523646248314
1458,[270 609],[263 616],[279 591],0.5,0.3,0.4340563566184965,-23.463560655191333
472,[394 701],[389 706],[414 691],1.7857142857142858,1.3461538461538465,1.6801043590773763,-59.23884468207611
300,[300 619],[293 628],[309 603],0.5,0.5,0.5,-26.56505117707799
1618,[316 180],[321 186],[307 160],-0.5,-0.5,-0.5,26.56505117707799
2499,[ 38 379],[ 65 379],[ 37 379],inf,inf,100.0,-89.42706130231674
640,[226 567],[243 547],[224 571],0.3,0.3,0.2999999999999999,-16.69924423399362
