Unnamed: 0,pixel,closest contour point,closest skeleton point,slope at nc,slope at ns,average slope,average angle
1535,[322 598],[336 583],[319 607],0.5,0.3,0.3632347663867674,-19.962781352863516
19,[419  27],[405  13],[430  31],-2.5,-2.5,-2.5000000000000004,68.19859051364821
2259,[320 147],[304 129],[322 153],-0.5,-0.5,-0.5,26.56505117707799
567,[444 718],[455 709],[428 721],1.785714285714286,2.5,2.1186543070746877,-64.73279638656639
402,[145 226],[163 246],[144 223],-0.5,-0.5,-0.5,26.56505117707799
914,[ 72 496],[ 57 511],[ 79 491],1.1764705882352942,1.3461538461538465,1.297194217063218,-52.37156494494396
1324,[ 36 332],[ 18 315],[ 42 336],-2.5,-2.5,-2.5000000000000004,68.19859051364821
1744,[143 249],[148 254],[129 231],-0.7000000000000001,-0.7000000000000002,-0.7,34.99202019855866
5,[133 202],[128 198],[143 223],-0.7000000000000002,-0.5,-0.656826851686351,33.29798384847174
183,[180 535],[187 527],[171 551],0.3,0.3,0.3,-16.69924423399362
2204,[ 36 458],[ 27 467],[ 52 451],1.7857142857142858,1.7857142857142856,1.7857099999999997,-60.751115041598304
1391,[ 75 258],[ 62 246],[ 83 267],-1.0,-1.0,-1.0,44.99999999999999
