Unnamed: 0,pixel,closest contour point,closest skeleton point,slope at nc,slope at ns,average slope,average angle
791,[420 660],[425 654],[404 674],1.3461538461538465,1.3461538461538465,1.34615,-53.39284682374126
1289,[440  83],[441  84],[415  70],-1.7857142857142858,-1.785714285714286,-1.78571,60.751115041598325
1042,[ 67 280],[ 48 262],[ 71 281],-1.0,-1.3461538461538465,-1.2990404353134934,52.41096019733508
2005,[ 51 287],[ 38 276],[ 60 296],-1.7857142857142856,-1.3461538461538467,-1.5341604658982104,56.90279462702366
