Unnamed: 0,pixel,closest contour point,closest skeleton point,slope at nc,slope at ns,average slope,average angle
1735,[105 280],[108 284],[ 92 259],-1.0,-0.7000000000000001,-0.9494918511013924,43.51589196575107
286,[144 242],[153 251],[136 227],-0.7000000000000001,-0.5,-0.614370590483333,31.56534244362206
999,[446 730],[458 719],[431 732],2.5,2.5,2.5,-68.19859051364821
2341,[409  25],[403  22],[430  31],-2.5,-2.5,-2.5,68.19859051364821
1491,[309 619],[298 630],[315 606],0.5,0.5,0.5,-26.56505117707799
