Unnamed: 0,pixel,closest contour point,closest skeleton point,slope at nc,slope at ns,average slope,average angle
1562,[200 203],[219 223],[198 200],-0.3,-0.3,-0.3,16.69924423399362
2205,[441  85],[441  85],,-1.785714285714286,,-1.785714285714286,60.751173663453024
1831,[463 756],[465 756],[431 737],inf,inf,100.0,-89.42706130231674
1719,[300 187],[305 193],[293 166],-0.5,-0.3,-0.4478381135229843,24.124654150069944
1915,[421 723],[403 740],[427 720],2.5,2.5,2.5,-68.19859051364821
1515,[ 10 344],[  9 344],[ 40 346],-2.5,-2.5,-2.5000000000000004,68.19859051364821
1216,[298 629],[298 630],[311 604],0.5,0.5,0.5,-26.56505117707799
1812,[ 34 432],[ 18 447],[ 43 428],2.5,2.5,2.4999999999999996,-68.19859051364818
647,[ 26 369],[  8 354],[ 37 371],-2.5,-2.5,-2.5,68.19859051364821
