Unnamed: 0,pixel,closest contour point,closest skeleton point,slope at nc,slope at ns,average slope,average angle
33,[227 578],[208 597],[228 573],0.3,0.3,0.3,-16.69924423399362
2265,[408  47],[398  38],[422  55],-2.5,-2.5,-2.5,68.19859051364821
1784,[136 201],[131 196],[147 221],-0.5,-0.5,-0.5,26.56505117707799
336,[111 541],[104 550],[119 525],0.7000000000000001,0.7000000000000001,0.7000000000000001,-34.99202019855867
