Unnamed: 0,pixel,closest contour point,closest skeleton point,slope at nc,slope at ns,average slope,average angle
400,[228 204],[240 216],[223 191],-0.3,-0.3,-0.3,16.69924423399362
630,[416 702],[396 720],[419 700],1.7857142857142858,1.785714285714286,1.78571,-60.75111504159832
1193,[224 166],[219 161],[230 188],-0.3,-0.3,-0.3,16.69924423399362
1688,[413  45],[400  32],[424  49],-1.785714285714286,-2.5,-2.2221437143782987,65.77149717202084
37,[ 47 371],[ 65 371],[ 38 370],inf,-2.5,-3.757692380296864,75.09778769694815
425,[411 689],[391 709],[413 689],1.3461538461538465,1.785714285714286,1.7566810696745363,-60.34907518912646
