Unnamed: 0,pixel,closest contour point,closest skeleton point,slope at nc,slope at ns,average slope,average angle
477,[445  22],[460  36],[431  25],-2.5,inf,-6.0826478830131405,80.66396810151923
596,[367 647],[351 662],[372 641],0.7000000000000001,1.0,0.9212198942157708,-42.6518875994417
960,[272 165],[258 148],[274 173],-0.3,-0.3,-0.3,16.69924423399362
