Unnamed: 0,pixel,closest contour point,closest skeleton point,slope at nc,slope at ns,average slope,average angle
2020,[156 184],[156 184],,-0.5,,-0.5,26.56505117707799
1767,[236 575],,[236 575],,0.3,0.3,-16.69924423399362
1609,[394 679],[380 692],[401 671],1.3461538461538465,1.3461538461538465,1.34615,-53.39284682374126
