Unnamed: 0,pixel,closest contour point,closest skeleton point,slope at nc,slope at ns,average slope,average angle
1272,[308 632],[306 634],[317 607],0.5,0.3,0.4807584020308814,-25.676311722820035
212,[104 525],[ 90 540],[110 518],0.7000000000000001,0.8,0.7689972510715536,-37.56018530604538
1400,[271 203],[272 205],[261 178],-0.3,-0.3,-0.2999999999999999,16.69924423399362
763,[227 601],[225 603],[237 576],0.3,0.3,0.3,-16.69924423399362
975,[165 195],[155 185],[172 209],-0.3,-0.5,-0.3949308276079403,21.5505914653891
397,[331 597],[342 586],[323 609],0.5,0.7000000000000001,0.6037831847171615,-31.12287328158411
43,[419 717],[401 732],[425 715],2.5,2.5,2.5,-68.19859051364821
213,[128 231],,[128 231],,-0.7000000000000001,-0.7000000000000001,34.99202019855867
833,[130 537],[112 555],[133 533],0.7000000000000001,0.5,0.5328344207427219,-28.05022711175788
