Unnamed: 0,pixel,closest contour point,closest skeleton point,slope at nc,slope at ns,average slope,average angle
1320,[123 242],[140 259],[120 237],-0.6,-0.7000000000000002,-0.6804805898398896,34.23452708901246
2484,[ 83 523],[ 76 529],[ 97 508],1.0,0.8,0.9379945021431072,-43.1674654707851
