Unnamed: 0,pixel,closest contour point,closest skeleton point,slope at nc,slope at ns,average slope,average angle
1648,[375 671],[368 678],[389 657],1.0,1.0,1.0,-44.99999999999999
1261,[362 154],[367 161],[352 136],-0.7000000000000001,-0.7000000000000002,-0.7,34.99202019855866
2003,[ 70 502],[ 59 513],[ 80 492],1.0,1.1764705882352942,1.0924366666666667,-47.529486156139285
1186,[ 42 392],[ 65 392],[ 38 392],inf,2.5,2.934782608695652,-71.18393187905687
172,[411 107],[419 116],[398  95],-1.0,-1.0,-1.0,44.99999999999999
622,[178 232],[182 237],[169 211],-0.3,-0.3,-0.3,16.69924423399362
2155,[389 118],[403 133],[382 112],-1.0,-1.0,-1.0,44.99999999999999
1461,[ 79 246],[ 70 238],[ 91 259],-1.0,-0.7000000000000001,-0.8785043654024403,41.2994470010085
2115,[453 757],[464 751],[431 737],2.5,inf,3.553570743812296,-74.2830217223256
2314,[255 562],[261 553],[250 580],0.3,0.3,0.3,-16.69924423399362
2226,[270 150],[266 145],[279 171],-0.3,-0.3,-0.3,16.69924423399362
1444,[ 82 300],[ 89 306],[ 65 290],-1.3461538461538465,-1.3461538461538465,-1.34615,53.39284682374126
1269,[ 56 450],[ 75 431],[ 53 452],1.7857142857142856,1.7857142857142856,1.78571,-60.75111504159832
1793,[297 138],[293 134],[308 159],-0.5,-0.5,-0.5,26.56505117707799
485,[272 594],[255 613],[274 589],0.3,0.3,0.3,-16.69924423399362
2384,[ 38 313],[ 24 301],[ 49 318],-1.7857142857142858,-1.7857142857142856,-1.7857099999999997,60.751115041598304
1640,[366 633],[384 613],[365 635],0.7000000000000001,0.7000000000000001,0.6999999999999998,-34.992020198558656
1232,[305 144],[296 133],[310 158],-0.3,-0.3,-0.3,16.69924423399362
2180,[ 17 417],[ 10 419],[ 40 416],2.5,2.5,2.5,-68.19859051364821
1992,[393 620],[393 620],,1.0,,1.0,-44.99999999999999
