Unnamed: 0,pixel,closest contour point,closest skeleton point,slope at nc,slope at ns,average slope,average angle
1305,[ 65 248],[ 62 246],[ 83 267],-1.0,-1.0,-1.0,44.99999999999999
661,[228 196],[246 214],[226 190],-0.3,-0.3,-0.3,16.69924423399362
2109,[212 185],[196 169],[215 193],-0.3,-0.3,-0.3,16.69924423399362
2310,[341 629],[325 644],[345 622],0.7000000000000001,0.7000000000000001,0.7,-34.99202019855866
50,[325 588],[332 581],[319 607],0.5,0.3,0.4336146894645651,-23.44226341455916
1317,[310 155],[291 135],[310 158],-0.5,-0.3,-0.3196166716342559,17.72474642479784
1489,[213 200],[231 219],[212 195],-0.3,-0.3,-0.3,16.69924423399362
425,[411 689],[391 709],[413 689],1.3461538461538465,1.785714285714286,1.7566810696745363,-60.34907518912646
