Unnamed: 0,pixel,closest contour point,closest skeleton point,slope at nc,slope at ns,average slope,average angle
814,[292 181],[302 194],[286 169],-0.3,-0.3,-0.3,16.69924423399362
2372,[ 57 508],[ 56 509],[ 79 491],1.3461538461538467,1.3461538461538465,1.34615,-53.39284682374126
358,[411  37],[401  30],[427  42],-2.5,-2.5,-2.5000000000000004,68.19859051364821
1868,[147 252],[148 254],[134 228],-0.7000000000000001,-0.5,-0.6848560059246841,34.40552762959253
1175,[179 175],[179 175],,-0.5,,-0.5,26.56505117707799
