Unnamed: 0,pixel,closest contour point,closest skeleton point,slope at nc,slope at ns,average slope,average angle
273,[118 505],[128 495],[108 516],0.7000000000000001,0.7000000000000001,0.6999999999999998,-34.992020198558656
211,[184 530],[187 527],[173 552],0.3,0.5,0.3294225426867314,-18.23304816152456
2307,[103 493],[113 482],[ 92 503],0.8,0.8,0.8,-38.659808254090095
2221,[265 179],[286 200],[264 177],-0.3,-0.3,-0.3,16.69924423399362
557,[428  40],,[428  40],,-2.4999999999999996,-2.4999999999999996,68.19859051364818
239,[353 139],[372 158],[352 136],-0.6,-0.7000000000000002,-0.689470423715591,34.58511461549098
1121,[434 699],[446 687],[422 705],1.785714285714286,2.5,2.184627793412219,-65.40435162282898
936,[ 60 456],[ 78 438],[ 56 458],1.3461538461538465,1.7857142857142856,1.7200265801609391,-59.82686469990587
2410,[304 615],[293 628],[309 603],0.5,0.5,0.5,-26.56505117707799
1281,[143 549],[128 564],[147 541],0.7000000000000001,0.5,0.5593171133027582,-29.219031942530364
1028,[401  81],[384  64],[407  83],-1.5,-1.7857142857142858,-1.7262033926284392,59.91602939669752
157,[ 73 526],[ 72 526],[ 90 502],0.8,0.7000000000000001,0.7967117034329045,-38.544742425891855
1566,[360 624],[376 607],[358 630],0.7000000000000001,0.7000000000000001,0.7,-34.99202019855866
1884,[340 165],[347 173],[330 149],-0.7000000000000001,-0.7000000000000002,-0.6999999999999998,34.992020198558656
335,[429 701],[445 685],[422 705],1.5,2.5,2.237297386989123,-65.91689206706802
