Unnamed: 0,pixel,closest contour point,closest skeleton point,slope at nc,slope at ns,average slope,average angle
1608,[150 522],[157 513],[139 536],0.5,0.7000000000000001,0.5780775005767326,-30.031240626124553
2482,[165 581],[164 581],[176 554],0.5,0.3,0.4933675478270373,-26.260236162906725
2240,[286 152],[277 141],[291 166],-0.3,-0.3,-0.3,16.69924423399362
1488,[216 543],[219 539],[209 566],0.3,0.3,0.3,-16.69924423399362
650,[ 74 515],[ 67 521],[ 88 500],1.0,1.0,1.0,-44.99999999999999
1190,[ 90 519],[ 78 531],[ 98 509],1.0,0.7000000000000001,0.8290223628595919,-39.65949096042921
1102,[446  27],[459  39],[431  27],-2.5,inf,-5.448634335492355,79.60011731102716
859,[242 573],[261 553],[242 577],0.3,0.3,0.3,-16.69924423399362
1297,[  9 379],[  6 379],[ 37 379],inf,inf,100.0,-89.42706130231674
546,[ 66 482],[ 48 500],[ 69 478],1.0,1.1764705882352942,1.1474985488576597,-48.92912611102111
410,[365 621],[378 608],[358 630],0.8,0.7000000000000001,0.7382782218537319,-36.43764436118168
445,[ 61 431],[ 71 421],[ 46 435],2.4999999999999996,2.5,2.5,-68.19859051364821
478,[165 567],[155 577],[169 551],0.3,0.3,0.3,-16.69924423399362
1066,[460  14],[464  14],[431  25],inf,inf,100.0,-89.42706130231674
2273,[ 72 522],[ 70 524],[ 90 502],1.0,0.7000000000000001,0.9714643057143456,-44.17073787338557
390,[413 707],[397 722],[421 704],1.7857142857142858,1.785714285714286,1.78571,-60.75111504159832
