Unnamed: 0,pixel,closest contour point,closest skeleton point,slope at nc,slope at ns,average slope,average angle
1851,[125 494],[126 493],[108 516],0.8,0.7000000000000001,0.7951596359918711,-38.49030338085271
2304,[349 624],,[349 624],,0.7000000000000001,0.7000000000000001,-34.99202019855867
2351,[169 552],[148 574],[169 551],0.5,0.3,0.3063666261150413,-17.033316342883868
1191,[298 168],[317 188],[297 164],-0.5,-0.5,-0.5,26.56505117707799
2216,[460 742],[463 742],[431 737],2.5,inf,2.7548603747614693,-70.04936587562514
379,[267 600],[255 613],[271 588],0.3,0.3,0.2999999999999999,-16.69924423399362
