Unnamed: 0,pixel,closest contour point,closest skeleton point,slope at nc,slope at ns,average slope,average angle
1853,[ 303 2506],[ 312 2516],[ 295 2491],-0.5,-0.3,-0.4116451688884202,22.374278737594825
906,[430 699],[445 685],[421 703],1.785714285714286,1.7857142857142858,1.78571,-60.75111504159832
1030,[ 415 2207],[ 422 2200],[ 399 2218],1.0,1.3461538461538465,1.1168888042588487,-48.16050661922005
