Unnamed: 0,pixel,closest contour point,closest skeleton point,slope at nc,slope at ns,average slope,average angle
336,[ 410 1438],[ 423 1426],[ 402 1446],1.3461538461538465,1.3461538461538465,1.34615,-53.39284682374126
1152,[ 242 1355],[ 223 1376],[ 242 1352],0.3,0.3,0.3,-16.69924423399362
519,[  47 1173],[  65 1168],[  39 1175],2.4999999999999996,2.5,2.5,-68.19859051364821
920,[ 18 356],[  9 349],[ 38 361],-2.5,-2.5,-2.5000000000000004,68.19859051364821
2218,[361 895],[345 879],[366 900],-0.8,-0.7000000000000001,-0.7238095238095238,35.897377511708086
1436,[ 350 3254],[ 362 3266],[ 343 3243],-0.6,-0.7000000000000001,-0.6565516381567547,33.286966433290935
669,[ 312 2952],[ 306 2959],[ 321 2934],0.5,0.5,0.5,-26.56505117707799
880,[328 615],[310 634],[328 611],0.7000000000000001,0.3,0.3530284117347798,-19.444479270798467
2091,[ 294 3719],[ 287 3726],[ 303 3701],0.5,0.5,0.5,-26.56505117707799
1381,[389 653],[408 633],[387 654],1.0,1.0,1.0,-44.99999999999999
2342,[279 198],[282 201],[271 174],-0.5,-0.3,-0.4712761212475916,25.233382361928907
1566,[ 250 2117],[ 262 2103],[ 246 2128],0.3,0.3,0.3,-16.69924423399362
832,[ 157 2894],[ 152 2901],[ 166 2875],0.5,0.3,0.4419274283162756,-23.841950092152153
2499,[  66 2745],[  70 2743],[  45 2756],2.4999999999999996,2.5,2.5,-68.19859051364821
403,[ 140 3637],[ 161 3616],[ 139 3637],0.5,0.6,0.5967425102372491,-30.826323687282873
26,[ 170 2546],[ 185 2562],[ 167 2538],-0.5,-0.5,-0.5,26.56505117707799
2473,[ 251 3709],[ 250 3712],[ 258 3684],0.5,0.3,0.4782838846364171,-25.561038353824348
1210,[  70 3552],[  80 3542],[  56 3558],1.7857142857142856,1.3461538461538467,1.5740811967199468,-57.57256235050621
1029,[  49 2713],[  65 2713],[  38 2716],inf,2.5,4.281524101717403,-76.85357007419202
684,[ 23 439],[ 17 442],[ 45 432],2.5,2.5,2.5,-68.19859051364821
