Unnamed: 0,pixel,closest contour point,closest skeleton point,slope at nc,slope at ns,average slope,average angle
2045,[ 228 1710],[ 227 1709],[ 237 1736],-0.3,-0.3,-0.3,16.69924423399362
2039,[197 566],[179 585],[200 562],0.3,0.3,0.3,-16.69924423399362
1440,[  50 2036],[  43 2042],[  66 2024],1.3461538461538467,1.3461538461538465,1.34615,-53.39284682374126
769,[372 663],[363 672],[384 651],1.0,1.0,1.0,-44.99999999999999
16,[170 226],[180 237],[163 213],-0.3,-0.5,-0.4003416896384444,21.818284544289018
