Unnamed: 0,pixel,closest contour point,closest skeleton point,slope at nc,slope at ns,average slope,average angle
2229,[ 410 2282],[ 402 2288],[ 428 2277],2.5,2.5,2.5,-68.19859051364821
862,[ 414 3115],[ 405 3110],[ 432 3115],-2.5,-2.5,-2.4999999999999996,68.19859051364818
705,[  49 1061],[  38 1051],[  61 1070],-1.5,-1.3461538461538467,-1.4234199620939298,54.91067926443203
2475,[ 378 3750],[ 358 3769],[ 379 3748],0.8,0.8,0.8,-38.659808254090095
