Unnamed: 0,pixel,closest contour point,closest skeleton point,slope at nc,slope at ns,average slope,average angle
1608,[ 33 291],[ 30 289],[ 56 302],-1.7857142857142858,-1.3461538461538467,-1.7312488047472734,59.98850816509053
1505,[  84 3388],[  95 3400],[  72 3382],-1.0,-1.3461538461538465,-1.1897582218207818,49.95271667047387
2350,[ 197 2863],[ 202 2858],[ 187 2883],0.3,0.5,0.3480506146704084,-19.190483306157457
1159,[ 265 1725],[ 245 1703],[ 265 1727],-0.3,-0.4,-0.3936972414784916,21.489422896765085
1279,[ 391 3156],[ 390 3155],[ 415 3169],-1.785714285714286,-1.3461538461538465,-1.7640570743610138,60.45217967073972
788,[ 327 3709],[ 346 3689],[ 325 3711],0.5,0.5,0.5,-26.56505117707799
2043,[  49 1869],,[  49 1869],,-1.5,-1.5,56.30993247402022
531,[ 452 1487],[ 455 1486],[ 427 1494],2.5,2.5,2.5000000000000004,-68.19859051364821
