Unnamed: 0,pixel,closest contour point,closest skeleton point,slope at nc,slope at ns,average slope,average angle
902,[ 426 2318],[ 406 2318],[ 434 2318],inf,inf,100.0,-89.42706130231674
1848,[ 356 2959],[ 337 2977],[ 357 2955],0.8,0.5,0.5408287430476728,-28.4057968551889
