Unnamed: 0,pixel,closest contour point,closest skeleton point,slope at nc,slope at ns,average slope,average angle
1569,[ 122 1314],[ 109 1327],[ 129 1305],0.7000000000000001,0.7000000000000001,0.7,-34.99202019855866
1665,[  77 1990],[  79 1989],[  52 1999],1.7857142857142856,2.5,1.841155414298829,-61.491969018109025
1609,[ 271 2908],[ 289 2888],[ 270 2912],0.5,0.3,0.3265746608166532,-18.08572598464744
689,[ 97 995],[ 95 993],[ 112 1017],-0.8,-0.7000000000000001,-0.7903976203231027,38.32276029527182
