Unnamed: 0,pixel,closest contour point,closest skeleton point,slope at nc,slope at ns,average slope,average angle
1444,[ 152 1026],[ 152 1027],[ 136 1002],-0.5,-0.7000000000000001,-0.5067014224316996,26.871397644784043
1370,[ 38 321],[ 22 305],[ 46 324],-1.7857142857142858,-2.5,-2.3042150056135267,66.53976983313434
409,[ 217 3320],[ 221 3324],[ 208 3298],-0.5,-0.3,-0.4615527615340439,24.775816012315712
108,[ 370 2996],[ 365 3001],[ 386 2980],1.176470588235294,1.176470588235294,1.17647,-49.63544929005889
67,[234 962],,[234 962],,-0.4,-0.4,21.801409486351808
1881,[ 423 3793],[ 440 3778],[ 417 3797],1.785714285714286,1.7857142857142858,1.78571,-60.751115041598325
241,[  32 1840],[  30 1840],[  56 1853],-1.7857142857142858,-1.3461538461538467,-1.75570046393116,60.335318641939594
358,[ 10 340],[ 10 340],,-2.5,,-2.5,68.19859051364821
