Unnamed: 0,pixel,closest contour point,closest skeleton point,slope at nc,slope at ns,average slope,average angle
1363,[  40 1088],[  25 1074],[  49 1093],-1.7857142857142858,-1.7857142857142856,-1.78571,60.75111504159832
2365,[421 783],[406 773],[433 783],-2.5,inf,-6.255782578608322,80.91798563714572
399,[187 577],[179 585],[192 559],0.3,0.3,0.3,-16.69924423399362
1822,[ 403 2276],[ 399 2278],[ 425 2266],2.5,1.785714285714286,2.3884567158901437,-67.28189504565577
2209,[ 254 1353],[ 275 1332],[ 253 1355],0.3,0.3,0.3,-16.69924423399362
