Unnamed: 0,pixel,closest contour point,closest skeleton point,slope at nc,slope at ns,average slope,average angle
1229,[ 111 2081],[  97 2095],[ 117 2073],0.6,0.7000000000000001,0.6664418155026597,-33.68114758463638
684,[ 23 439],[ 17 442],[ 45 432],2.5,2.5,2.5,-68.19859051364821
