Unnamed: 0,pixel,closest contour point,closest skeleton point,slope at nc,slope at ns,average slope,average angle
2196,[  39 1875],[  21 1859],[  46 1875],-2.5,-2.5,-2.4999999999999996,68.19859051364818
2006,[  52 3480],[  65 3480],[  37 3480],inf,inf,100.0,-89.42706130231674
1791,[  88 3579],[  98 3568],[  75 3586],1.0,1.3461538461538465,1.1736663793417377,-49.5679775643408
2279,[393 871],[374 852],[395 873],-1.3461538461538465,-1.176470588235294,-1.19263,50.02073844875827
125,[272 618],[272 618],,0.5,,0.5,-26.56505117707799
1505,[  84 3388],[  95 3400],[  72 3382],-1.0,-1.3461538461538465,-1.1897582218207818,49.95271667047387
