Unnamed: 0,pixel,closest contour point,closest skeleton point,slope at nc,slope at ns,average slope,average angle
1621,[  35 1196],[  16 1215],[  42 1196],1.7857142857142858,inf,8.640300101262847,-83.39814705438877
906,[430 699],[445 685],[421 703],1.785714285714286,1.7857142857142858,1.78571,-60.75111504159832
1869,[ 294 3255],[ 281 3241],[ 297 3265],-0.3,-0.3,-0.3,16.69924423399362
353,[391  63],[386  60],[412  73],-1.3461538461538465,-1.7857142857142858,-1.4342566215326944,55.11481607741433
836,[ 354 2423],[ 354 2423],,-1.0,,-1.0,44.99999999999999
1268,[ 134 2534],[ 126 2525],[ 141 2550],-0.5,-0.5,-0.5,26.56505117707799
1366,[ 190 2862],[ 194 2855],[ 180 2880],0.3,0.3,0.3,-16.69924423399362
259,[ 358 2178],[ 378 2158],[ 357 2179],0.8,0.7000000000000001,0.7047619047619047,-35.17472295785154
1451,[  22 2722],[   8 2731],[  38 2722],2.5,inf,5.100518277670818,-78.90737629304974
