Unnamed: 0,pixel,closest contour point,closest skeleton point,slope at nc,slope at ns,average slope,average angle
1413,[ 215 2889],[ 233 2869],[ 214 2893],0.3,0.5,0.4734253391833467,-25.334060617954226
1928,[ 357 2936],[ 367 2926],[ 347 2948],0.6,0.7000000000000001,0.6475164098721482,-32.923719394117185
800,[  17 2750],[  12 2752],[  40 2741],2.5,2.5,2.4999999999999996,-68.19859051364818
346,[228 184],[209 164],[228 188],-0.3,-0.3,-0.3,16.69924423399362
2387,[ 168 1792],[ 168 1794],[ 155 1768],-0.5,-0.5,-0.5,26.56505117707799
2424,[  52 2789],[  35 2806],[  57 2786],1.3461538461538467,1.3461538461538467,1.34615,-53.39284682374126
2257,[ 398 1469],[ 388 1479],[ 410 1459],1.7857142857142858,1.3461538461538465,1.5768468687659851,-57.61806994212166
1993,[  96 2053],[ 115 2034],[  94 2055],1.0,1.0,1.0,-44.99999999999999
2200,[  30 2634],[  23 2630],[  49 2644],-2.5,-1.7857142857142856,-2.305006018041582,66.54695094954869
1032,[132 507],[138 500],[123 525],0.6,0.7000000000000001,0.6314186728602483,-32.26907932056238
1103,[221 963],[202 942],[221 966],-0.3,-0.3,-0.3,16.69924423399362
359,[ 429 2986],[ 429 2985],[ 407 3004],1.176470588235294,1.3461538461538465,1.1822364582752778,-49.77363901676132
