Unnamed: 0,pixel,closest contour point,closest skeleton point,slope at nc,slope at ns,average slope,average angle
2072,[418   5],[405   5],[430  25],inf,inf,100.0,-89.42706130231674
504,[ 247 2488],[ 241 2480],[ 254 2506],-0.3,-0.3,-0.3,16.69924423399362
960,[  89 2050],,[  89 2050],,1.0,1.0,-44.99999999999999
847,[ 370 2995],[ 364 2999],[ 385 2979],1.3461538461538465,1.3461538461538465,1.34615,-53.39284682374126
886,[ 230 2135],[ 218 2150],[ 235 2125],0.3,0.3,0.3,-16.69924423399362
2092,[ 252 2936],[ 252 2937],[ 262 2910],0.3,0.3,0.2999999999999999,-16.69924423399362
