Unnamed: 0,pixel,closest contour point,closest skeleton point,slope at nc,slope at ns,average slope,average angle
865,[  51 2715],[  65 2715],[  38 2716],inf,2.5,4.82828657328666,-78.29874927004941
1781,[211 568],[192 590],[212 566],0.3,0.5,0.4857142857142857,-25.906507999514385
2153,[168 564],[156 576],[173 551],0.5,0.3,0.3901544409427798,-21.31346381187365
