Unnamed: 0,pixel,closest contour point,closest skeleton point,slope at nc,slope at ns,average slope,average angle
1591,[ 434 2274],[ 453 2256],[ 428 2274],2.5,2.5,2.5,-68.19859051364821
1785,[ 116 2835],[ 129 2821],[ 109 2842],0.7000000000000001,0.7000000000000001,0.6999999999999998,-34.992020198558656
1158,[ 423 1485],,[ 423 1485],,2.5,2.5,-68.19859051364821
1013,[ 352 2212],[ 351 2212],[ 368 2188],1.0,0.7000000000000001,0.9899478663524506,-44.71057536527201
1842,[219 165],[218 161],[228 188],-0.3,-0.3,-0.2999999999999999,16.69924423399362
1520,[  62 1178],[  66 1175],[  40 1183],2.4999999999999996,2.5,2.5,-68.19859051364821
2244,[ 176 3648],[ 193 3630],[ 174 3653],0.5,0.3,0.3357295947379332,-18.55842596515713
2233,[352 910],,[352 910],,-0.7000000000000001,-0.7000000000000001,34.99202019855867
332,[ 433 2323],[ 406 2323],[ 434 2323],-2.4999999999999996,inf,-70.0,89.18154453831096
