Unnamed: 0,pixel,closest contour point,closest skeleton point,slope at nc,slope at ns,average slope,average angle
935,[ 291 1680],[ 313 1706],[ 286 1655],-0.3,-0.3,-0.2999999999999999,16.69924423399362
676,[1150  250],[1129  227],[1153  280],-0.3,-0.3,-0.3,16.69924423399362
2008,[771 987],[ 738 1020],[778 974],0.5,0.3,0.3480673703661323,-19.19133960092259
1330,[1071 1796],[1080 1783],[1052 1836],0.3,0.3,0.3,-16.69924423399362
803,[ 663 2197],[ 686 2221],[ 650 2173],-0.3,-0.3,-0.2999999999999999,16.69924423399362
720,[1143 1089],[1166 1118],[1143 1059],-0.3,0.0,-0.1343012753612583,7.649126720404265
28,[ 53 415],[ 14 449],[ 70 414],2.5,2.4999999999999996,2.5,-68.19859051364821
1599,[  71 1254],[  34 1290],[  82 1249],1.7857142857142856,2.4999999999999996,2.3645228668231724,-67.07560845234529
2347,[ 571 2152],[ 563 2143],[ 598 2192],-0.3,-0.3,-0.2999999999999999,16.69924423399362
1435,[1049 1037],[1077 1005],[1049 1058],0.3,0.0,0.0991804495105436,-5.664097509393065
59,[  95 1826],[ 135 1863],[  89 1823],-2.4999999999999996,-1.7857142857142856,-1.8640083438544808,61.78740804526997
1317,[ 158 1796],[ 166 1803],[ 118 1771],-1.3461538461538465,-1.3461538461538465,-1.34615,53.39284682374126
1166,[ 330 1475],[ 306 1502],[ 330 1445],0.3,0.3,0.3,-16.69924423399362
816,[1262 2079],[1232 2110],[1269 2063],0.5,0.5,0.5,-26.56505117707799
2499,[1417  943],[1435  961],[1387  928],-1.3461538461538465,-1.3461538461538465,-1.34615,53.39284682374126
403,[ 756 1413],[ 756 1413],,-0.5,,-0.5,26.56505117707799
591,[ 112 1953],[ 123 1943],[  72 1977],2.4999999999999996,2.4999999999999996,2.5,-68.19859051364821
917,[ 853 1822],[ 835 1840],[ 865 1789],0.3,0.3,0.3,-16.69924423399362
1509,[ 823 2045],[ 814 2036],[ 849 2085],-0.5,-0.5,-0.5,26.56505117707799
832,[1445 1447],[1473 1422],[1422 1456],2.4999999999999996,2.4999999999999996,2.5000000000000004,-68.19859051364821
2084,[ 132 2066],[ 154 2046],[ 106 2078],1.3461538461538465,1.7857142857142856,1.5700587805286,-57.50617202735532
2214,[595  83],[614  63],[583 114],0.3,0.3,0.3,-16.69924423399362
298,[155 980],[ 181 1007],[140 965],-1.0,-0.7000000000000001,-0.8084214126204965,38.952816279213415
114,[ 847 2093],[ 886 2133],[ 845 2087],-0.3,-0.5,-0.4796606917254669,25.625203235450236
2154,[ 568 1687],[ 539 1717],[ 572 1667],0.3,0.3,0.3,-16.69924423399362
