Unnamed: 0,pixel,closest contour point,closest skeleton point,slope at nc,slope at ns,average slope,average angle
785,[214 179],[224 191],[192 143],-0.7000000000000001,-0.7000000000000002,-0.7,34.99202019855866
368,[ 764 1370],[ 790 1397],[ 755 1349],-0.5,-0.3,-0.3757403399993353,20.593224861728512
135,[592 592],[581 581],[612 631],-0.5,-0.3,-0.4476089865918146,24.113718304035523
410,[ 112 1249],[ 135 1227],[  86 1258],2.4999999999999996,2.4999999999999996,2.5,-68.19859051364821
