Unnamed: 0,pixel,closest contour point,closest skeleton point,slope at nc,slope at ns,average slope,average angle
1094,[750 615],[764 631],[738 579],-0.3,-0.3,-0.3,16.69924423399362
1611,[ 836 1019],[ 806 1050],[ 842 1002],0.3,0.3,0.3,-16.69924423399362
1907,[1421  915],[1448  940],[1402  903],-1.3461538461538465,-1.3461538461538465,-1.34615,53.39284682374126
933,[ 338 1671],[ 361 1697],[ 333 1645],-0.3,-0.3,-0.3,16.69924423399362
2409,[ 119 1752],[  84 1718],[ 128 1756],-1.0,-1.3461538461538465,-1.2880168266737286,52.174686820098074
2185,[1339  277],[1339  277],,-0.6,,-0.6,30.96375653207353
2274,[1410 2170],[1442 2140],[1396 2176],1.3461538461538465,1.3461538461538465,1.3461500000000002,-53.392846823741266
308,[1018 1086],[ 997 1112],[1025 1056],0.3,0.3,0.3,-16.69924423399362
