Unnamed: 0,pixel,closest contour point,closest skeleton point,slope at nc,slope at ns,average slope,average angle
161,[1338  512],[1357  493],[1319  537],0.7000000000000001,0.7000000000000001,0.7000000000000001,-34.99202019855867
1742,[1291 1859],[1291 1859],,-0.5,,-0.5,26.56505117707799
1949,[ 957 1819],,[ 957 1819],,0.3,0.3,-16.69924423399362
1869,[  66 1081],[  26 1043],[  76 1083],-2.5,-2.4999999999999996,-2.5,68.19859051364821
1030,[1067 1288],[1077 1307],[1067 1252],-0.3,0.0,-0.1879211569117293,10.642964483405049
2041,[1375  193],[1404  222],[1362  181],-1.0,-1.176470588235294,-1.1232866897796343,48.32309558273701
