Unnamed: 0,pixel,closest contour point,closest skeleton point,slope at nc,slope at ns,average slope,average angle
1587,[ 757 1017],[ 749 1025],[785 977],0.5,0.5,0.5,-26.56505117707799
1095,[1375  682],[1365  689],[1415  661],2.4999999999999996,1.7857142857142858,2.348058289743048,-66.9316305233682
1827,[ 559 1673],[ 521 1712],[ 562 1664],0.3,0.3,0.3,-16.69924423399362
837,[1017 1075],[ 983 1109],[1017 1055],0.3,0.2,0.2293757961513444,-12.91879251304596
314,[1306 1370],[1300 1375],[1342 1334],1.0,1.0,1.0,-44.99999999999999
