Unnamed: 0,pixel,closest contour point,closest skeleton point,slope at nc,slope at ns,average slope,average angle
1069,[1007  519],[1023  536],[1005  482],-0.3,-0.3,-0.2999999999999999,16.69924423399362
1620,[577 849],[590 833],[564 886],0.3,0.3,0.3,-16.69924423399362
2199,[ 187 1326],[ 194 1318],[ 153 1360],1.0,1.0,1.0,-44.99999999999999
777,[1342 1340],[1303 1378],[1345 1337],1.0,0.8,0.8144567003527752,-39.161324440841625
990,[1397 1514],[1378 1518],[1432 1512],2.4999999999999996,2.4999999999999996,2.5,-68.19859051364821
56,[ 572 1689],[ 545 1719],[ 579 1669],0.3,0.3,0.3,-16.69924423399362
81,[ 106 2034],[ 135 2005],[  87 2039],2.4999999999999996,2.4999999999999996,2.5,-68.19859051364821
880,[ 335 1665],[ 361 1697],[ 333 1645],-0.3,-0.3,-0.3,16.69924423399362
392,[ 929 2018],[ 911 2000],[ 941 2052],-0.3,-0.3,-0.3,16.69924423399362
