Unnamed: 0,pixel,closest contour point,closest skeleton point,slope at nc,slope at ns,average slope,average angle
2070,[1296  205],[1273  180],[1310  225],-0.7000000000000002,-0.7000000000000001,-0.7,34.99202019855866
1539,[1386 1697],[1347 1659],[1390 1700],-1.3461538461538465,-1.7857142857142858,-1.7487422463120024,60.23737026214048
235,[ 841 1797],[ 811 1830],[ 847 1782],0.3,0.3,0.3,-16.69924423399362
788,[1380   87],[1363   72],[1413  100],-1.7857142857142858,-2.4999999999999996,-2.064246503494944,64.15267641852539
