Unnamed: 0,pixel,closest contour point,closest skeleton point,slope at nc,slope at ns,average slope,average angle
643,[468  63],[498  32],[464  87],0.3,0.3,0.3,-16.69924423399362
1429,[1270 2045],[1301 2013],[1263 2060],0.5,0.5,0.5,-26.56505117707799
1747,[ 256 1673],[ 293 1712],[ 253 1666],-0.3,-0.3,-0.3,16.69924423399362
642,[ 640 1437],[ 658 1455],[ 627 1404],-0.5,-0.3,-0.4164342928895473,22.608519507552316
1003,[1074 1025],[1077 1005],[1074 1060],0.3,0.0,0.1901355902332779,-10.765464969776136
1225,[1386 1310],[1394 1302],[1352 1343],1.0,1.0,1.0,-44.99999999999999
927,[ 701 2199],[ 712 2210],[ 682 2159],-0.5,-0.5,-0.5,26.56505117707799
1504,[ 876 2124],[ 884 2134],[ 853 2084],-0.5,-0.3,-0.4565502048269152,24.53907813761818
