Unnamed: 0,pixel,closest contour point,closest skeleton point,slope at nc,slope at ns,average slope,average angle
1942,[ 883 1846],[ 874 1855],[ 911 1806],0.3,0.3,0.3,-16.69924423399362
328,[1305 1045],[1324 1064],[1288 1017],-0.6,-0.7000000000000001,-0.6450637739214917,32.82459644762638
186,[1191  467],[1228  429],[1186  480],0.3,0.3,0.3,-16.69924423399362
