Unnamed: 0,pixel,closest contour point,closest skeleton point,slope at nc,slope at ns,average slope,average angle
1674,[  93 2103],[  67 2127],[ 111 2088],1.3461538461538465,1.3461538461538465,1.3461500000000002,-53.392846823741266
1919,[1426  943],[1438  956],[1392  920],-1.3461538461538465,-1.3461538461538465,-1.34615,53.39284682374126
1414,[  69 1826],[  37 1794],[  85 1833],-1.7857142857142856,-1.7857142857142856,-1.78571,60.751115041598325
269,[ 812 1721],[ 824 1708],[ 794 1758],0.5,0.3,0.4398625380886257,-23.74289564362873
679,[803 567],[835 599],[795 553],-0.5,-0.3,-0.3525405226021754,19.419619279824985
976,[ 369 2188],[ 382 2172],[ 369 2226],0.3,0.3,0.3,-16.69924423399362
