Unnamed: 0,pixel,closest contour point,closest skeleton point,slope at nc,slope at ns,average slope,average angle
1216,[1212 2092],[1206 2100],[1242 2052],0.5,0.5,0.5,-26.56505117707799
869,[1451 2182],[1461 2174],[1411 2204],2.4999999999999996,2.4999999999999996,2.5,-68.19859051364821
