Unnamed: 0,pixel,closest contour point,closest skeleton point,slope at nc,slope at ns,average slope,average angle
432,[  51 1907],[  13 1869],[  69 1907],-2.5,-2.4999999999999996,-2.5,68.19859051364821
519,[129 172],[100 144],[142 185],-1.0,-1.0,-1.0,44.99999999999999
941,[ 126 2069],[ 153 2044],[ 106 2078],1.785714285714286,1.7857142857142856,1.78571,-60.75111504159832
1984,[ 895 1056],[ 876 1078],[ 905 1026],0.3,0.3,0.3,-16.69924423399362
2240,[631 158],[607 185],[638 135],0.3,0.3,0.3,-16.69924423399362
