Unnamed: 0,pixel,closest contour point,closest skeleton point,slope at nc,slope at ns,average slope,average angle
2435,[ 238 1431],[ 204 1467],[ 241 1419],0.5,0.3,0.3399738839424387,-18.77669192468155
2129,[1452 1473],[1481 1447],[1427 1474],2.4999999999999996,2.4999999999999996,2.5000000000000004,-68.19859051364821
57,[1377  694],[1369  702],[1417  665],2.4999999999999996,1.7857142857142858,2.3669096819069475,-67.09633946144974
2423,[ 600 1426],[ 637 1463],[ 595 1416],-0.5,-0.3,-0.3352102079702372,18.531677562490817
180,[1467 1471],[1484 1456],[1427 1474],2.4999999999999996,2.4999999999999996,2.5,-68.19859051364821
1393,[ 227 1447],[ 206 1468],[ 238 1418],0.5,0.3,0.4021702190565626,-21.908522645053218
90,[1273 1064],[1290 1082],[1262 1030],-0.5,-0.3,-0.4181444519431612,22.69197266241305
573,[ 151 2150],[ 116 2184],[ 158 2143],1.0,1.0,1.0,-44.99999999999999
409,[1357  646],[1348  655],[1396  622],1.7857142857142858,1.3461538461538465,1.6901085634067583,-59.38813198914835
2156,[ 838 2131],[ 852 2147],[ 823 2096],-0.3,-0.3,-0.3,16.69924423399362
2092,[852 555],[877 581],[844 532],-0.3,-0.3,-0.2999999999999999,16.69924423399362
209,[  98 1773],[  66 1742],[ 110 1781],-1.3461538461538465,-1.3461538461538465,-1.34615,53.39284682374126
2162,[1366 1671],[1349 1655],[1398 1686],-1.5,-1.3461538461538465,-1.438799063672216,55.19976906433701
776,[ 233 2187],[ 271 2147],[ 230 2191],0.5,0.7000000000000001,0.6833811007298658,-34.34796305307391
238,[1035 1019],[1047 1002],[1030 1056],0.3,0.3,0.3,-16.69924423399362
38,[1417 1703],[1442 1728],[1395 1693],-1.5,-1.3461538461538465,-1.4086141105431085,54.62838575892335
