Unnamed: 0,pixel,closest contour point,closest skeleton point,slope at nc,slope at ns,average slope,average angle
875,[686 652],[695 662],[663 612],-0.5,-0.3,-0.4548496046397264,24.45839564966571
2440,[168 963],[196 992],[155 950],-1.0,-1.0,-1.0,44.99999999999999
1776,[650 109],[672  85],[640 135],0.5,0.3,0.3922189688932353,-21.41605353201397
1110,[1450   96],[1471  117],[1419   87],-1.7857142857142858,-2.4999999999999996,-2.1279791325449713,64.829787813343
2277,[ 497 1696],[ 491 1705],[ 533 1656],0.3,0.3,0.3,-16.69924423399362
883,[100 460],[130 434],[ 82 468],2.4999999999999996,2.4999999999999996,2.5,-68.19859051364821
253,[  92 2160],[  92 2160],,1.3461538461538465,,1.3461538461538465,-53.392925187392514
973,[ 966 1268],,[ 966 1268],,-0.2,-0.2,11.309932474020211
2310,[882 967],[889 958],[ 856 1007],0.3,0.3,0.3,-16.69924423399362
