Unnamed: 0,pixel,closest contour point,closest skeleton point,slope at nc,slope at ns,average slope,average angle
1652,[ 808 1364],[ 823 1382],[ 792 1332],-0.3,-0.5,-0.3791474586690843,20.764095414152845
2318,[1275 1739],[1272 1736],[1314 1778],-0.7000000000000001,-0.8,-0.7071428571428571,35.26576765934564
