Unnamed: 0,pixel,closest contour point,closest skeleton point,slope at nc,slope at ns,average slope,average angle
1942,[ 883 1846],[ 874 1855],[ 911 1806],0.3,0.3,0.3,-16.69924423399362
257,[1460 1474],[1483 1453],[1428 1481],2.4999999999999996,2.4999999999999996,2.5,-68.19859051364821
2298,[662 906],[694 872],[658 920],0.5,0.3,0.347543039279206,-19.16453959801619
