Unnamed: 0,pixel,closest contour point,closest skeleton point,slope at nc,slope at ns,average slope,average angle
2219,[  33 1934],[   8 1957],[  38 1934],2.5,2.5000000000000004,2.5,-68.19859051364821
96,[ 350 1354],[ 327 1381],[ 350 1352],0.3,0.0,0.0160135386133666,-0.9174297630939054
48,[ 110 1777],[  98 1763],[ 116 1788],-0.7000000000000001,-0.7000000000000001,-0.7000000000000001,34.99202019855867
534,[  22 1199],[  13 1207],[  43 1196],2.5,2.5,2.5000000000000004,-68.19859051364821
945,[  94 2859],[  86 2866],[ 106 2842],0.8,0.7000000000000001,0.7661878108054003,-37.45889580499507
2365,[  63 2000],[  80 1985],[  56 2005],1.7857142857142856,1.3461538461538467,1.4670571748855927,-55.72022223505785
447,[ 118 1825],[ 119 1826],[  97 1804],-1.0,-0.7000000000000001,-0.9863636363636364,44.6066713080636
741,[ 138 3608],[ 141 3604],[ 125 3630],0.7000000000000001,0.7000000000000001,0.7,-34.99202019855866
