Unnamed: 0,pixel,closest contour point,closest skeleton point,slope at nc,slope at ns,average slope,average angle
1014,[  63 1804],[  57 1798],[  79 1821],-1.1764705882352942,-1.3461538461538465,-1.221702773604595,50.6986557457125
372,[  65 1163],[  68 1160],[  39 1163],2.4999999999999996,inf,2.9079462199153157,-71.0226588443419
