Unnamed: 0,pixel,closest contour point,closest skeleton point,slope at nc,slope at ns,average slope,average angle
1230,[  31 2014],[  26 2017],[  54 2003],1.7857142857142858,1.3461538461538467,1.7038914094387774,-59.59167429270656
880,[269 586],[262 600],[269 569],0.3,0.0,0.1561903000740342,-8.87732008571862
895,[ 400 3693],[ 385 3714],[ 402 3686],0.3,0.3,0.3,-16.69924423399362
1359,[ 423 1367],[ 404 1390],[ 423 1363],0.3,0.3,0.3,-16.69924423399362
2489,[ 509 2925],[ 517 2916],[ 500 2942],0.7000000000000001,0.5,0.6230002698328806,-31.92291734701985
