Unnamed: 0,pixel,closest contour point,closest skeleton point,slope at nc,slope at ns,average slope,average angle
1703,[369 151],[369 150],[369 180],-0.2,-0.2,-0.2,11.309932474020211
720,[ 256 1338],[ 276 1315],[ 256 1343],0.3,0.2,0.2140926445289028,-12.084180228930126
335,[ 126 3627],[ 146 3607],[ 125 3630],0.7000000000000001,0.7000000000000001,0.7,-34.99202019855866
2112,[  85 2000],[  87 1998],[  60 2013],1.5,1.7857142857142856,1.5260626535402233,-56.763932513833005
1200,[429 933],[417 918],[433 945],-0.3,-0.3,-0.3,16.69924423399362
