Unnamed: 0,pixel,closest contour point,closest skeleton point,slope at nc,slope at ns,average slope,average angle
1431,[ 597 3081],[ 623 3060],[ 593 3081],2.5,inf,23.388468708835504,-87.55174634917023
1393,[ 591 1559],[ 564 1550],[ 593 1559],-2.5,inf,-38.07562367689427,88.49555684860105
2108,[ 366 1364],[ 352 1383],[ 368 1354],0.3,0.3,0.3,-16.69924423399362
