Unnamed: 0,pixel,closest contour point,closest skeleton point,slope at nc,slope at ns,average slope,average angle
1947,[  76 1254],[  95 1235],[  73 1257],1.3461538461538465,1.1764705882352942,1.199608181818182,-50.18522650824195
317,[ 120 3363],[ 127 3371],[ 108 3346],-0.8,-0.7000000000000001,-0.7661878108054003,37.45889580499507
2427,[ 232 1357],[ 220 1370],[ 232 1340],0.3,0.0,0.1470087777527531,-8.363079390840488
1338,[ 419 1722],[ 401 1697],[ 419 1724],-0.3,0.0,-0.018289424508888,1.0477900148503767
