Unnamed: 0,pixel,closest contour point,closest skeleton point,slope at nc,slope at ns,average slope,average angle
1323,[ 502 1358],[ 503 1357],[ 488 1384],0.5,0.5,0.5,-26.56505117707799
2383,[ 479 3275],[ 490 3287],[ 471 3261],-0.5,-0.3,-0.3995237987253497,21.77788465641681
1273,[  64 2747],[  73 2742],[  45 2752],2.4999999999999996,2.5,2.5,-68.19859051364821
