Unnamed: 0,pixel,closest contour point,closest skeleton point,slope at nc,slope at ns,average slope,average angle
808,[ 293 1767],[ 293 1770],[ 287 1740],0.0,-0.3,-0.0293555159189031,1.6814642799758246
2131,[ 328 2128],[ 303 2155],[ 328 2126],0.3,0.0,0.015465217327088,-0.8860210491775868
2489,[ 509 2925],[ 517 2916],[ 500 2942],0.7000000000000001,0.5,0.6230002698328806,-31.92291734701985
1395,[491 606],[510 585],[489 609],0.7000000000000001,0.5,0.5225875250157036,-27.591006881854952
2419,[ 333 1738],[ 356 1765],[ 333 1736],-0.3,-0.3,-0.3,16.69924423399362
48,[ 110 1777],[  98 1763],[ 116 1788],-0.7000000000000001,-0.7000000000000001,-0.7000000000000001,34.99202019855867
1253,[ 220 3306],[ 241 3327],[ 220 3300],-0.3,-0.3,-0.3,16.69924423399362
1115,[ 529 1650],[ 520 1642],[ 539 1667],-1.0,-0.7000000000000001,-0.8862737273690904,41.5497281128493
