Unnamed: 0,pixel,closest contour point,closest skeleton point,slope at nc,slope at ns,average slope,average angle
1293,[ 100 3395],[ 101 3396],[  77 3376],-1.1764705882352942,-1.3461538461538465,-1.1841495574803125,49.81931193723207
1412,[ 297 3296],[ 309 3320],[ 297 3290],-0.3,0.0,-0.054823199289467,3.137996617863607
