Unnamed: 0,pixel,closest contour point,closest skeleton point,slope at nc,slope at ns,average slope,average angle
2243,[ 72 252],[ 62 242],[ 84 265],-1.0,-1.0,-1.0,44.99999999999999
1661,[ 227 1339],,[ 227 1339],,0.0,0.0,0.0
31,[ 213 2086],[ 217 2082],[ 211 2111],0.3,0.3,0.3,-16.69924423399362
866,[ 169 2524],[ 156 2509],[ 172 2536],-0.3,-0.3,-0.3,16.69924423399362
2206,[ 529 1680],[ 549 1700],[ 528 1677],-0.7000000000000001,-0.7000000000000001,-0.7,34.99202019855866
371,[ 463 1356],[ 472 1344],[ 459 1372],0.3,0.3,0.2999999999999999,-16.69924423399362
357,[ 563 3001],[ 542 3022],[ 564 2999],1.3461538461538465,1.3461538461538465,1.34615,-53.39284682374126
2045,[ 504 2185],[ 492 2198],[ 511 2173],0.7000000000000001,0.5,0.5879707068452941,-30.454280987005383
519,[ 133 2097],[ 119 2112],[ 139 2087],0.5,0.5,0.5,-26.56505117707799
