Unnamed: 0,pixel,closest contour point,closest skeleton point,slope at nc,slope at ns,average slope,average angle
2083,[ 377 1709],[ 373 1701],[ 377 1731],-0.3,0.0,-0.2132866470148652,12.040016629196154
339,[ 537 2200],[ 518 2218],[ 539 2195],0.8,0.7000000000000001,0.7170645199681877,-35.64296467377368
1161,[ 499 2165],[ 520 2142],[ 498 2165],0.7000000000000001,0.5,0.5062218416934562,-26.849529058918147
596,[ 349 1707],[ 349 1703],[ 355 1733],0.0,-0.3,-0.0391091864280218,2.239649918449824
1742,[306 989],[307 993],[300 963],-0.3,-0.3,-0.3,16.69924423399362
2188,[ 464 2916],[ 479 2898],[ 461 2924],0.3,0.3,0.3,-16.69924423399362
