Unnamed: 0,pixel,closest contour point,closest skeleton point,slope at nc,slope at ns,average slope,average angle
1606,[ 584 3171],[ 602 3189],[ 577 3170],-1.5,-2.5,-2.282608695652174,66.3420030012373
598,[  81 3555],[  87 3550],[  62 3568],1.7857142857142856,1.3461538461538467,1.6743621880901665,-59.152562749509336
969,[  52 1893],[  70 1908],[  44 1889],-2.4999999999999996,-2.5,-2.5000000000000004,68.19859051364821
1127,[ 305 3671],[ 325 3646],[ 305 3675],0.3,0.0,0.0333188755446948,-1.9083249817178949
1972,[ 390 3274],[ 369 3253],[ 391 3280],-0.3,-0.3,-0.2999999999999999,16.69924423399362
821,[582 667],[592 657],[568 677],1.176470588235294,1.3461538461538465,1.253021310892084,-51.40764678178903
64,[245 163],[245 161],[246 192],-0.3,-0.3,-0.3,16.69924423399362
1732,[ 564 3165],[ 550 3153],[ 577 3168],-1.7857142857142858,-2.5,-2.200138721359176,65.55740613278118
2164,[ 200 1351],[ 192 1364],[ 205 1335],0.3,0.3,0.2999999999999999,-16.69924423399362
932,[  51 2645],[  74 2668],[  50 2645],-2.4999999999999996,-1.9999999999999996,-2.014913392589679,63.60482981210379
1578,[   6 3499],[   6 3499],,inf,,inf,90.0
1928,[  48 1844],[  34 1830],[  59 1850],-1.7857142857142856,-1.7857142857142856,-1.7857099999999997,60.751115041598304
2000,[  35 1879],[  18 1864],[  45 1883],-2.5,-2.5,-2.5,68.19859051364821
11,[118 550],[113 557],[130 531],0.5,0.7000000000000001,0.5553657621087185,-29.046293774435835
240,[  28 3568],[  26 3569],[  54 3554],1.7857142857142858,1.7857142857142856,1.78571,-60.751115041598325
