Unnamed: 0,pixel,closest contour point,closest skeleton point,slope at nc,slope at ns,average slope,average angle
1741,[ 120 2060],[ 133 2047],[ 114 2071],0.8,0.7000000000000001,0.7405307109981776,-36.52108430011044
790,[420 923],[417 918],[424 947],-0.3,-0.3,-0.3,16.69924423399362
1462,[ 213 1778],[ 213 1781],[ 205 1752],-0.3,-0.3,-0.3,16.69924423399362
1267,[  57 3374],[  46 3363],[  68 3386],-1.1764705882352942,-1.3461538461538465,-1.259384630201649,51.5490686357887
1518,[574 814],[559 803],[585 820],-2.5,-2.5,-2.5,68.19859051364821
2107,[  69 3564],[  86 3548],[  62 3568],1.7857142857142856,1.3461538461538467,1.4589844130328615,-55.57293775903942
2087,[ 608 3126],[ 621 3138],[ 592 3122],-2.5,-2.5,-2.5,68.19859051364821
2291,[ 219 2114],[ 193 2140],[ 219 2113],0.3,0.2,0.2026476352791784,-11.455721705226498
1899,[ 449 2131],[ 461 2116],[ 446 2144],0.3,0.3,0.3,-16.69924423399362
533,[ 293 2914],[ 281 2929],[ 293 2899],0.3,0.0,0.1315428972593295,-7.493827262950387
2017,[ 275 2490],[ 275 2485],[ 275 2516],-0.3,0.0,-0.2516129032258064,14.12318692093959
1481,[ 426 1371],[ 409 1391],[ 427 1364],0.3,0.3,0.3,-16.69924423399362
2233,[ 66 295],[ 86 314],[ 63 292],-1.7857142857142856,-1.3461538461538467,-1.4047413100618706,54.55389281414798
58,[ 250 2904],[ 236 2924],[ 253 2895],0.3,0.3,0.3,-16.69924423399362
1599,[ 615 3842],[ 623 3836],[ 590 3836],2.5,inf,3.4723873019805165,-73.93432386134283
76,[ 540 3259],[ 540 3259],,-0.7000000000000001,,-0.7000000000000001,34.99202019855867
778,[ 436 1728],[ 455 1748],[ 434 1721],-0.3,-0.3,-0.3,16.69924423399362
149,[  77 1245],[  92 1230],[  68 1250],1.5,1.3461538461538465,1.3964210674243438,-54.392928515807455
2203,[ 423 3278],[ 446 3302],[ 423 3275],-0.3,-0.2,-0.2082777938714934,11.765239091524265
1061,[ 589 2257],[ 609 2239],[ 584 2260],1.7857142857142858,2.5,2.372778875125406,-67.14716656558156
1030,[542 147],[546 151],[526 127],-0.7000000000000001,-0.7000000000000002,-0.7,34.99202019855866
1277,[ 193 3689],[ 191 3691],[ 200 3661],0.3,0.3,0.3,-16.69924423399362
2491,[ 337 3706],[ 337 3709],[ 342 3679],0.2,0.3,0.2098492860814061,-11.851508329683512
2232,[  61 2741],[  71 2734],[  43 2742],2.4999999999999996,2.5,2.5,-68.19859051364821
1104,[ 363 3316],[ 363 3316],,0.0,,0.0,0.0
