Unnamed: 0,pixel,closest contour point,closest skeleton point,slope at nc,slope at ns,average slope,average angle
1681,[ 574 3035],[ 556 3050],[ 582 3032],2.5,1.7857142857142858,1.9765761023452568,-63.16399400161391
1,[ 261 2920],[ 260 2927],[ 265 2896],0.3,0.3,0.2999999999999999,-16.69924423399362
1057,[ 586 3121],[ 564 3101],[ 591 3123],-2.5,-2.5,-2.5,68.19859051364821
552,[569 703],[554 718],[579 698],1.7857142857142858,1.7857142857142858,1.78571,-60.751115041598325
1089,[ 474 2132],[ 481 2123],[ 465 2150],0.3,0.3,0.3,-16.69924423399362
664,[ 196 1724],[ 196 1721],[ 201 1752],-0.2,-0.3,-0.2095410969899959,11.834594147236327
