Unnamed: 0,pixel,closest contour point,closest skeleton point,slope at nc,slope at ns,average slope,average angle
2032,[ 313 2102],[ 317 2094],[ 313 2124],0.3,0.3,0.2999999999999999,-16.69924423399362
342,[ 23 374],[  7 360],[ 38 376],-2.5,-2.5,-2.5,68.19859051364821
479,[  74 2835],[  63 2846],[  85 2823],1.1764705882352942,1.3461538461538465,1.259384630201649,-51.5490686357887
758,[  20 3528],[  13 3534],[  43 3524],2.5,2.5,2.5,-68.19859051364821
