Unnamed: 0,pixel,closest contour point,closest skeleton point,slope at nc,slope at ns,average slope,average angle
1885,[ 347 1750],[ 356 1765],[ 346 1735],-0.3,-0.3,-0.3,16.69924423399362
1810,[ 55 451],[ 78 429],[ 54 451],1.7857142857142856,1.7857142857142856,1.78571,-60.751115041598325
1121,[173 558],[155 577],[176 551],0.3,0.5,0.4549206197521949,-24.46176692916808
525,[ 160 1763],[ 139 1740],[ 161 1765],-0.5,-0.5,-0.5,26.56505117707799
396,[ 376 1361],[ 362 1384],[ 376 1355],0.3,0.2,0.2182227785506582,-12.310256012955644
2234,[ 560 1639],[ 539 1620],[ 562 1641],-1.3461538461538465,-1.3461538461538465,-1.34615,53.39284682374126
1162,[ 433 2503],[ 454 2524],[ 430 2498],-0.3,-0.3,-0.3,16.69924423399362
789,[188 550],[207 528],[188 554],0.3,0.3,0.3,-16.69924423399362
1132,[ 544 2475],[ 546 2478],[ 529 2452],-0.7000000000000001,-0.7000000000000001,-0.7,34.99202019855866
