Unnamed: 0,pixel,closest contour point,closest skeleton point,slope at nc,slope at ns,average slope,average angle
1815,[ 522 3266],[ 525 3269],[ 507 3243],-0.6,-0.7000000000000001,-0.6133830063904463,31.524245288815123
1606,[ 584 3171],[ 602 3189],[ 577 3170],-1.5,-2.5,-2.282608695652174,66.3420030012373
2396,[ 290 2928],[ 290 2930],[ 291 2899],0.0,0.3,0.0193440832389693,-1.108196115317753
1301,[ 525 2467],[ 540 2483],[ 519 2459],-1.0,-0.7000000000000001,-0.7939504897595377,38.44783527257051
2093,[372 600],[369 609],[373 579],0.3,0.3,0.3,-16.69924423399362
1641,[ 375 1332],[ 382 1324],[ 374 1354],0.3,0.3,0.3,-16.69924423399362
186,[ 470 1406],[ 467 1409],[ 482 1382],0.5,0.3,0.4726945881008371,-25.299847968227613
1166,[ 253 1734],[ 234 1714],[ 253 1743],-0.3,0.0,-0.0737982600151795,4.2206777358698915
1195,[500 603],[514 587],[495 612],0.5,0.5,0.5,-26.56505117707799
626,[ 494 1354],[ 495 1353],[ 484 1382],0.5,0.3,0.4909189133598056,-26.147294729965733
