Unnamed: 0,pixel,closest contour point,closest skeleton point,slope at nc,slope at ns,average slope,average angle
1832,[ 68 214],[ 57 203],[108 233],-1.5,-1.7857142857142856,-1.574275393077764,57.57576146274837
1688,[987 290],[954 325],[987 272],0.3,0.2,0.227229797482312,-12.801927157989118
