Unnamed: 0,pixel,closest contour point,closest skeleton point,slope at nc,slope at ns,average slope,average angle
32,[1459   98],[1481  120],[1431   84],-1.7857142857142858,-2.4999999999999996,-2.141754953629573,64.9718083603967
1125,[339  61],[311  32],[344  88],-0.3,-0.3,-0.3,16.69924423399362
2088,[1458  642],[1474  627],[1422  655],1.7857142857142858,2.4999999999999996,2.045905570953925,-63.95148883998009
183,[905 208],[921 191],[891 242],0.3,0.3,0.3,-16.69924423399362
453,[1174  495],[1146  534],[1174  481],0.3,0.0,0.067730557256449,-3.874757248574419
2016,[1066  516],[1075  534],[1061  479],-0.3,-0.3,-0.2999999999999999,16.69924423399362
1031,[408  50],[431  24],[408  83],0.3,0.3,0.2999999999999999,-16.69924423399362
908,[136 618],[119 635],[161 593],1.0,1.0,1.0,-44.99999999999999
2032,[753 586],[791 626],[750 580],-0.5,-0.3,-0.3216810998545506,17.83200187953359
