Unnamed: 0,pixel,closest contour point,closest skeleton point,slope at nc,slope at ns,average slope,average angle
1430,[1011  310],[992 334],[1017  278],0.3,0.3,0.3,-16.69924423399362
1872,[116 549],[ 77 588],[120 547],1.3461538461538465,1.3461538461538465,1.34615,-53.39284682374126
1481,[1416  701],[1385  729],[1435  694],2.4999999999999996,2.4999999999999996,2.5,-68.19859051364821
516,[824 246],[802 270],[832 219],0.3,0.3,0.3,-16.69924423399362
2420,[116 189],[ 87 161],[130 202],-1.0,-1.3461538461538465,-1.234847365820262,50.998870138587115
