Unnamed: 0,pixel,closest contour point,closest skeleton point,slope at nc,slope at ns,average slope,average angle
2162,[1341  165],[1323  147],[1365  189],-1.0,-1.0,-1.0,44.99999999999999
1783,[977 237],[998 215],[971 267],0.3,0.3,0.2999999999999999,-16.69924423399362
2279,[1457   90],[1483  116],[1431   84],-1.7857142857142858,-2.4999999999999996,-2.199625387792284,65.55236941002292
2443,[1253  247],[1220  212],[1258  259],-0.3,-0.3,-0.3,16.69924423399362
468,[618 684],[629 695],[594 644],-0.5,-0.5,-0.5,26.56505117707799
