Unnamed: 0,pixel,closest contour point,closest skeleton point,slope at nc,slope at ns,average slope,average angle
1142,[197 563],[206 554],[170 600],0.7000000000000001,0.7000000000000001,0.6999999999999998,-34.992020198558656
817,[221 157],[245 181],[209 134],-0.6,-0.5,-0.5433212826172273,28.516174803940615
1024,[957 548],[965 556],[924 508],-0.3,-0.3,-0.3,16.69924423399362
