Unnamed: 0,pixel,closest contour point,closest skeleton point,slope at nc,slope at ns,average slope,average angle
2330,[814 505],[802 492],[832 543],-0.3,-0.3,-0.3,16.69924423399362
1433,[808 593],[824 611],[792 561],-0.3,-0.5,-0.3804646768975773,20.83005203703721
323,[626 659],[653 686],[619 636],-0.3,-0.3,-0.3,16.69924423399362
2135,[1164  526],[1155  535],[1203  486],0.3,0.3,0.3,-16.69924423399362
1934,[1161  262],[1132  229],[1161  282],-0.3,0.0,-0.0938500598940297,5.3615080508403405
1946,[924 559],[932 567],[893 519],-0.3,-0.3,-0.3,16.69924423399362
1661,[1410  108],[1373   73],[1420  110],-1.7857142857142858,-2.4999999999999996,-2.380837020698769,67.21660311746109
1479,[1132  505],[1132  533],[1132  477],0.3,0.0,0.15,-8.530765609948132
1469,[1397  656],[1370  683],[1417  646],1.7857142857142858,1.3461538461538465,1.5084912395010182,-56.459043820984434
