Unnamed: 0,pixel,closest contour point,closest skeleton point,slope at nc,slope at ns,average slope,average angle
33,[286 121],[315 152],[279 103],-0.3,-0.3,-0.3,16.69924423399362
1402,[1093  314],[1067  345],[1096  286],0.3,0.3,0.3,-16.69924423399362
0,[309  75],[278  40],[313  93],-0.3,-0.3,-0.3,16.69924423399362
1562,[231 135],[266 170],[225 125],-0.5,-0.5,-0.5,26.56505117707799
2120,[158 543],[177 524],[134 564],1.176470588235294,1.3461538461538465,1.254061439255905,-51.4308231669878
1754,[1450  642],[1471  621],[1422  655],1.7857142857142858,2.4999999999999996,2.135943067418081,-64.91207448723993
1584,[285 679],[253 714],[291 663],0.3,0.3,0.3,-16.69924423399362
568,[1402  219],[1410  228],[1368  186],-1.0,-1.0,-1.0,44.99999999999999
