Unnamed: 0,pixel,closest contour point,closest skeleton point,slope at nc,slope at ns,average slope,average angle
518,[561 603],[554 596],[595 643],-0.3,-0.3,-0.3,16.69924423399362
2310,[139 561],[176 523],[134 564],1.3461538461538465,1.3461538461538465,1.3461499999999995,-53.39284682374126
1520,[ 57 300],[ 26 269],[ 78 303],-2.5,-2.4999999999999996,-2.5,68.19859051364821
1553,[1322  525],[1358  489],[1318  533],1.0,0.7000000000000001,0.7448289788691376,-36.67980880450534
1852,[1470   85],[1488  101],[1434   74],-2.4999999999999996,-2.4999999999999996,-2.5000000000000004,68.19859051364821
152,[117 422],[127 416],[ 77 450],2.4999999999999996,2.4999999999999996,2.5,-68.19859051364821
