Unnamed: 0,pixel,closest contour point,closest skeleton point,slope at nc,slope at ns,average slope,average angle
648,[222 112],[187  78],[228 123],-0.7000000000000002,-0.5,-0.5408638270909416,28.40735209289816
2277,[1234  459],[1253  437],[1226  491],0.3,0.3,0.3,-16.69924423399362
1443,[1331  481],[1336  475],[1296  520],0.6,0.7000000000000001,0.6129711347744745,-31.507095039275622
