Unnamed: 0,pixel,closest contour point,closest skeleton point,slope at nc,slope at ns,average slope,average angle
2421,[170 581],[201 549],[159 591],1.0,1.0,1.0,-44.99999999999999
1017,[371 639],[387 621],[366 675],0.3,0.3,0.3,-16.69924423399362
1095,[ 82 565],[ 69 578],[117 543],1.7857142857142856,1.3461538461538465,1.6504025853274569,-58.787792621734006
929,[ 35 303],[ 19 290],[ 75 319],-2.5,-2.4999999999999996,-2.5,68.19859051364821
