Unnamed: 0,pixel,closest contour point,closest skeleton point,slope at nc,slope at ns,average slope,average angle
1084,[548 698],[562 716],[537 661],-0.3,-0.3,-0.2999999999999999,16.69924423399362
2307,[715 200],[695 222],[728 172],0.5,0.5,0.5,-26.56505117707799
568,[1402  219],[1410  228],[1368  186],-1.0,-1.0,-1.0,44.99999999999999
1493,[719 179],[682 216],[723 170],0.5,0.3,0.3316812091068392,-18.34971286878545
1957,[1324  246],[1354  276],[1313  232],-0.6,-0.7000000000000002,-0.6704396022440424,33.83946546003094
420,[835 573],[858 596],[822 548],-0.3,-0.3,-0.3,16.69924423399362
