Unnamed: 0,pixel,closest contour point,closest skeleton point,slope at nc,slope at ns,average slope,average angle
1147,[1217  458],[1241  433],[1211  487],0.3,0.3,0.3,-16.69924423399362
2308,[1176  456],[1205  424],[1171  480],0.3,0.3,0.2999999999999999,-16.69924423399362
