Unnamed: 0,pixel,closest contour point,closest skeleton point,slope at nc,slope at ns,average slope,average angle
1997,[915 299],[904 310],[939 259],0.3,0.3,0.3,-16.69924423399362
1887,[935 304],[923 316],[956 264],0.3,0.3,0.3,-16.69924423399362
1626,[236 631],[272 595],[231 640],0.5,0.5,0.5,-26.56505117707799
227,[ 79 551],[ 62 567],[109 531],1.5,1.3461538461538465,1.4395350303471683,-55.21349912451652
