Unnamed: 0,pixel,closest contour point,closest skeleton point,slope at nc,slope at ns,average slope,average angle
401,[ 61 275],[ 34 248],[ 84 284],-1.7857142857142856,-2.4999999999999996,-2.219447898389757,65.74545862964891
2002,[1373  532],[1390  514],[1348  556],1.0,1.0,1.0,-44.99999999999999
1062,[1099  457],[1067  417],[1103  475],-0.3,-0.3,-0.3,16.69924423399362
1674,[884 288],[873 299],[906 248],0.3,0.3,0.3,-16.69924423399362
2078,[792 228],[766 254],[803 206],0.3,0.5,0.4198363023271334,-22.77443247827495
433,[1247  251],[1211  215],[1252  261],-0.3,-0.3,-0.3,16.69924423399362
1883,[1419   33],[1389    3],[1439   49],-2.4999999999999996,inf,-6.641182227806746,81.43698336394021
716,[639 158],[611 186],[649 138],0.3,0.5,0.4278206470323696,-23.162239015155265
