Unnamed: 0,pixel,closest contour point,closest skeleton point,slope at nc,slope at ns,average slope,average angle
575,[ 114 7478],[ 126 7465],[  97 7490],1.0,1.3461538461538465,1.1590635270338263,-49.21350905267395
381,[ 697 4103],[ 698 4108],[ 686 4071],-0.3,-0.3,-0.3,16.69924423399362
795,[ 799 5548],[ 779 5529],[ 807 5556],-1.0,-1.0,-1.0,44.99999999999999
2236,[  45 3471],[  11 3438],[  47 3471],-2.5,inf,-61.72678870241068,89.07186540866728
1286,[  89 1986],[  93 1983],[  58 1995],1.7857142857142856,2.5,1.8815106337381888,-62.00989941195196
184,[ 689 6359],[ 688 6358],[ 695 6394],-0.3,-0.3,-0.3,16.69924423399362
1307,[  94 5753],[  94 5753],,-2.4999999999999996,,-2.4999999999999996,68.19859051364818
359,[ 206 4096],[ 206 4098],[ 190 4064],-0.4,-0.3,-0.3947057856363641,21.53943638139824
738,[ 675 6002],[ 657 6025],[ 675 5991],0.3,0.3,0.2999999999999999,-16.69924423399362
