Unnamed: 0,pixel,closest contour point,closest skeleton point,slope at nc,slope at ns,average slope,average angle
555,[ 189 5207],[ 205 5190],[ 182 5221],0.3,0.5,0.4197261814587539,-22.769068276945372
559,[ 206 3308],[ 215 3319],[ 202 3284],-0.3,-0.3,-0.3,16.69924423399362
1906,[ 363 4061],[ 350 4085],[ 363 4049],0.3,0.1999999999999999,0.2305384787911727,-12.98206352630736
860,[  61 2604],[  40 2585],[  71 2609],-1.7857142857142856,-1.3461538461538465,-1.4705661295677095,55.78389738507104
51,[ 373 2493],[ 397 2463],[ 373 2498],0.3,0.2,0.2115157634130245,-11.942932379057853
2213,[ 474 6744],[ 470 6735],[ 482 6771],-0.3,-0.3,-0.3,16.69924423399362
2362,[508 598],[508 602],[500 565],-0.3,-0.3,-0.2999999999999999,16.69924423399362
1730,[ 116 3341],[ 137 3363],[ 110 3336],-1.0,-1.0,-1.0,44.99999999999999
