Unnamed: 0,pixel,closest contour point,closest skeleton point,slope at nc,slope at ns,average slope,average angle
1328,[ 846 5374],[ 822 5391],[ 855 5371],2.5,2.5,2.5000000000000004,-68.19859051364821
1756,[ 859 5349],[ 882 5328],[ 850 5351],2.5,2.5,2.5,-68.19859051364821
