Unnamed: 0,pixel,closest contour point,closest skeleton point,slope at nc,slope at ns,average slope,average angle
2483,[ 399 7570],[ 425 7596],[ 396 7562],-0.3,-0.3,-0.2999999999999999,16.69924423399362
494,[ 119 6475],[ 124 6478],[  92 6457],-1.3461538461538465,-1.3461538461538465,-1.34615,53.39284682374126
831,[ 457 7572],[ 470 7588],[ 456 7552],-0.3,-0.3,-0.3,16.69924423399362
895,[ 517 1311],[ 509 1300],[ 520 1337],-0.3,-0.3,-0.3,16.69924423399362
337,[ 276 4066],[ 283 4083],[ 275 4047],-0.3,-0.3,-0.3,16.69924423399362
1210,[ 749 7121],[ 739 7112],[ 764 7141],-0.7000000000000001,-0.7000000000000001,-0.7,34.99202019855866
