Unnamed: 0,pixel,closest contour point,closest skeleton point,slope at nc,slope at ns,average slope,average angle
1981,[557 524],[553 519],[557 557],-0.3,-0.3,-0.3,16.69924423399362
2096,[  46 1165],[  11 1197],[  47 1165],2.5,inf,121.05905701379372,-89.52672292521855
311,[714 214],[721 224],[706 188],-0.3,-0.3,-0.3,16.69924423399362
1574,[ 608 3661],[ 608 3695],[ 608 3657],0.0,0.0,0.0,0.0
