Unnamed: 0,pixel,closest contour point,closest skeleton point,slope at nc,slope at ns,average slope,average angle
2170,[ 672 7163],[ 653 7141],[ 676 7174],-0.3,-0.3,-0.3,16.69924423399362
2432,[ 159 4106],[ 167 4116],[ 147 4084],-0.7000000000000001,-0.7000000000000001,-0.6999999999999998,34.992020198558656
2347,[ 182 6414],[ 196 6428],[ 173 6397],-0.5,-0.5,-0.5,26.56505117707799
652,[ 388 3668],[ 375 3649],[ 388 3685],-0.3,0.0,-0.1274307768417329,7.262105662385398
2338,[ 64 378],[ 83 378],[ 47 378],-2.4999999999999996,-1.2500000000000002,-1.8402777777777777,61.48051000543189
42,[362 177],[346 207],[362 171],0.3,0.0,0.045,-2.5765718302688305
1071,[  29 5722],[  24 5720],[  59 5736],-2.5,-2.5,-2.4999999999999996,68.19859051364818
1150,[ 101 6431],[  81 6412],[ 106 6441],-1.0,-0.7000000000000001,-0.7865204765404823,38.18577534403551
47,[  24 4243],[   8 4234],[  47 4243],-2.5,-2.5,-2.5,68.19859051364821
1332,[824 723],[819 726],[853 711],2.5,2.5,2.5,-68.19859051364821
117,[ 884 5438],[ 899 5449],[ 860 5438],-2.5,inf,-4.43761200393107,77.30072564874304
474,[  18 6580],[   7 6578],[  46 6583],-2.5,-5.878725253121972e-17,-1.789516355431799,60.80309575087822
