Unnamed: 0,pixel,closest contour point,closest skeleton point,slope at nc,slope at ns,average slope,average angle
431,[ 277 1742],[ 277 1757],[ 277 1720],0.0,0.0,0.0,0.0
839,[ 319 3299],[ 311 3307],[ 319 3270],0.3,0.0,0.2158074839534818,-12.178094118334926
2019,[ 369 4852],[ 364 4862],[ 369 4825],0.3,0.1999999999999999,0.27071702368171,-15.14785922430226
816,[ 679 4841],[ 657 4814],[ 679 4847],-0.3,-0.1999999999999999,-0.2146957431781832,12.117216717427716
1575,[ 837 2404],[ 811 2380],[ 841 2405],-1.7857142857142858,-1.7857142857142858,-1.7857099999999997,60.751115041598304
2109,[ 278 4503],[ 278 4506],[ 278 4466],0.0,0.0,0.0,0.0
