Unnamed: 0,pixel,closest contour point,closest skeleton point,slope at nc,slope at ns,average slope,average angle
1907,[ 197 3690],[ 179 3711],[ 202 3678],0.3,0.3,0.3,-16.69924423399362
1292,[ 650 3668],[ 637 3696],[ 650 3660],0.3,0.0,0.0617431669224736,-3.53313773565719
1420,[ 283 4026],[ 277 4007],[ 283 4046],-0.3,0.0,-0.1502823096574497,8.54658417387642
2259,[   8 5823],[   7 5823],[  47 5820],inf,2.5,100.28803607803972,-89.42870672352967
