Unnamed: 0,pixel,closest contour point,closest skeleton point,slope at nc,slope at ns,average slope,average angle
450,[ 146 2494],[ 144 2490],[ 161 2524],-0.5,-0.3,-0.4764705882352941,25.47642628984366
1596,[ 723 3642],[ 725 3637],[ 712 3673],0.3,0.3,0.2999999999999999,-16.69924423399362
2462,[ 181 3280],[ 160 3258],[ 185 3289],-0.5,-0.3,-0.3489230231920296,19.23505563118071
1474,[  47 5062],[  15 5092],[  49 5062],2.5,2.5,2.4999999999999996,-68.19859051364818
627,[  85 5934],[  61 5957],[  89 5930],1.0,1.0,1.0,-44.99999999999999
