Unnamed: 0,pixel,closest contour point,closest skeleton point,slope at nc,slope at ns,average slope,average angle
764,[ 291 4471],[ 258 4504],[ 291 4467],0.3,0.0,0.0236830976271852,-1.3566879272653358
2195,[ 571 1729],[ 579 1715],[ 571 1751],0.3,0.0,0.1731169541181211,-9.82152752526903
324,[ 700 5259],[ 699 5260],[ 715 5226],0.3,0.3,0.3,-16.69924423399362
