Unnamed: 0,pixel,closest contour point,closest skeleton point,slope at nc,slope at ns,average slope,average angle
1470,[ 667 7575],[ 667 7578],[ 675 7542],0.3,0.3,0.3,-16.69924423399362
1834,[ 796 7558],[ 801 7553],[ 777 7583],0.8,0.7000000000000001,0.781620081932506,-38.011897472159106
