Unnamed: 0,pixel,closest contour point,closest skeleton point,slope at nc,slope at ns,average slope,average angle
1597,[389 183],[364 209],[391 175],0.3,0.3,0.2999999999999999,-16.69924423399362
2258,[ 792 5248],[ 808 5232],[ 783 5261],1.0,0.7000000000000001,0.8234017668701905,-39.46810162594164
380,[ 891 5475],[ 894 5476],[ 857 5463],-2.5,-2.5,-2.5,68.19859051364821
1731,[ 144 6757],[ 118 6783],[ 146 6755],0.7000000000000001,0.5,0.5142857142857142,-27.21611155730747
1661,[ 627 3338],[ 627 3343],[ 626 3303],0.0,-0.3,-0.0374866146544835,2.1468195810813655
2029,[ 655 1722],[ 649 1713],[ 662 1748],-0.3,-0.3,-0.3,16.69924423399362
1094,[ 843 1622],[ 815 1595],[ 844 1623],-2.5,-1.3461538461538465,-1.3866295093836487,54.20186857437137
1226,[ 686 4064],[ 664 4037],[ 687 4070],-0.3,-0.3,-0.3,16.69924423399362
