Unnamed: 0,pixel,closest contour point,closest skeleton point,slope at nc,slope at ns,average slope,average angle
648,[ 722 3691],[ 705 3711],[ 727 3679],0.3,0.3,0.3,-16.69924423399362
732,[ 799 3262],[ 813 3276],[ 788 3247],-0.7000000000000001,-0.7000000000000001,-0.7,34.99202019855866
2271,[ 552 4112],[ 552 4116],[ 554 4077],0.2,0.3,0.2102414167472105,-11.873026404606708
1360,[ 807 1684],[ 831 1709],[ 804 1681],-1.0,-1.0,-1.0,44.99999999999999
289,[ 295 4839],[ 297 4858],[ 295 4821],-0.3,-0.2,-0.2485110174189522,13.955921339608995
