Unnamed: 0,pixel,closest contour point,closest skeleton point,slope at nc,slope at ns,average slope,average angle
2017,[ 144 7232],[ 145 7234],[ 122 7203],-1.0,-0.7000000000000001,-0.9826377038680684,44.49826392343692
2299,[ 872 7025],[ 890 7041],[ 855 7023],-2.5,-2.5,-2.5,68.19859051364821
1192,[ 377 5576],[ 383 5563],[ 374 5600],0.3,0.3,0.3,-16.69924423399362
