Unnamed: 0,pixel,closest contour point,closest skeleton point,slope at nc,slope at ns,average slope,average angle
336,[ 418 4041],[ 434 4020],[ 416 4055],0.3,0.3,0.3,-16.69924423399362
1575,[ 837 2404],[ 811 2380],[ 841 2405],-1.7857142857142858,-1.7857142857142858,-1.7857099999999997,60.751115041598304
2053,[242 910],[242 908],[253 946],0.0,-0.3,-0.0151350575156846,0.8671087128593087
1079,[ 110 4870],[  92 4851],[ 118 4879],-0.7000000000000001,-0.8,-0.7684891314469652,37.54188629246126
1352,[ 787 1416],[ 774 1428],[ 802 1401],1.0,1.0,1.0,-44.99999999999999
498,[ 732 4804],[ 723 4794],[ 743 4826],-0.3,-0.5,-0.3707148099258534,20.340489244426536
658,[ 411 4471],[ 431 4493],[ 408 4458],-0.3,-0.3,-0.3,16.69924423399362
2309,[ 207 5218],[ 228 5197],[ 205 5229],0.3,0.3,0.3,-16.69924423399362
413,[ 674 5244],[ 670 5252],[ 679 5216],0.3,0.3,0.2999999999999999,-16.69924423399362
37,[ 501 2864],[ 496 2853],[ 504 2890],-0.3,-0.3,-0.3,16.69924423399362
