Unnamed: 0,pixel,closest contour point,closest skeleton point,slope at nc,slope at ns,average slope,average angle
2380,[ 829 5363],[ 817 5372],[ 852 5360],2.5,2.5,2.5,-68.19859051364821
393,[ 890 1578],[ 897 1584],[ 858 1578],-2.5,-2.499999999999999,-2.5,68.19859051364821
2299,[ 872 7025],[ 890 7041],[ 855 7023],-2.5,-2.5,-2.5,68.19859051364821
2018,[ 286 6365],[ 258 6335],[ 286 6372],-0.3,0.0,-0.0437166942021219,2.5031882284128275
1242,[  42 3560],[  26 3573],[  60 3554],2.5,2.5,2.5,-68.19859051364821
1525,[ 486 3271],[ 499 3256],[ 482 3291],0.3,0.3,0.3,-16.69924423399362
470,[  40 5907],[  33 5914],[  66 5894],1.7857142857142856,1.7857142857142856,1.78571,-60.75111504159832
151,[  62 3557],,[  62 3557],,1.7857142857142856,1.7857142857142856,-60.751173663453024
2283,[ 691 6031],[ 691 6033],[ 700 5997],0.2,0.3,0.2053805370300304,-11.606048498938277
