Unnamed: 0,pixel,closest contour point,closest skeleton point,slope at nc,slope at ns,average slope,average angle
813,[ 159 2130],[ 179 2109],[ 135 2143],1.3461538461538465,1.7857142857142858,1.5725877052953166,-57.54794037191567
398,[ 141 1721],[ 177 1758],[ 136 1718],-1.3461538461538465,-1.785714285714286,-1.741099931078743,60.12911301240343
1143,[162 711],[132 737],[180 709],2.4999999999999996,2.4999999999999996,2.5,-68.19859051364821
823,[ 57 976],[ 55 976],[  97 1016],-1.7857142857142856,-1.7857142857142856,-1.78571,60.751115041598325
2149,[  56 2095],[  50 2101],[  96 2069],1.7857142857142856,1.7857142857142856,1.78571,-60.75111504159832
1241,[ 110 1982],[ 121 1976],[  70 1985],2.4999999999999996,2.4999999999999996,2.5,-68.19859051364821
1791,[  79 1788],[  51 1760],[  95 1796],-1.7857142857142856,-1.7857142857142856,-1.78571,60.75111504159832
2148,[ 150 1607],[ 129 1591],[ 178 1613],-2.4999999999999996,-2.4999999999999996,-2.5,68.19859051364821
