Unnamed: 0,pixel,closest contour point,closest skeleton point,slope at nc,slope at ns,average slope,average angle
320,[  83 1167],[ 117 1167],[  65 1167],inf,inf,100.0,-89.42706130231674
850,[ 128 2195],[ 108 2213],[ 154 2182],1.7857142857142856,1.785714285714286,1.7857099999999997,-60.751115041598304
1704,[155  94],[122  64],[167  99],-2.4999999999999996,-1.7857142857142858,-1.9469263052611885,62.813602054786266
2393,[  32 1082],[  18 1069],[  72 1086],-2.5,-2.4999999999999996,-2.5,68.19859051364821
2365,[  61 1765],[  52 1758],[ 101 1784],-1.7857142857142856,-1.7857142857142856,-1.78571,60.751115041598325
