Unnamed: 0,pixel,closest contour point,closest skeleton point,slope at nc,slope at ns,average slope,average angle
1266,[ 103 2175],[  94 2184],[ 141 2155],1.7857142857142856,1.785714285714286,1.7857099999999997,-60.751115041598304
355,[ 79 241],[ 49 213],[ 93 249],-1.7857142857142856,-1.7857142857142856,-1.78571,60.75111504159832
2436,[170 655],[209 617],[166 657],2.4999999999999996,2.4999999999999996,2.5000000000000004,-68.19859051364821
2373,[142 856],[123 837],[171 863],-2.4999999999999996,-2.4999999999999996,-2.4999999999999996,68.19859051364818
268,[  22 1055],[  22 1055],,-2.500000000000001,,-2.500000000000001,68.19859051364821
