Unnamed: 0,pixel,closest contour point,closest skeleton point,slope at nc,slope at ns,average slope,average angle
166,[ 91 225],[ 59 193],[102 231],-1.7857142857142856,-1.7857142857142856,-1.7857099999999997,60.751115041598304
2441,[ 54 445],[ 21 477],[ 70 440],2.5,2.4999999999999996,2.5,-68.19859051364821
2079,[172 125],[204 155],[160 118],-1.7857142857142858,-1.785714285714286,-1.7857099999999997,60.751115041598304
1611,[225 747],[242 732],[186 748],2.4999999999999996,2.4999999999999996,2.5,-68.19859051364821
