Unnamed: 0,pixel,closest contour point,closest skeleton point,slope at nc,slope at ns,average slope,average angle
1436,[ 112 1784],[ 146 1817],[ 104 1780],-1.7857142857142858,-1.5624999999999991,-1.59794475845371,57.96150849802845
1940,[156 225],[164 231],[116 204],-1.7857142857142858,-1.7857142857142856,-1.78571,60.751115041598325
2198,[ 115 1091],[ 124 1099],[  76 1074],-2.4999999999999996,-2.4999999999999996,-2.5,68.19859051364821
