Unnamed: 0,pixel,closest contour point,closest skeleton point,slope at nc,slope at ns,average slope,average angle
1370,[ 119 1231],[ 127 1223],[  79 1249],2.4999999999999996,2.4999999999999996,2.5,-68.19859051364821
1099,[133 136],[104 108],[149 141],-1.7857142857142856,-2.4999999999999996,-2.290209022541424,66.41192767032992
