Unnamed: 0,pixel,closest contour point,closest skeleton point,slope at nc,slope at ns,average slope,average angle
1221,[ 83 374],[117 374],[ 65 372],inf,-2.4999999999999996,-3.831674285020209,75.37306686090767
479,[ 210 1666],[ 218 1674],[ 170 1645],-2.4999999999999996,-2.4999999999999996,-2.5000000000000004,68.19859051364821
1790,[216  79],[229  91],[178  66],-2.4999999999999996,-2.4999999999999996,-2.5,68.19859051364821
1504,[ 153 1361],[ 180 1335],[ 136 1369],1.785714285714286,1.3461538461538465,1.4929128272468632,-56.184579539743346
616,[ 82 228],[ 55 201],[ 99 237],-1.7857142857142856,-1.7857142857142856,-1.78571,60.751115041598325
2441,[ 54 445],[ 21 477],[ 70 440],2.5,2.4999999999999996,2.5,-68.19859051364821
924,[ 125 2011],[ 130 2008],[  85 2042],2.4999999999999996,1.7857142857142856,2.4262014230147546,-67.6001627858311
1492,[209 883],[220 893],[170 869],-2.4999999999999996,-2.4999999999999996,-2.4999999999999996,68.19859051364818
821,[ 88 943],[ 78 933],[125 962],-1.7857142857142856,-1.7857142857142856,-1.78571,60.75111504159832
1732,[ 54 325],[ 19 290],[ 69 328],-2.5,-2.4999999999999996,-2.5,68.19859051364821
1672,[ 52 480],[ 29 501],[ 78 472],2.5,2.4999999999999996,2.5,-68.19859051364821
931,[ 89 328],[118 353],[ 70 327],-2.4999999999999996,-2.4999999999999996,-2.5,68.19859051364821
53,[ 126 1654],[ 112 1642],[ 159 1670],-2.4999999999999996,-1.7857142857142858,-2.2610223028106016,66.14125664705408
332,[ 143 2284],[ 132 2289],[ 181 2264],2.4999999999999996,2.0,2.390203769544234,-67.29681534926351
999,[117 369],[117 369],,inf,,inf,90.0
