Unnamed: 0,pixel,closest contour point,closest skeleton point,slope at nc,slope at ns,average slope,average angle
601,[ 200 1488],[ 233 1459],[ 182 1490],2.4999999999999996,2.4999999999999996,2.5000000000000004,-68.19859051364821
1936,[ 134 1472],[ 124 1478],[ 174 1458],2.4999999999999996,2.4999999999999996,2.5,-68.19859051364821
7,[149 699],[128 717],[176 691],2.4999999999999996,2.4999999999999996,2.5,-68.19859051364821
974,[  70 2141],[  70 2141],,1.3461538461538465,,1.3461538461538465,-53.392925187392514
812,[  57 2073],[  43 2086],[  91 2058],2.5,2.4999999999999996,2.4999999999999996,-68.19859051364818
847,[ 104 1200],[ 119 1190],[  69 1202],2.4999999999999996,2.4999999999999996,2.5000000000000004,-68.19859051364821
2086,[172 731],[134 756],[183 729],2.4999999999999996,2.4999999999999996,2.5,-68.19859051364821
875,[  31 1915],[   8 1900],[  65 1915],-2.5,-2.5000000000000004,-2.5000000000000004,68.19859051364821
1568,[ 143 1307],[ 158 1294],[ 113 1326],1.785714285714286,1.3461538461538465,1.6281049122901472,-58.44129490308937
1389,[ 82 991],[ 59 969],[ 104 1003],-1.7857142857142856,-1.7857142857142856,-1.7857099999999997,60.751115041598304
1226,[  60 2077],[  45 2091],[  94 2065],1.7857142857142856,2.4999999999999996,2.044769956371595,-63.93893610561898
952,[ 175 1361],[ 188 1350],[ 143 1382],1.785714285714286,1.3461538461538465,1.6503609894546818,-58.787152605211176
2429,[ 133 1023],[ 148 1037],[ 102 1008],-2.4999999999999996,-1.7857142857142856,-2.2333169072144208,65.87885970153569
1987,[ 175 2167],[ 198 2145],[ 153 2178],1.785714285714286,2.4999999999999996,2.188623924225071,-65.44395521694892
533,[ 128 1667],[ 109 1649],[ 154 1681],-2.4999999999999996,-2.4999999999999996,-2.5,68.19859051364821
697,[ 174 1400],[ 201 1375],[ 156 1409],1.785714285714286,1.7857142857142858,1.78571,-60.75111504159832
