Unnamed: 0,pixel,closest contour point,closest skeleton point,slope at nc,slope at ns,average slope,average angle
2163,[ 106 1837],[ 129 1858],[  82 1831],-2.4999999999999996,-2.4999999999999996,-2.5,68.19859051364821
1262,[ 150 1284],[ 152 1283],[ 110 1321],1.3461538461538465,1.7857142857142856,1.3634773334599546,-53.74297553906631
1743,[127 463],[131 459],[ 87 495],2.4999999999999996,2.4999999999999996,2.5,-68.19859051364821
1602,[ 103 2131],[  78 2154],[ 123 2122],1.3461538461538465,1.3461538461538465,1.34615,-53.39284682374126
25,[152 951],[180 977],[136 943],-1.7857142857142858,-1.3461538461538465,-1.4863157744766158,56.06715493249624
1049,[ 43 345],[ 13 315],[ 67 345],-2.5,-2.5000000000000004,-2.5,68.19859051364821
914,[152 171],[181 200],[138 163],-1.7857142857142858,-1.785714285714286,-1.78571,60.75111504159832
2217,[  43 1024],[  36 1017],[  83 1049],-1.7857142857142856,-2.4999999999999996,-1.9096137060896885,62.36047243476561
1970,[136 503],[146 495],[ 98 521],1.785714285714286,1.7857142857142856,1.78571,-60.75111504159832
2370,[168 568],[179 557],[132 586],1.785714285714286,1.7857142857142858,1.78571,-60.75111504159832
