Unnamed: 0,pixel,closest contour point,closest skeleton point,slope at nc,slope at ns,average slope,average angle
797,[ 99 547],[ 65 579],[108 542],1.7857142857142856,1.7857142857142856,1.78571,-60.75111504159832
1826,[ 141 1427],[ 115 1453],[ 159 1417],2.4999999999999996,1.785714285714286,2.0421242759188303,-63.909647881526006
2113,[  48 1009],[  42 1003],[  88 1038],-1.7857142857142856,-1.7857142857142856,-1.78571,60.75111504159832
2024,[ 169 1527],[ 134 1532],[ 185 1523],2.4999999999999996,2.4999999999999996,2.5000000000000004,-68.19859051364821
1345,[140 675],[121 693],[167 662],2.4999999999999996,2.4999999999999996,2.5,-68.19859051364821
752,[ 162 2111],[ 174 2099],[ 127 2128],1.5,1.7857142857142856,1.5867680276666534,-57.78038415461565
