Unnamed: 0,pixel,closest contour point,closest skeleton point,slope at nc,slope at ns,average slope,average angle
1522,[134 913],[104 884],[148 919],-2.4999999999999996,-1.7857142857142858,-1.9767272942874787,63.16575931483535
610,[  47 1810],[  34 1798],[  84 1822],-2.5,-2.4999999999999996,-2.5000000000000004,68.19859051364821
804,[ 103 1884],[ 119 1898],[  70 1878],-2.4999999999999996,-2.4999999999999996,-2.4999999999999996,68.19859051364818
694,[152 667],[122 696],[167 662],2.4999999999999996,2.4999999999999996,2.5,-68.19859051364821
594,[134 816],[129 815],[174 854],-2.4999999999999996,-2.4999999999999996,-2.5,68.19859051364821
2081,[ 52 235],[ 43 226],[ 92 251],-2.5,-2.4999999999999996,-2.5,68.19859051364821
2252,[ 121 1359],[  86 1393],[ 128 1355],1.3461538461538465,1.785714285714286,1.723381714818618,-59.875356699768616
2480,[100 137],[ 93 130],[138 162],-1.7857142857142856,-1.3461538461538465,-1.7071442773024024,59.63935544976178
683,[187 860],[220 893],[174 856],-2.4999999999999996,-2.4999999999999996,-2.5,68.19859051364821
