Unnamed: 0,pixel,closest contour point,closest skeleton point,slope at nc,slope at ns,average slope,average angle
1643,[  83 1201],[ 117 1174],[  69 1202],2.4999999999999996,2.4999999999999996,2.5,-68.19859051364821
1461,[200  92],[222 112],[172  87],-2.4999999999999996,-2.4999999999999996,-2.4999999999999996,68.19859051364818
592,[ 34 427],[ 13 445],[ 68 425],2.5,2.4999999999999996,2.5000000000000004,-68.19859051364821
2304,[208 901],[215 906],[168 873],-1.7857142857142858,-1.785714285714286,-1.7857099999999997,60.751115041598304
894,[ 166 1605],[ 132 1575],[ 179 1609],-2.4999999999999996,-2.4999999999999996,-2.5,68.19859051364821
1693,[ 160 1607],[ 131 1581],[ 178 1613],-2.4999999999999996,-2.4999999999999996,-2.5000000000000004,68.19859051364821
