Unnamed: 0,pixel,closest contour point,closest skeleton point,slope at nc,slope at ns,average slope,average angle
250,[ 106 1252],[ 129 1229],[  83 1260],2.4999999999999996,2.4999999999999996,2.5,-68.19859051364821
1469,[  26 1817],[  26 1817],,-2.5,,-2.5,68.19859051364821
225,[161 917],[195 949],[152 912],-1.7857142857142858,-2.4999999999999996,-2.370949834788449,67.13135002369567
