Unnamed: 0,pixel,closest contour point,closest skeleton point,slope at nc,slope at ns,average slope,average angle
2111,[ 48 436],[ 17 463],[ 69 433],2.5,2.4999999999999996,2.5,-68.19859051364821
915,[ 158 1704],[ 190 1734],[ 147 1698],-1.7857142857142858,-1.785714285714286,-1.78571,60.75111504159832
475,[162 811],[133 791],[182 816],-2.4999999999999996,-2.4999999999999996,-2.5,68.19859051364821
1104,[ 165 1349],[ 180 1335],[ 136 1369],1.785714285714286,1.3461538461538465,1.6239226317030797,-58.375534085896625
1530,[  80 1082],[ 120 1117],[  74 1082],-2.4999999999999996,-2.5000000000000004,-2.5,68.19859051364821
1825,[ 131 1262],[ 139 1255],[  91 1281],1.785714285714286,1.7857142857142856,1.78571,-60.751115041598325
458,[  82 1987],[ 118 1959],[  70 1987],2.4999999999999996,inf,12.001461875826148,-85.23693588984482
2038,[ 104 1025],[ 138 1059],[  95 1021],-2.4999999999999996,-1.7857142857142856,-1.9071442021333336,62.32999097773027
