Unnamed: 0,pixel,closest contour point,closest skeleton point,slope at nc,slope at ns,average slope,average angle
1069,[ 93 194],[ 70 172],[115 205],-1.7857142857142856,-1.7857142857142856,-1.78571,60.751115041598325
1027,[ 43 297],[ 23 277],[ 74 302],-2.5,-2.4999999999999996,-2.5,68.19859051364821
