Unnamed: 0,pixel,closest contour point,closest skeleton point,slope at nc,slope at ns,average slope,average angle
938,[ 34 398],[  9 421],[ 65 398],2.5,2.4999999999999996,2.5,-68.19859051364821
1725,[164 840],[130 810],[177 843],-2.4999999999999996,-2.4999999999999996,-2.5,68.19859051364821
356,[ 100 1913],[ 117 1913],[  66 1913],-2.4999999999999996,-2.4999999999999996,-2.5,68.19859051364821
738,[159 524],[161 524],[119 562],1.785714285714286,1.7857142857142856,1.78571,-60.75111504159832
1814,[128 563],[163 528],[121 566],1.785714285714286,1.7857142857142856,1.7857099999999997,-60.751115041598304
288,[ 59 264],[ 36 242],[ 84 271],-2.5,-2.4999999999999996,-2.5,68.19859051364821
225,[161 917],[195 949],[152 912],-1.7857142857142858,-2.4999999999999996,-2.370949834788449,67.13135002369567
271,[ 85 978],[ 64 959],[110 990],-1.7857142857142856,-1.7857142857142856,-1.7857099999999997,60.751115041598304
1272,[ 142 1648],[ 118 1627],[ 166 1652],-2.4999999999999996,-2.4999999999999996,-2.5,68.19859051364821
