Unnamed: 0,pixel,closest contour point,closest skeleton point,slope at nc,slope at ns,average slope,average angle
719,[  97 1745],[  72 1720],[ 116 1754],-1.7857142857142856,-1.7857142857142856,-1.78571,60.75111504159832
1293,[ 126 1802],[ 145 1819],[  99 1789],-2.4999999999999996,-1.7857142857142856,-2.171649476347151,65.27490007198124
1451,[ 86 142],[ 86 142],,-1.7857142857142856,,-1.7857142857142856,60.751173663453024
40,[110 527],[145 493],[104 532],2.4999999999999996,1.5624999999999991,1.691852763637825,-59.414025889935274
746,[136 828],[127 823],[176 846],-2.4999999999999996,-2.4999999999999996,-2.4999999999999996,68.19859051364818
819,[  69 1733],[  66 1731],[ 109 1768],-1.7857142857142856,-1.7857142857142856,-1.78571,60.75111504159832
1237,[139 189],[170 220],[128 182],-1.7857142857142858,-1.3461538461538465,-1.4469105385971204,55.35057384255083
1439,[ 199 1619],[ 228 1646],[ 178 1618],-2.4999999999999996,-2.4999999999999996,-2.5000000000000004,68.19859051364821
426,[  65 2048],[  38 2075],[  84 2041],2.5,2.4999999999999996,2.5,-68.19859051364821
1567,[163 688],[129 721],[175 686],2.4999999999999996,2.4999999999999996,2.5,-68.19859051364821
2032,[125 549],[157 517],[115 555],1.785714285714286,1.7857142857142856,1.78571,-60.751115041598325
209,[ 120 1683],[ 101 1665],[ 147 1697],-1.7857142857142856,-1.7857142857142858,-1.78571,60.75111504159832
