Unnamed: 0,pixel,closest contour point,closest skeleton point,slope at nc,slope at ns,average slope,average angle
1343,[ 162 2235],[ 128 2268],[ 173 2231],2.4999999999999996,2.4999999999999996,2.5,-68.19859051364821
825,[ 160 2259],[ 131 2283],[ 179 2254],2.4999999999999996,2.4999999999999996,2.5,-68.19859051364821
845,[198 702],[230 673],[180 704],2.4999999999999996,2.4999999999999996,2.5,-68.19859051364821
2164,[134   0],[134   0],,inf,,inf,90.0
