Unnamed: 0,pixel,closest contour point,closest skeleton point,slope at nc,slope at ns,average slope,average angle
1895,[118 993],[ 144 1020],[117 993],-1.0,-1.0,-1.0,44.99999999999999
327,[210  66],[195  53],[227  74],-1.785714285714286,-1.7857142857142858,-1.7857100000000004,60.75111504159832
1544,[ 101 1789],[ 127 1816],[ 100 1789],-1.3461538461538465,-1.0,-1.0089948038110583,45.25652672238722
1868,[  70 1124],[  84 1132],[  50 1118],-2.4999999999999996,-2.5,-2.5,68.19859051364821
1178,[204 882],[180 858],[207 886],-1.5,-1.3461538461538465,-1.365904179936586,53.791553315951106
668,[  50 1152],[  82 1152],[  46 1152],-2.5000000000000004,inf,-22.5,87.45519562018681
2260,[ 190 1670],[ 169 1650],[ 199 1674],-1.176470588235294,-1.3461538461538465,-1.303133183383798,52.49804242917509
1041,[  39 1056],[  32 1049],[  65 1068],-1.7857142857142858,-1.7857142857142856,-1.78571,60.75111504159832
1495,[ 44 337],[ 17 311],[ 50 340],-2.5,-2.5,-2.4999999999999996,68.19859051364818
856,[144 202],[164 222],[137 195],-1.0,-1.0,-1.0,44.99999999999999
1512,[ 223 2176],[ 231 2168],[ 200 2190],1.176470588235294,1.3461538461538465,1.226672236556314,-50.81260979513131
2133,[ 176 1679],[ 159 1664],[ 187 1690],-1.3461538461538465,-1.3461538461538465,-1.34615,53.39284682374126
144,[ 196 1708],[ 211 1721],[ 183 1696],-1.3461538461538465,-1.3461538461538465,-1.34615,53.39284682374126
1036,[  70 1311],[  65 1316],[  96 1294],1.3461538461538465,1.3461538461538465,1.34615,-53.39284682374126
744,[ 101 1026],[ 122 1047],[  95 1020],-1.3461538461538465,-1.1764705882352942,-1.214176666666667,50.52501506438245
495,[ 147 1322],[ 159 1309],[ 130 1333],1.0,1.3461538461538465,1.161412130766249,-49.27086472532713
2383,[ 184 1364],[ 197 1350],[ 170 1377],1.0,1.0,1.0,-44.99999999999999
1814,[ 225 2257],[ 202 2279],[ 233 2254],2.4999999999999996,1.785714285714286,1.9368778174526011,-62.69292711998126
1082,[ 265 1487],[ 274 1479],[ 238 1493],2.5,2.4999999999999996,2.5,-68.19859051364821
2481,[117 535],[140 512],[113 538],1.3461538461538465,1.3461538461538465,1.34615,-53.39284682374126
586,[ 138 2085],[ 150 2075],[ 122 2100],1.3461538461538465,1.1764705882352942,1.2755686355337117,-51.9048283295314
2189,[  30 1867],[  19 1856],[  53 1876],-2.5,-2.5,-2.5,68.19859051364821
1039,[ 49 481],[ 35 494],[ 67 472],1.7857142857142856,1.7857142857142856,1.78571,-60.75111504159832
1394,[  68 1999],[  90 1981],[  58 2001],2.4999999999999996,2.5,2.5,-68.19859051364821
