Unnamed: 0,pixel,closest contour point,closest skeleton point,slope at nc,slope at ns,average slope,average angle
105,[ 50 494],[ 40 503],[ 73 483],1.7857142857142856,1.7857142857142856,1.7857099999999997,-60.751115041598304
233,[ 74 403],[ 83 398],[ 49 410],2.4999999999999996,2.5,2.5,-68.19859051364821
1469,[ 25 350],[ 10 340],[ 48 351],-2.5,-2.5,-2.5,68.19859051364821
337,[ 159 1735],[ 180 1756],[ 153 1729],-1.0,-1.0,-1.0,44.99999999999999
