Unnamed: 0,pixel,closest contour point,closest skeleton point,slope at nc,slope at ns,average slope,average angle
465,[ 136 1759],[ 157 1781],[ 130 1754],-1.0,-1.0,-1.0,44.99999999999999
1907,[ 57 246],[ 51 240],[ 81 263],-1.3461538461538467,-1.3461538461538465,-1.34615,53.39284682374126
