Unnamed: 0,pixel,closest contour point,closest skeleton point,slope at nc,slope at ns,average slope,average angle
2447,[  75 1157],[  82 1157],[  46 1157],inf,inf,100.0,-89.42706130231674
1763,[ 243 2204],[ 250 2198],[ 218 2218],1.785714285714286,1.3461538461538465,1.6787055042642172,-59.21786560547911
1531,[ 200 1412],[ 227 1387],[ 199 1413],1.3461538461538465,1.176470588235294,1.1827499731820348,-49.78590702217995
1082,[ 265 1487],[ 274 1479],[ 238 1493],2.5,2.4999999999999996,2.5,-68.19859051364821
1098,[ 272 1540],[ 283 1540],[ 244 1540],2.4999999999999996,inf,3.4821428571428568,-73.97702015257154
1488,[113 946],[110 943],[137 971],-1.0,-1.0,-1.0,44.99999999999999
1996,[  16 1953],[   8 1958],[  47 1952],2.5,2.5,2.5000000000000004,-68.19859051364821
2439,[ 93 986],[ 81 975],[ 109 1002],-1.1764705882352942,-1.1764705882352942,-1.17647,49.63544929005889
