Unnamed: 0,pixel,closest contour point,closest skeleton point,slope at nc,slope at ns,average slope,average angle
1811,[  54 1966],[  83 1949],[  50 1969],2.4999999999999996,2.5,2.5,-68.19859051364821
2019,[147 169],[127 149],[154 177],-1.0,-1.0,-1.0,44.99999999999999
1027,[ 257 1503],[ 276 1487],[ 240 1503],2.5,2.5000000000000004,2.5,-68.19859051364821
374,[ 114 2089],[ 140 2063],[ 113 2090],1.0,1.0,1.0,-44.99999999999999
2143,[  68 1862],[  90 1883],[  59 1860],-2.4999999999999996,-2.5,-2.5,68.19859051364821
