Unnamed: 0,pixel,closest contour point,closest skeleton point,slope at nc,slope at ns,average slope,average angle
486,[  64 1997],[  88 1974],[  57 1997],2.4999999999999996,2.5,2.5,-68.19859051364821
1652,[ 219 1550],[ 207 1550],[ 243 1552],inf,-2.4999999999999996,-7.517331074496788,82.42266227250431
1356,[ 60 336],[ 84 356],[ 52 333],-2.4999999999999996,-2.5,-2.5,68.19859051364821
331,[241 652],[249 645],[219 668],1.3461538461538465,1.3461538461538465,1.3461499999999995,-53.39284682374126
863,[  42 1902],[  13 1877],[  48 1903],-2.5,-2.5,-2.5,68.19859051364821
671,[278 793],[282 793],[243 785],inf,-2.4999999999999996,-24.9391538387703,87.70380733715018
2460,[166 552],[171 546],[144 573],1.0,1.0,1.0,-44.99999999999999
550,[116 962],[104 950],[131 977],-1.3461538461538465,-1.176470588235294,-1.2707366666666664,51.79919673012055
