Unnamed: 0,pixel,closest contour point,closest skeleton point,slope at nc,slope at ns,average slope,average angle
740,[173 615],[150 637],[178 611],1.3461538461538465,1.3461538461538465,1.3461500000000002,-53.392846823741266
95,[  61 1939],[  82 1937],[  47 1943],2.4999999999999996,2.5,2.5,-68.19859051364821
1939,[117 941],[114 939],[142 965],-1.0,-1.3461538461538465,-1.0326196814887678,45.91940940767457
