Unnamed: 0,pixel,closest contour point,closest skeleton point,slope at nc,slope at ns,average slope,average angle
1250,[  93 1240],[ 102 1233],[  70 1252],1.7857142857142856,1.3461538461538465,1.6515048962420191,-58.8047447766646
2471,[ 174 1398],[ 154 1418],[ 181 1390],1.0,1.176470588235294,1.1282641685038872,-48.44887514433963
