Unnamed: 0,pixel,closest contour point,closest skeleton point,slope at nc,slope at ns,average slope,average angle
752,[  30 1169],[   8 1183],[  46 1166],2.5,2.5,2.5,-68.19859051364821
420,[  96 1269],[ 113 1252],[  85 1278],1.3461538461538465,1.3461538461538465,1.34615,-53.39284682374126
2274,[ 219 1580],[ 205 1571],[ 239 1586],-2.4999999999999996,-2.4999999999999996,-2.5000000000000004,68.19859051364821
1446,[221 807],[205 796],[238 814],-2.4999999999999996,-2.4999999999999996,-2.5,68.19859051364821
1977,[  45 1809],[  42 1806],[  75 1825],-1.3461538461538467,-1.7857142857142856,-1.3949148108740117,54.363652599245114
184,[  10 1921],[   6 1921],[  46 1922],inf,-2.5,-25.008678881711383,87.71018403244271
