Unnamed: 0,pixel,closest contour point,closest skeleton point,slope at nc,slope at ns,average slope,average angle
821,[ 87 454],[ 96 445],[ 63 462],2.4999999999999996,2.5,2.5,-68.19859051364821
1583,[ 109 1002],,[ 109 1002],,-1.1764705882352942,-1.1764705882352942,49.63546342690264
2379,[231 853],[257 877],[227 851],-1.7857142857142858,-1.785714285714286,-1.78571,60.75111504159832
432,[  42 1161],[   9 1191],[  46 1161],2.5,inf,30.37387890122219,-88.11433068204487
