Unnamed: 0,pixel,closest contour point,closest skeleton point,slope at nc,slope at ns,average slope,average angle
2338,[ 21 415],[ 10 421],[ 48 409],2.5,2.5,2.5,-68.19859051364821
645,[266  67],[270  70],[235  55],-2.5,-2.4999999999999996,-2.4999999999999996,68.19859051364818
1119,[ 182 2194],[ 166 2209],[ 195 2184],1.5,1.3461538461538465,1.4119766275311545,-54.69284291841015
412,[ 170 1353],[ 185 1337],[ 158 1364],1.0,1.0,1.0,-44.99999999999999
2249,[279  19],[282  19],[240  32],inf,inf,100.0,-89.42706130231674
