Unnamed: 0,pixel,closest contour point,closest skeleton point,slope at nc,slope at ns,average slope,average angle
576,[ 239 2300],[ 207 2306],[ 240 2280],2.4999999999999996,inf,6.564627536131852,-81.33862994399708
2348,[  76 1016],[  61 1001],[  90 1026],-1.1764705882352942,-1.3461538461538465,-1.270162280724285,51.78660707298583
1250,[  93 1240],[ 102 1233],[  70 1252],1.7857142857142856,1.3461538461538465,1.6515048962420191,-58.8047447766646
834,[243 859],[259 873],[227 851],-1.7857142857142858,-1.785714285714286,-1.78571,60.75111504159832
1353,[122 173],[113 164],[140 192],-1.0,-1.0,-1.0,44.99999999999999
1993,[ 219 1482],[ 201 1500],[ 232 1476],2.4999999999999996,2.4999999999999996,2.5,-68.19859051364821
