Unnamed: 0,pixel,closest contour point,closest skeleton point,slope at nc,slope at ns,average slope,average angle
815,[225 927],[225 928],[195 905],-1.176470588235294,-1.3461538461538465,-1.1809116347741713,49.74195993173579
1397,[ 70 534],[ 64 539],[ 95 517],1.3461538461538467,1.3461538461538465,1.3461500000000002,-53.392846823741266
1237,[  52 1045],[  40 1033],[  72 1055],-1.5,-1.7857142857142856,-1.623277556766061,58.365369265589806
