Unnamed: 0,pixel,closest contour point,closest skeleton point,slope at nc,slope at ns,average slope,average angle
907,[239   2],[207   2],[240  32],inf,inf,100.0,-89.42706130231674
1404,[ 185 1712],[ 203 1731],[ 176 1704],-1.0,-1.0,-1.0,44.99999999999999
1444,[212 715],[201 724],[235 710],2.4999999999999996,2.4999999999999996,2.4999999999999996,-68.19859051364818
1858,[218  70],[196  51],[227  74],-2.4999999999999996,-1.7857142857142858,-1.96647436006866,63.04555736383718
2167,[  55 1971],[  83 1949],[  51 1973],2.4999999999999996,2.5,2.5,-68.19859051364821
1462,[211 141],[224 154],[195 129],-1.176470588235294,-1.3461538461538465,-1.257739949814538,51.51260036132289
1920,[  91 1029],[ 117 1054],[  89 1028],-1.3461538461538465,-1.1764705882352942,-1.1863750150380448,49.872333759983555
2300,[ 71 475],[ 98 449],[ 69 475],1.7857142857142856,1.7857142857142856,1.78571,-60.75111504159832
1916,[139 210],[158 229],[131 202],-1.0,-1.0,-1.0,44.99999999999999
