Unnamed: 0,pixel,closest contour point,closest skeleton point,slope at nc,slope at ns,average slope,average angle
517,[189 916],[214 942],[187 915],-1.0,-1.176470588235294,-1.1661686209113402,49.38661657888877
148,[ 235 1607],[ 265 1635],[ 234 1607],-1.7857142857142858,-1.7857142857142858,-1.78571,60.75111504159832
169,[ 230 2175],[ 233 2171],[ 202 2193],1.3461538461538465,1.3461538461538465,1.34615,-53.39284682374126
108,[149 990],[ 160 1002],[133 975],-1.0,-1.0,-1.0,44.99999999999999
2074,[  50 2042],[  39 2053],[  71 2031],1.5,1.7857142857142856,1.6132011604511267,-58.20582640240127
1540,[ 155 2088],[ 159 2084],[ 132 2111],1.176470588235294,1.176470588235294,1.17647,-49.63544929005889
1180,[242  74],[261  92],[230  69],-2.5,-2.4999999999999996,-2.5,68.19859051364821
2202,[ 111 1757],[  92 1738],[ 119 1766],-1.1764705882352942,-1.3461538461538465,-1.2936408504456889,52.29554368733209
1191,[ 180 2138],[ 195 2124],[ 168 2150],1.3461538461538465,1.3461538461538465,1.34615,-53.39284682374126
2196,[ 118 2128],[ 106 2140],[ 133 2113],1.1764705882352942,1.3461538461538465,1.2518833333333332,-51.382263156216645
1810,[ 117 2133],[ 107 2141],[ 135 2115],1.3461538461538465,1.0,1.2302942637182115,-50.895317186874145
1294,[236 831],[265 859],[235 830],-1.7857142857142858,-2.4999999999999996,-2.475790378792543,68.00565518899158
2038,[ 255 2304],[ 280 2282],[ 240 2280],2.5,inf,5.441640009003784,-79.58704221044962
1968,[101 261],[118 277],[ 88 254],-1.3461538461538465,-1.3461538461538465,-1.3461499999999995,53.39284682374126
1287,[ 118 1818],[ 122 1823],[  92 1800],-1.1764705882352942,-1.3461538461538465,-1.2050421599392052,50.312535244502854
110,[244 721],[271 694],[239 723],2.5,2.4999999999999996,2.5,-68.19859051364821
