Unnamed: 0,pixel,closest contour point,closest skeleton point,slope at nc,slope at ns,average slope,average angle
1996,[  16 1953],[   8 1958],[  47 1952],2.5,2.5,2.5000000000000004,-68.19859051364821
1335,[ 147 2147],[ 129 2165],[ 158 2140],1.0,1.3461538461538465,1.2289053738491431,-50.863637168942134
7,[ 37 327],[ 17 311],[ 52 331],-2.5,-2.5,-2.5,68.19859051364821
1948,[235   4],[207   4],[240  32],inf,inf,100.0,-89.42706130231674
1375,[ 211 1435],[ 184 1460],[ 213 1435],1.3461538461538465,1.785714285714286,1.7630503635723505,-60.4381459545345
2164,[ 157 1733],[ 180 1756],[ 153 1729],-1.0,-1.0,-1.0,44.99999999999999
408,[ 56 525],[ 54 525],[ 86 505],1.3461538461538467,1.3461538461538465,1.3461500000000002,-53.392846823741266
1626,[  74 1150],[  82 1151],[  47 1145],-2.4999999999999996,-2.5,-2.4999999999999996,68.19859051364818
202,[209 155],[217 163],[189 137],-1.176470588235294,-1.3461538461538465,-1.2266966355743874,50.81316791795138
