Unnamed: 0,pixel,closest contour point,closest skeleton point,slope at nc,slope at ns,average slope,average angle
1338,[ 173 2103],[ 174 2101],[ 146 2126],1.176470588235294,1.3461538461538465,1.186532920505647,-49.87609146163149
1306,[197 947],[204 954],[174 931],-1.0,-1.3461538461538465,-1.0903731536792167,47.4755282729969
80,[  65 1022],[  54 1011],[  82 1037],-1.3461538461538467,-1.3461538461538465,-1.34615,53.39284682374126
1904,[  69 1107],[  86 1121],[  53 1105],-2.4999999999999996,-2.5,-2.4999999999999996,68.19859051364818
662,[214 606],[219 601],[191 626],1.3461538461538465,1.3461538461538465,1.34615,-53.39284682374126
2356,[144 940],[128 924],[155 951],-1.1764705882352942,-1.3461538461538465,-1.277021111111111,51.936484087904894
493,[ 152 2138],[ 127 2163],[ 154 2135],1.0,1.0,1.0,-44.99999999999999
1208,[118 199],[ 98 180],[126 207],-1.0,-1.0,-1.0,44.99999999999999
1611,[ 67 432],[ 86 415],[ 54 436],2.4999999999999996,2.5,2.5000000000000004,-68.19859051364821
586,[ 138 2085],[ 150 2075],[ 122 2100],1.3461538461538465,1.1764705882352942,1.2755686355337117,-51.9048283295314
2126,[ 177 2151],[ 199 2128],[ 172 2155],1.0,1.0,1.0,-44.99999999999999
1906,[ 91 507],[117 482],[ 89 508],1.3461538461538465,1.3461538461538465,1.34615,-53.39284682374126
769,[ 76 291],[ 98 311],[ 69 286],-2.4999999999999996,-1.3461538461538465,-1.605076101849516,58.07612718743298
1246,[ 203 2152],[ 212 2143],[ 185 2170],1.0,1.176470588235294,1.0588233333333332,-46.63657174510587
702,[  61 1780],[  59 1779],[  89 1803],-1.1764705882352942,-1.3461538461538465,-1.1863322851615126,49.871316809743234
