Unnamed: 0,pixel,closest contour point,closest skeleton point,slope at nc,slope at ns,average slope,average angle
698,[ 377 4501],[ 377 4502],[ 369 4464],-0.3,-0.3,-0.3,16.69924423399362
799,[ 128 3274],[ 128 3274],,-0.5,,-0.5,26.56505117707799
1973,[  72 2672],[  85 2682],[  51 2668],-2.4999999999999996,-2.5,-2.5,68.19859051364821
445,[ 673 4410],[ 678 4401],[ 666 4438],0.3,0.3,0.3,-16.69924423399362
2192,[ 752 1683],[ 747 1678],[ 770 1709],-0.6,-0.7000000000000001,-0.6182743997631557,31.72744068801643
1297,[  41 1071],[  27 1059],[  60 1081],-1.7857142857142858,-1.7857142857142856,-1.78571,60.75111504159832
552,[ 603 5947],[ 603 5945],[ 603 5985],0.2,0.0,0.19,-10.757967088390007
901,[  46 4366],[  38 4374],[  69 4350],1.7857142857142856,1.3461538461538465,1.65927073051818,-58.92370572478766
1705,[ 365 5238],[ 337 5205],[ 365 5240],-0.3,0.0,-0.0132514189459919,0.7592059413649943
1295,[ 259 2172],[ 259 2178],[ 259 2138],0.3,0.0,0.255,-14.305551846621954
714,[ 491 1348],[ 519 1376],[ 491 1342],-0.3,-0.3,-0.3,16.69924423399362
2026,[ 416 4815],[ 432 4796],[ 414 4831],0.3,0.3,0.3,-16.69924423399362
1383,[ 581 3321],[ 566 3342],[ 582 3304],0.3,0.3,0.2999999999999999,-16.69924423399362
1964,[  61 5672],[  55 5666],[  83 5692],-1.3461538461538467,-1.3461538461538465,-1.3461499999999995,53.39284682374126
152,[ 669 5644],[ 684 5663],[ 669 5626],-0.3,-0.3,-0.3,16.69924423399362
1673,[ 692 2152],[ 692 2156],[ 701 2120],0.3,0.3,0.2999999999999999,-16.69924423399362
263,[ 593 5208],[ 564 5172],[ 593 5209],-0.3,0.0,-0.0063522046805203,0.3639496236661164
63,[ 568 5185],[ 564 5172],[ 571 5210],-0.3,-0.3,-0.3,16.69924423399362
321,[ 551 2114],[ 577 2145],[ 551 2110],-0.3,-0.3,-0.3,16.69924423399362
1071,[ 341 3719],[ 341 3730],[ 341 3691],0.0,0.0,0.0,0.0
460,[  39 5778],[  13 5754],[  49 5778],-2.5,-2.5,-2.5,68.19859051364821
1637,[ 62 392],[ 83 382],[ 48 394],2.4999999999999996,2.5,2.4999999999999996,-68.19859051364818
2242,[ 862 3886],[ 896 3917],[ 860 3886],-2.5,inf,-60.01358535163671,89.04537485475275
2020,[ 82 411],[ 86 409],[ 51 416],2.4999999999999996,2.5,2.5,-68.19859051364821
220,[  16 5073],[  11 5076],[  50 5069],2.5,2.5,2.4999999999999996,-68.19859051364818
