Unnamed: 0,pixel,closest contour point,closest skeleton point,slope at nc,slope at ns,average slope,average angle
2088,[ 860 1430],[ 868 1422],[ 837 1445],1.5,1.3461538461538465,1.4551073059674864,-55.501806391819734
1587,[ 114 2598],[ 121 2605],[  91 2581],-1.0,-1.3461538461538465,-1.089005009999357,47.4396920902225
692,[789 961],[793 965],[770 934],-0.6,-0.7000000000000001,-0.614627776982879,31.576039018874848
1566,[ 74 496],[ 52 517],[ 80 490],1.3461538461538467,1.3461538461538465,1.34615,-53.39284682374126
1788,[638 553],[667 521],[638 557],0.3,0.0,0.0254314629075468,-1.4568014789567447
1543,[ 652 2906],[ 637 2921],[ 655 2886],0.3,0.3,0.3,-16.69924423399362
1722,[ 359 2946],[ 359 2953],[ 359 2914],0.0,-0.2,-0.0358974358974359,2.055888785004674
996,[ 771 4008],[ 759 3997],[ 786 4024],-0.7000000000000001,-0.7000000000000001,-0.7,34.99202019855866
1710,[ 842 2372],[ 821 2351],[ 852 2377],-2.5,-2.5,-2.5,68.19859051364821
660,[ 102 4431],[  93 4439],[ 121 4412],1.0,0.7000000000000001,0.9071620410991672,-42.21312212264821
2290,[ 55 323],,[ 55 323],,-2.5,-2.5,68.19859051364821
643,[ 799 1646],[ 791 1638],[ 821 1662],-1.0,-1.3461538461538465,-1.101676554063988,47.76974056873067
1026,[  84 2078],[  70 2091],[  98 2064],1.1764705882352942,1.1764705882352942,1.17647,-49.63544929005889
1952,[ 119 2813],[ 123 2809],[  94 2834],1.0,1.3461538461538465,1.0511171629733067,-46.42760815011389
290,[ 437 2130],[ 464 2161],[ 437 2127],-0.3,-0.2,-0.2068012390688023,11.684132232822334
739,[ 137 3689],[ 135 3692],[ 153 3658],0.5,0.5,0.5,-26.56505117707799
1192,[480 591],[491 605],[476 569],-0.3,-0.3,-0.3,16.69924423399362
2159,[ 744 1331],[ 751 1321],[ 733 1355],0.3,0.5,0.363234421720186,-19.962763906752024
1395,[  95 4075],[  94 4074],[ 119 4103],-1.0,-0.7000000000000001,-0.9889204081204076,44.68082820991762
1180,[  68 2051],[  51 2067],[  80 2041],1.5,1.3461538461538465,1.4078250553162084,-54.613230449870045
