Unnamed: 0,pixel,closest contour point,closest skeleton point,slope at nc,slope at ns,average slope,average angle
1316,[ 126 5990],[ 113 6005],[ 137 5975],0.7000000000000001,0.7000000000000001,0.7,-34.99202019855866
1681,[  21 5740],[  18 5737],[  55 5749],-2.5,-2.5,-2.5,68.19859051364821
241,[ 822 3116],[ 822 3116],,-2.5,,-2.5,68.19859051364821
1070,[ 810 2452],[ 837 2479],[ 809 2452],-1.0,-1.0,-1.0,44.99999999999999
591,[ 749 2173],[ 743 2179],[ 765 2148],0.7000000000000001,0.7000000000000001,0.7,-34.99202019855866
2023,[  24 3519],[  12 3531],[  49 3512],2.5,2.5,2.5,-68.19859051364821
2199,[ 818 3040],[ 815 3041],[ 852 3034],1.7857142857142858,2.5,1.8456443410588377,-61.550447772978
2404,[424 607],[429 616],[417 579],-0.3,-0.3,-0.3,16.69924423399362
