Unnamed: 0,pixel,closest contour point,closest skeleton point,slope at nc,slope at ns,average slope,average angle
872,[816  83],[802  71],[833  93],-1.3461538461538465,-1.3461538461538465,-1.34615,53.39284682374126
562,[ 251 2495],[ 224 2463],[ 251 2498],-0.3,-0.1999999999999999,-0.2066861541566943,11.677808642041803
1791,[ 548 3670],[ 567 3697],[ 544 3662],-0.3,-0.3,-0.2999999999999999,16.69924423399362
2396,[  25 1070],[  23 1069],[  59 1083],-1.7857142857142858,-2.5,-1.8270490483469244,61.30675948275888
307,[ 100 1256],[ 112 1244],[  84 1270],1.3461538461538465,1.3461538461538465,1.34615,-53.39284682374126
1662,[ 201 4458],[ 175 4486],[ 202 4454],0.3,0.3,0.3,-16.69924423399362
