Unnamed: 0,pixel,closest contour point,closest skeleton point,slope at nc,slope at ns,average slope,average angle
1785,[ 288 3243],[ 278 3232],[ 293 3270],-0.3,-0.3,-0.3,16.69924423399362
1311,[ 344 4028],[ 360 4010],[ 340 4047],0.3,0.3,0.2999999999999999,-16.69924423399362
