Unnamed: 0,pixel,closest contour point,closest skeleton point,slope at nc,slope at ns,average slope,average angle
253,[616 542],[625 517],[612 555],0.3,0.3,0.3,-16.69924423399362
1998,[ 113 1783],[ 140 1810],[ 112 1783],-0.8,-1.0,-0.9948958454105596,44.85340293405871
1141,[  78 3614],[  61 3631],[  91 3607],1.0,1.3461538461538465,1.2144491351832802,-50.53132379097144
