Unnamed: 0,pixel,closest contour point,closest skeleton point,slope at nc,slope at ns,average slope,average angle
267,[  77 1969],[  86 1960],[  52 1973],2.4999999999999996,2.5,2.5,-68.19859051364821
164,[ 873 3976],[ 875 3976],[ 840 3960],-1.7857142857142858,-2.5,-1.8226487980049368,61.24853507546663
279,[ 620 3339],[ 620 3344],[ 620 3304],0.0,0.0,0.0,0.0
957,[ 40 371],[ 10 341],[ 47 371],-2.5,inf,-17.652288168283157,86.75766646560379
95,[ 308 6028],[ 316 6058],[ 308 6019],-0.3,0.0,-0.0674185089012504,3.8569594652889783
534,[870  72],[882  83],[847  68],-1.7857142857142858,-2.5,-2.0791630191595845,64.3141780196223
