Unnamed: 0,pixel,closest contour point,closest skeleton point,slope at nc,slope at ns,average slope,average angle
2471,[ 706 3314],[ 717 3328],[ 702 3292],-0.3,-0.3,-0.3,16.69924423399362
1343,[  76 2028],[ 102 2003],[  74 2030],1.7857142857142856,1.3461538461538465,1.3781123031672653,-54.03422511407579
