Unnamed: 0,pixel,closest contour point,closest skeleton point,slope at nc,slope at ns,average slope,average angle
930,[ 118 2820],[ 126 2812],[  98 2839],1.0,1.0,1.0,-44.99999999999999
2125,[ 129 4407],[ 149 4385],[ 123 4413],0.7000000000000001,0.8,0.7777973457512877,-37.87568221482722
2184,[ 563 3670],[ 580 3696],[ 563 3660],-0.3,0.0,-0.0730558929503519,4.178371334574064
891,[ 424 2517],[ 405 2542],[ 426 2507],0.3,0.3,0.3,-16.69924423399362
