Unnamed: 0,pixel,closest contour point,closest skeleton point,slope at nc,slope at ns,average slope,average angle
574,[  28 4292],[  12 4307],[  49 4287],2.5,2.5,2.5,-68.19859051364821
27,[ 801 5335],[ 799 5336],[ 831 5315],1.176470588235294,1.3461538461538465,1.1863786015037163,-49.8724191141708
985,[ 810 2136],[ 812 2134],[ 790 2165],0.7000000000000001,0.7000000000000001,0.7000000000000001,-34.99202019855867
