Unnamed: 0,pixel,closest contour point,closest skeleton point,slope at nc,slope at ns,average slope,average angle
19,[ 577 3278],[ 577 3266],[ 577 3303],0.0,0.0,0.0,0.0
962,[ 857 5348],[ 881 5326],[ 850 5352],1.7857142857142858,2.5,2.3582273654725747,-67.0207573239686
467,[ 102 5989],[  97 5993],[ 122 5964],0.7000000000000001,0.7000000000000001,0.7,-34.99202019855866
2206,[ 339 4828],[ 317 4859],[ 339 4823],0.3,0.0,0.0348730517086229,-1.9972692978534456
1073,[ 182 2159],[ 181 2161],[ 192 2124],0.3,0.3,0.2999999999999999,-16.69924423399362
