Unnamed: 0,pixel,closest contour point,closest skeleton point,slope at nc,slope at ns,average slope,average angle
1581,[ 678 4479],[ 678 4479],,0.3,,0.3,-16.69924423399362
1060,[ 351 5570],[ 358 5561],[ 351 5599],0.3,0.0,0.2153371842705696,-12.152344551034156
247,[ 654 4826],[ 647 4816],[ 661 4851],-0.3,-0.3,-0.3,16.69924423399362
1991,[ 99 540],[ 85 554],[112 526],1.0,1.0,1.0,-44.99999999999999
1969,[ 125 4391],[ 138 4376],[ 112 4404],0.7000000000000001,1.0,0.8557461247960364,-40.55512965821121
1346,[ 783 3686],[ 796 3673],[ 772 3703],0.7000000000000001,0.7000000000000001,0.6999999999999998,-34.992020198558656
336,[ 530 2513],[ 547 2488],[ 530 2523],0.3,0.2,0.2248555686924594,-12.672506694416242
150,[ 690 2535],[ 707 2555],[ 688 2520],-0.3,-0.3,-0.3,16.69924423399362
1775,[ 149 4450],[ 134 4467],[ 156 4435],0.5,0.3,0.3844010232343098,-21.026810986892063
