Unnamed: 0,pixel,closest contour point,closest skeleton point,slope at nc,slope at ns,average slope,average angle
2127,[ 524 4880],[ 518 4888],[ 524 4850],0.3,0.0,0.225,-12.68038349181982
322,[ 70 309],[ 91 330],[ 61 304],-2.4999999999999996,-1.7857142857142856,-1.9695886947141696,63.08217400102427
2211,[187 153],[183 147],[196 183],-0.3,-0.3,-0.3,16.69924423399362
457,[ 236 5274],[ 233 5277],[ 244 5239],0.3,0.3,0.2999999999999999,-16.69924423399362
299,[265 953],[285 981],[264 946],-0.3,-0.3,-0.3,16.69924423399362
2174,[ 551 5179],[ 551 5173],[ 555 5211],-0.2,-0.3,-0.2156866719082834,12.171479965688544
1,[ 384 5993],[ 371 5977],[ 390 6012],-0.3,-0.3,-0.3,16.69924423399362
2249,[ 292 2170],[ 292 2180],[ 298 2141],0.0,0.3,0.0757304470653347,-4.330768490351851
1426,[ 878 1589],[ 893 1602],[ 857 1586],-2.5,-2.5,-2.5,68.19859051364821
