Unnamed: 0,pixel,closest contour point,closest skeleton point,slope at nc,slope at ns,average slope,average angle
785,[720 213],[727 222],[709 187],-0.3,-0.3,-0.3,16.69924423399362
889,[ 647 3660],[ 681 3626],[ 647 3661],0.3,0.0,0.0061120633215947,-0.3501910717544519
1095,[ 438 1700],[ 441 1695],[ 434 1732],0.3,0.3,0.3,-16.69924423399362
202,[747 183],[768 204],[742 174],-0.5,-0.5,-0.5,26.56505117707799
149,[ 476 3279],[ 496 3256],[ 473 3290],0.3,0.3,0.3,-16.69924423399362
