Unnamed: 0,pixel,closest contour point,closest skeleton point,slope at nc,slope at ns,average slope,average angle
53,[ 815 3960],[ 802 3949],[ 832 3973],-1.7857142857142858,-1.3461538461538465,-1.5909305422477986,57.8480529363644
1948,[ 883 3879],[ 900 3889],[ 861 3879],-2.5,-2.499999999999999,-2.5,68.19859051364821
1962,[ 549 5640],[ 528 5665],[ 549 5628],0.3,0.0,0.0806277218705688,-4.6096565686064395
1472,[ 586 3282],[ 589 3267],[ 581 3303],0.3,0.3,0.3,-16.69924423399362
1856,[ 587 4454],[ 596 4471],[ 587 4434],-0.3,0.0,-0.152923187665731,8.69449574978338
214,[ 476 5228],[ 501 5257],[ 475 5223],-0.3,-0.3,-0.3,16.69924423399362
550,[ 884 4651],[ 900 4664],[ 861 4651],-2.5,inf,-4.740818274792206,78.08897380661179
2219,[ 757 1326],[ 758 1324],[ 740 1358],0.5,0.5,0.5,-26.56505117707799
