Unnamed: 0,pixel,closest contour point,closest skeleton point,slope at nc,slope at ns,average slope,average angle
9,[ 379 3653],[ 379 3649],[ 382 3686],-0.3,-0.3,-0.3,16.69924423399362
2120,[  71 5002],[  84 5015],[  50 5001],-2.4999999999999996,-2.5,-2.5000000000000004,68.19859051364821
1594,[ 825 3266],[ 825 3267],[ 798 3239],-0.7000000000000001,-1.0,-0.7076562318841606,35.28537171786771
2201,[ 724 2492],[ 709 2474],[ 728 2506],-0.3,-0.3,-0.3,16.69924423399362
