Unnamed: 0,pixel,closest contour point,closest skeleton point,slope at nc,slope at ns,average slope,average angle
1640,[  69 3578],,[  69 3578],,1.3461538461538465,1.3461538461538465,-53.392925187392514
1810,[ 351 2210],[ 351 2211],[ 370 2189],0.7000000000000001,0.7000000000000001,0.7,-34.99202019855866
2197,[ 437 1551],[ 462 1570],[ 434 1551],-2.5,inf,-28.667197446845964,88.00215710478138
1192,[365 910],[381 926],[360 905],-0.8,-0.8,-0.8,38.659808254090095
93,[ 76 524],[ 74 525],[ 94 504],0.7000000000000001,0.7000000000000001,0.6999999999999998,-34.992020198558656
612,[  85 5179],[  82 5184],[ 101 5162],0.7000000000000001,0.7000000000000001,0.7,-34.99202019855866
