Unnamed: 0,pixel,closest contour point,closest skeleton point,slope at nc,slope at ns,average slope,average angle
352,[ 363 2485],[ 364 2488],[ 351 2462],-0.7000000000000001,-0.7000000000000001,-0.7,34.99202019855866
2347,[ 278 4844],[ 285 4852],[ 269 4827],-0.5,-0.3,-0.428813278335005,23.21029623959154
2098,[ 176 4854],[ 158 4835],[ 178 4858],-0.5,-0.5,-0.5,26.56505117707799
774,[ 131 2541],[ 118 2529],[ 137 2551],-0.7000000000000001,-0.7000000000000001,-0.6999999999999998,34.992020198558656
804,[428 845],[441 857],[417 840],-1.7857142857142858,-1.3461538461538465,-1.52452951606116,56.737525908387994
2194,[ 326 5565],[ 314 5551],[ 333 5573],-0.5,-0.7000000000000001,-0.6268632565497569,32.082087817481714
