Unnamed: 0,pixel,closest contour point,closest skeleton point,slope at nc,slope at ns,average slope,average angle
581,[ 419 2417],[ 429 2427],[ 406 2410],-1.3461538461538465,-1.3461538461538465,-1.34615,53.39284682374126
887,[ 55 505],[ 54 505],[ 78 488],1.0,1.3461538461538465,1.0116939804895688,-45.33305671119984
1355,[ 216 2901],[ 201 2919],[ 218 2894],0.3,0.3,0.3,-16.69924423399362
2260,[ 207 3657],[ 223 3640],[ 205 3664],0.3,0.3,0.3,-16.69924423399362
1591,[ 384 6073],[ 402 6054],[ 381 6075],1.0,1.0,1.0,-44.99999999999999
2345,[ 260 4027],[ 258 4024],[ 271 4050],-0.3,-0.3,-0.3,16.69924423399362
2492,[  11 4999],[   9 4999],[  39 5006],inf,-2.5,-38.57717422415453,88.51510763886907
765,[  67 5729],[  82 5744],[  61 5723],-1.7857142857142856,-1.3461538461538467,-1.4717385714285711,55.805126789058065
