Unnamed: 0,pixel,closest contour point,closest skeleton point,slope at nc,slope at ns,average slope,average angle
2395,[  66 1963],[  69 1963],[  42 1968],2.4999999999999996,2.5,2.5,-68.19859051364821
1404,[  28 1903],[  11 1890],[  39 1904],-2.5,-2.5,-2.5,68.19859051364821
556,[426 739],[405 751],[431 738],2.5,2.5,2.5,-68.19859051364821
294,[ 303 3250],[ 291 3236],[ 308 3260],-0.3,-0.5,-0.4245067150875507,23.001548621277163
