Unnamed: 0,pixel,closest contour point,closest skeleton point,slope at nc,slope at ns,average slope,average angle
116,[ 225 4038],[ 223 4036],[ 233 4063],-0.3,-0.3,-0.3,16.69924423399362
2258,[ 409 1554],[ 405 1554],[ 433 1554],inf,-2.5,-17.5,86.72951207681643
2478,[342 586],[343 585],[330 611],0.5,0.5,0.5,-26.56505117707799
2382,[ 426 4716],[ 442 4732],[ 419 4713],-1.7857142857142858,-1.785714285714286,-1.7857099999999997,60.751115041598304
2222,[422  60],[442  80],[420  59],-1.7857142857142858,-1.785714285714286,-1.78571,60.751115041598325
