Unnamed: 0,pixel,closest contour point,closest skeleton point,slope at nc,slope at ns,average slope,average angle
1095,[  36 4975],[  21 4960],[  46 4976],-2.5,-2.5,-2.5,68.19859051364821
2000,[  78 5158],[  66 5170],[  87 5149],1.0,1.0,1.0,-44.99999999999999
213,[ 116 5142],[ 119 5138],[ 102 5162],1.0,0.7000000000000001,0.9490023347684744,-43.50113857976218
391,[  19 2659],[  14 2654],[  42 2663],-2.5,-2.5,-2.4999999999999996,68.19859051364818
599,[  36 5007],[  12 4987],[  39 5007],-2.5,-2.5000000000000004,-2.5,68.19859051364821
838,[ 308 5613],[ 311 5617],[ 297 5591],-0.5,-0.3,-0.4662125038750039,24.995521648161745
1994,[181 951],[181 949],[189 977],-0.5,-0.3,-0.4863027494470267,25.933782203839208
664,[ 230 1317],[ 230 1316],[ 222 1344],0.4,0.3,0.3965706747877958,-21.63182507988573
999,[ 419 2365],[ 402 2349],[ 427 2365],-2.5,-2.5000000000000004,-2.5,68.19859051364821
1678,[ 340 6042],[ 360 6022],[ 340 6044],0.6,0.7000000000000001,0.6933959117468688,-34.73728092630576
798,[ 415 5534],[ 421 5540],[ 400 5519],-1.176470588235294,-1.176470588235294,-1.17647,49.63544929005889
2206,[172 192],[163 181],[177 206],-0.3,-0.3,-0.3,16.69924423399362
613,[  71 3604],[  61 3614],[  82 3593],1.0,1.0,1.0,-44.99999999999999
1754,[ 168 2083],[ 178 2072],[ 161 2096],0.5,0.5,0.5,-26.56505117707799
10,[  77 4371],[  59 4388],[  80 4367],1.1764705882352942,1.1764705882352942,1.17647,-49.63544929005889
114,[285 186],[295 196],[279 171],-0.5,-0.3,-0.4066452682756811,22.1288846723611
