Unnamed: 0,pixel,closest contour point,closest skeleton point,slope at nc,slope at ns,average slope,average angle
2364,[ 328 1396],[ 313 1411],[ 332 1388],0.5,0.5,0.5,-26.56505117707799
1150,[ 412 4667],[ 405 4660],[ 431 4673],-2.5,-2.5,-2.5,68.19859051364821
18,[ 390 2217],[ 373 2233],[ 394 2212],1.0,1.0,1.0,-44.99999999999999
1948,[ 138 3609],[ 142 3604],[ 126 3628],0.5,0.7000000000000001,0.5443501382980138,-28.561668731545172
2493,[ 414 3125],[ 404 3116],[ 430 3126],-2.5,-2.5,-2.5000000000000004,68.19859051364821
2157,[ 390 3741],[ 402 3728],[ 381 3749],1.0,1.0,1.0,-44.99999999999999
1763,[ 383 1670],[ 399 1686],[ 378 1665],-1.0,-1.0,-1.0,44.99999999999999
2277,[ 132 4087],[ 122 4077],[ 139 4101],-0.5,-0.5,-0.5,26.56505117707799
2293,[  28 1992],[  20 2000],[  45 1983],2.5,2.5,2.5,-68.19859051364821
