Unnamed: 0,pixel,closest contour point,closest skeleton point,slope at nc,slope at ns,average slope,average angle
1254,[424  99],[428 103],[405  85],-1.176470588235294,-1.3461538461538465,-1.2092769183000611,50.41127796445497
2227,[ 362 2424],[ 357 2420],[ 376 2442],-0.8,-0.7000000000000001,-0.7780764722364192,37.88564540366103
1126,[ 385 5311],[ 367 5328],[ 388 5307],1.0,1.0,1.0,-44.99999999999999
1719,[ 145 1013],[ 156 1024],[ 139 1000],-0.5,-0.5,-0.5,26.56505117707799
1748,[ 343 4824],[ 344 4826],[ 327 4802],-0.5,-0.7000000000000001,-0.5151911905586346,27.257124827165864
702,[ 449 3911],[ 457 3919],[ 430 3907],-2.5,-2.5,-2.5,68.19859051364821
2082,[ 419 1649],[ 426 1656],[ 405 1636],-1.3461538461538465,-1.3461538461538465,-1.3461499999999995,53.39284682374126
2012,[ 121 3618],[ 137 3601],[ 118 3623],0.7000000000000001,0.7000000000000001,0.7,-34.99202019855866
1492,[ 45 304],[ 30 289],[ 53 308],-1.7857142857142858,-1.7857142857142856,-1.78571,60.751115041598325
2295,[ 457 2268],[ 457 2268],,2.5,,2.5,-68.19859051364821
11,[  24 3415],[  20 3411],[  47 3423],-1.7857142857142858,-2.5,-1.9203599075403588,62.49239694571912
973,[121 535],[107 550],[127 528],0.7000000000000001,0.7000000000000001,0.6999999999999998,-34.992020198558656
927,[ 88 516],[ 76 527],[ 94 504],1.0,0.7000000000000001,0.8355410471002901,-39.880141502905296
873,[ 264 2923],[ 252 2936],[ 270 2912],0.3,0.3,0.3,-16.69924423399362
2378,[ 247 2109],[ 255 2100],[ 242 2126],0.3,0.3,0.2999999999999999,-16.69924423399362
1197,[ 125 5155],[ 132 5148],[ 113 5170],0.6,0.7000000000000001,0.634008519520622,-32.37504553078315
1075,[  69 1031],[  60 1023],[  81 1044],-1.0,-1.0,-1.0,44.99999999999999
942,[ 227 5626],[ 242 5642],[ 223 5618],-0.3,-0.3,-0.2999999999999999,16.69924423399362
1552,[  95 5960],[  89 5965],[ 110 5944],0.7000000000000001,0.7000000000000001,0.7,-34.99202019855866
1442,[ 16 339],[ 12 335],[ 40 346],-2.5,-2.5,-2.5,68.19859051364821
957,[ 413 3835],[ 403 3842],[ 429 3830],2.5,2.5,2.5000000000000004,-68.19859051364821
2073,[  95 4367],[ 108 4353],[  87 4374],1.0,1.0,1.0,-44.99999999999999
440,[ 418 4613],[ 404 4622],[ 430 4612],2.5,2.5,2.5000000000000004,-68.19859051364821
2280,[ 195 4434],[ 216 4413],[ 195 4436],0.3,0.3,0.3,-16.69924423399362
