Unnamed: 0,pixel,closest contour point,closest skeleton point,slope at nc,slope at ns,average slope,average angle
1142,[  83 2579],[  69 2565],[  88 2587],-1.0,-0.7000000000000001,-0.7968151454433352,38.54836774689652
1548,[ 442 3839],[ 459 3825],[ 432 3841],2.5,2.5,2.5,-68.19859051364821
2378,[ 247 2109],[ 255 2100],[ 242 2126],0.3,0.3,0.2999999999999999,-16.69924423399362
307,[  99 5186],[  92 5192],[ 109 5168],0.8,0.7000000000000001,0.7690731446603692,-37.56291770580376
2209,[ 139 5930],[ 140 5929],[ 124 5953],0.7000000000000001,0.7000000000000001,0.7,-34.99202019855866
