Unnamed: 0,pixel,closest contour point,closest skeleton point,slope at nc,slope at ns,average slope,average angle
701,[ 455 2375],[ 455 2376],[ 427 2368],-1.7857142857142858,-2.5,-1.8096299060351648,61.07499626909698
2250,[  82 4919],[  61 4899],[  82 4920],-1.0,-1.0,-1.0,44.99999999999999
39,[ 380 1652],[ 365 1637],[ 386 1657],-1.0,-1.3461538461538465,-1.2530005765000245,51.4071845341943
2084,[ 389 5488],[ 387 5486],[ 412 5500],-1.3461538461538465,-1.3461538461538465,-1.34615,53.39284682374126
64,[183 971],[168 954],[186 978],-0.5,-0.3,-0.3502901397301637,19.304854484555474
70,[ 399 1654],[ 415 1670],[ 394 1649],-1.0,-1.0,-1.0,44.99999999999999
1781,[435 861],[437 864],[412 849],-1.3461538461538465,-1.785714285714286,-1.399787035468326,54.458199505993576
2452,[ 198 3296],[ 179 3276],[ 198 3300],-0.3,-0.3,-0.3,16.69924423399362
1912,[ 173 3295],[ 161 3283],[ 178 3307],-0.5,-0.3,-0.386751791143198,21.14406759807649
