Unnamed: 0,pixel,closest contour point,closest skeleton point,slope at nc,slope at ns,average slope,average angle
1537,[ 79 438],[ 79 438],,1.7857142857142856,,1.7857142857142856,-60.751173663453024
2378,[ 247 2109],[ 255 2100],[ 242 2126],0.3,0.3,0.2999999999999999,-16.69924423399362
1638,[375 617],[382 610],[362 631],0.7000000000000001,0.7000000000000001,0.6999999999999998,-34.992020198558656
