Unnamed: 0,pixel,closest contour point,closest skeleton point,slope at nc,slope at ns,average slope,average angle
973,[121 535],[107 550],[127 528],0.7000000000000001,0.7000000000000001,0.6999999999999998,-34.992020198558656
1101,[ 118 2084],[ 103 2098],[ 124 2077],0.7000000000000001,0.7000000000000001,0.6999999999999998,-34.992020198558656
772,[ 398 6092],[ 419 6073],[ 397 6092],1.3461538461538465,1.176470588235294,1.182257254050495,-49.774135953976405
