Unnamed: 0,pixel,closest contour point,closest skeleton point,slope at nc,slope at ns,average slope,average angle
1679,[456 752],[463 748],[434 757],2.5,2.5,2.5,-68.19859051364821
626,[ 269 5601],[ 249 5578],[ 269 5602],-0.3,-0.4,-0.3968233296004034,21.644332811227365
2002,[ 195 4084],[ 211 4102],[ 192 4078],-0.5,-0.3,-0.3435719417622561,18.961283437326443
1263,[170 996],[ 184 1011],[166 987],-0.5,-0.5,-0.5,26.56505117707799
