Unnamed: 0,pixel,closest contour point,closest skeleton point,slope at nc,slope at ns,average slope,average angle
2134,[214 571],[196 591],[215 567],0.3,0.3,0.2999999999999999,-16.69924423399362
249,[  31 2654],[  18 2641],[  43 2660],-1.7857142857142858,-2.5,-2.198652543222972,65.54281871380483
