Unnamed: 0,pixel,closest contour point,closest skeleton point,slope at nc,slope at ns,average slope,average angle
330,[ 189 4465],[ 188 4465],[ 199 4438],0.3,0.3,0.3,-16.69924423399362
1225,[  55 1877],[  71 1891],[  47 1874],-2.4999999999999996,-2.5,-2.5,68.19859051364821
719,[ 419 3070],[ 405 3077],[ 432 3070],2.5,inf,5.510091508172794,-79.71362315306845
823,[  72 2640],[  80 2646],[  57 2628],-1.7857142857142856,-1.3461538461538467,-1.635224056898961,58.55267152663678
1684,[ 409 5404],[ 405 5404],[ 432 5399],2.5000000000000004,2.5,2.5,-68.19859051364821
1774,[ 355 6081],[ 350 6087],[ 369 6065],0.7000000000000001,0.7000000000000001,0.7000000000000001,-34.99202019855867
327,[  68 2787],[  84 2773],[  61 2790],1.3461538461538465,1.3461538461538467,1.34615,-53.39284682374126
1248,[  11 1140],[   7 1140],[  38 1140],inf,inf,100.0,-89.42706130231674
968,[ 235 4460],[ 220 4476],[ 239 4452],0.3,0.3,0.2999999999999999,-16.69924423399362
368,[460 788],[463 788],[433 787],inf,-2.5,-25.015426810177157,87.71080105463943
1729,[ 448 6154],[ 458 6148],[ 430 6157],2.5,2.5,2.5,-68.19859051364821
1149,[  47 3467],[  65 3470],[  38 3467],-2.4999999999999996,inf,-7.568968775248515,82.47376246309632
1726,[ 398 2454],[ 402 2459],[ 381 2438],-1.0,-1.0,-1.0,44.99999999999999
244,[ 451 3819],[ 456 3815],[ 428 3824],2.5,2.5,2.5,-68.19859051364821
2159,[ 55 336],[ 69 347],[ 45 331],-2.4999999999999996,-2.5,-2.5,68.19859051364821
