Unnamed: 0,pixel,closest contour point,closest skeleton point,slope at nc,slope at ns,average slope,average angle
233,[ 288 4043],[ 267 4021],[ 288 4044],-0.3,-0.3,-0.3,16.69924423399362
1637,[348 941],[352 945],[334 921],-0.6,-0.7000000000000001,-0.6188123070945135,31.74973195935439
