Unnamed: 0,pixel,closest contour point,closest skeleton point,slope at nc,slope at ns,average slope,average angle
932,[ 378 1663],[ 358 1643],[ 379 1664],-0.8,-1.0,-0.9904761904761904,44.72585960626678
1342,[424 713],[401 733],[424 712],2.5,2.5,2.5,-68.19859051364821
1388,[ 395 4725],[ 384 4715],[ 408 4732],-1.3461538461538465,-1.3461538461538465,-1.3461499999999995,53.39284682374126
1120,[ 414 4687],[ 402 4675],[ 427 4690],-2.5,-2.5,-2.5,68.19859051364821
1618,[ 382 1434],[ 366 1450],[ 387 1429],1.0,1.0,1.0,-44.99999999999999
1957,[  30 5895],[  29 5896],[  53 5879],1.7857142857142858,1.3461538461538467,1.764589099608947,-60.45959129668029
2121,[ 363 1644],[ 360 1642],[ 381 1662],-0.7000000000000001,-0.7000000000000001,-0.7,34.99202019855866
870,[ 406 3073],[ 404 3073],[ 432 3073],inf,2.5,35.0,-88.36342295838308
