Unnamed: 0,pixel,closest contour point,closest skeleton point,slope at nc,slope at ns,average slope,average angle
1878,[  25 5086],[  17 5093],[  43 5078],2.5,2.5,2.5,-68.19859051364821
1225,[  55 1877],[  71 1891],[  47 1874],-2.4999999999999996,-2.5,-2.5,68.19859051364821
624,[ 168 5214],[ 156 5228],[ 173 5203],0.5,0.3,0.379175627903235,-20.765506526032972
2104,[ 208 1772],[ 210 1776],[ 201 1749],-0.3,-0.3,-0.3,16.69924423399362
60,[  31 4339],[  27 4342],[  53 4328],1.7857142857142858,1.7857142857142856,1.78571,-60.75111504159832
459,[ 175 5660],[ 179 5665],[ 164 5640],-0.3,-0.5,-0.3438141784749864,18.973696309094663
1297,[ 237 3309],[ 242 3316],[ 231 3289],-0.3,-0.3,-0.3,16.69924423399362
931,[ 171 5216],[ 159 5229],[ 176 5204],0.3,0.5,0.4152868358772171,-22.552468523741297
1285,[ 243 1345],[ 259 1326],[ 240 1350],0.3,0.3,0.3,-16.69924423399362
2187,[322 909],[312 900],[331 922],-0.7000000000000001,-0.7000000000000001,-0.7000000000000001,34.99202019855867
1264,[ 311 4013],[ 304 4005],[ 321 4029],-0.5,-0.7000000000000001,-0.5720734074540728,29.772725448852388
270,[ 353 5298],[ 344 5307],[ 362 5284],0.7000000000000001,0.7000000000000001,0.7000000000000001,-34.99202019855867
2466,[ 132 2095],[ 119 2108],[ 138 2085],0.7000000000000001,0.7000000000000001,0.7,-34.99202019855866
287,[ 222 2894],[ 242 2871],[ 222 2895],0.3,0.4,0.3968233296004034,-21.644332811227365
791,[ 418 3164],,[ 418 3164],,-1.785714285714286,-1.785714285714286,60.751173663453024
637,[ 148 1326],[ 134 1341],[ 152 1317],0.5,0.5,0.5,-26.56505117707799
2166,[ 134 5938],[ 142 5930],[ 124 5953],0.6,0.7000000000000001,0.6385587718495997,-32.56062336949424
2460,[ 191 3662],[ 170 3683],[ 192 3660],0.5,0.5,0.5,-26.56505117707799
594,[ 393 2973],[ 407 2958],[ 386 2979],1.0,1.0,1.0,-44.99999999999999
1801,[  17 3518],[  11 3522],[  40 3515],2.5,2.5,2.5000000000000004,-68.19859051364821
