Unnamed: 0,pixel,closest contour point,closest skeleton point,slope at nc,slope at ns,average slope,average angle
2067,[ 195 5182],[ 196 5181],[ 182 5206],0.3,0.3,0.3,-16.69924423399362
1605,[298 611],[286 623],[304 599],0.5,0.5,0.5,-26.56505117707799
2164,[  35 5024],[   9 5001],[  37 5024],-2.5,-2.5,-2.5,68.19859051364821
1209,[281 943],[260 922],[281 945],-0.3,-0.5,-0.4873811003144259,25.983729010804172
1769,[ 320 2922],[ 335 2907],[ 316 2930],0.5,0.5,0.5,-26.56505117707799
674,[  50 4188],[  29 4168],[  52 4188],-1.7857142857142858,-1.9999999999999996,-1.9861748387096776,63.27564358431114
790,[ 367 6076],[ 353 6090],[ 374 6069],1.0,1.0,1.0,-44.99999999999999
403,[ 320 3271],[ 331 3282],[ 314 3258],-0.5,-0.3,-0.3958541840242295,21.596343270408266
791,[ 418 3164],,[ 418 3164],,-1.785714285714286,-1.785714285714286,60.751173663453024
1087,[ 109 2089],[ 101 2097],[ 118 2073],0.6,0.7000000000000001,0.6381301817090692,-32.54317634205024
