Unnamed: 0,pixel,closest contour point,closest skeleton point,slope at nc,slope at ns,average slope,average angle
1114,[  49 2717],[  65 2717],[  38 2717],2.4999999999999996,inf,6.136363636363636,-80.7442722554478
1607,[ 206 5609],[ 194 5596],[ 211 5621],-0.3,-0.3,-0.3,16.69924423399362
1505,[ 232 7581],[ 232 7581],,0.4,,0.4,-21.801409486351808
2074,[ 349 5561],[ 329 5542],[ 350 5563],-0.7000000000000001,-0.5,-0.5149959476331123,27.248283914698114
