Unnamed: 0,pixel,closest contour point,closest skeleton point,slope at nc,slope at ns,average slope,average angle
660,[  37 4931],[  36 4931],[  61 4946],-1.3461538461538467,-1.3461538461538467,-1.34615,53.39284682374126
2491,[ 462 1526],[ 464 1526],[ 434 1532],2.5000000000000004,2.5,2.5,-68.19859051364821
1574,[ 30 290],[ 29 290],[ 56 302],-1.7857142857142858,-1.3461538461538467,-1.7708778597641666,60.54694410577329
1873,[ 424 5319],[ 431 5313],[ 407 5329],1.3461538461538465,1.3461538461538465,1.34615,-53.39284682374126
