Unnamed: 0,pixel,closest contour point,closest skeleton point,slope at nc,slope at ns,average slope,average angle
1707,[310 917],[299 906],[314 931],-0.5,-0.3,-0.3966924206780934,21.637852407045983
1226,[418  42],[401  27],[425  45],-2.5,-1.7857142857142858,-1.9653187195392932,63.031946522769616
1658,[213 980],[226 995],[211 970],-0.3,-0.3,-0.3,16.69924423399362
451,[ 253 5610],[ 273 5631],[ 251 5608],-0.3,-0.3,-0.2999999999999999,16.69924423399362
773,[ 427 7710],[ 405 7729],[ 430 7710],2.5,inf,26.724069756247715,-87.85702326261558
1079,[  90 1312],[  89 1313],[ 105 1288],0.6,0.7000000000000001,0.6047590728651288,-31.163831809684577
1842,[ 405 7685],[ 395 7694],[ 419 7677],1.7857142857142858,1.785714285714286,1.78571,-60.75111504159832
861,[ 384 7593],[ 385 7590],[ 370 7615],0.7000000000000001,0.7000000000000001,0.7,-34.99202019855866
