Unnamed: 0,pixel,closest contour point,closest skeleton point,slope at nc,slope at ns,average slope,average angle
2067,[215 554],[227 540],[209 564],0.3,0.3,0.3,-16.69924423399362
111,[ 104 1036],[ 117 1050],[  97 1029],-0.7000000000000001,-0.7000000000000001,-0.6999999999999998,34.992020198558656
1312,[ 185 7208],[ 187 7212],[ 178 7184],-0.5,-0.3,-0.4696517689669456,25.157180153157864
291,[ 411 6118],[ 392 6137],[ 414 6117],1.7857142857142858,1.3461538461538465,1.392433805515748,-54.31534011576347
185,[  58 2053],[  54 2055],[  75 2035],1.3461538461538467,1.3461538461538465,1.34615,-53.39284682374126
