Unnamed: 0,pixel,closest contour point,closest skeleton point,slope at nc,slope at ns,average slope,average angle
1844,[ 339 3985],[ 338 3985],[ 355 4009],-0.6,-0.7000000000000001,-0.6033507112158498,31.104710830194545
386,[ 195 2548],[ 200 2555],[ 187 2529],-0.5,-0.3,-0.4411159666611498,23.803041634407123
2400,[ 310 7561],[ 319 7551],[ 302 7575],0.5,0.5,0.5,-26.56505117707799
53,[  88 4907],[  71 4889],[  91 4910],-0.7000000000000001,-0.8,-0.7853709498487278,38.1450616170993
165,[ 215 4085],[ 224 4097],[ 211 4071],-0.3,-0.3,-0.3,16.69924423399362
