Unnamed: 0,pixel,closest contour point,closest skeleton point,slope at nc,slope at ns,average slope,average angle
687,[ 254 2524],[ 261 2534],[ 247 2508],-0.3,-0.3,-0.3,16.69924423399362
458,[345 167],[349 171],[335 145],-0.5,-0.5,-0.5,26.56505117707799
1749,[ 193 3658],[ 212 3636],[ 192 3659],0.3,0.3,0.3,-16.69924423399362
2153,[ 245 1706],[ 243 1703],[ 253 1730],-0.3,-0.3,-0.3,16.69924423399362
300,[ 456 6946],[ 462 6942],[ 433 6950],2.5,2.5,2.5,-68.19859051364821
505,[ 200 7546],[ 183 7564],[ 202 7540],0.3,0.3,0.3,-16.69924423399362
2009,[  12 6622],[  11 6622],[  40 6616],2.5,2.5,2.5,-68.19859051364821
2437,[ 133 2060],[ 140 2052],[ 124 2076],0.7000000000000001,0.7000000000000001,0.7000000000000001,-34.99202019855867
2202,[ 441 6181],[ 461 6161],[ 434 6184],2.5,2.5,2.5,-68.19859051364821
244,[ 21 449],[ 20 449],[ 47 438],2.5,2.5,2.5,-68.19859051364821
547,[  30 5828],[  11 5847],[  38 5825],2.5,2.5,2.5,-68.19859051364821
613,[  46 3385],[  38 3377],[  62 3394],-1.3461538461538467,-1.3461538461538467,-1.34615,53.39284682374126
