Unnamed: 0,pixel,closest contour point,closest skeleton point,slope at nc,slope at ns,average slope,average angle
1793,[  54 1960],[  66 1950],[  41 1965],2.4999999999999996,2.5,2.4999999999999996,-68.19859051364818
1628,[ 462 2350],[ 462 2350],,-2.5,,-2.5,68.19859051364821
2453,[ 355 4794],[ 370 4810],[ 352 4787],-0.6,-0.7000000000000001,-0.6742253087625993,33.98884592097725
