Unnamed: 0,pixel,closest contour point,closest skeleton point,slope at nc,slope at ns,average slope,average angle
1114,[  49 2717],[  65 2717],[  38 2717],2.4999999999999996,inf,6.136363636363636,-80.7442722554478
2222,[  51 3363],[  49 3362],[  72 3380],-1.3461538461538467,-1.3461538461538465,-1.34615,53.39284682374126
974,[  46 3562],[  32 3575],[  56 3558],1.7857142857142858,1.7857142857142856,1.78571,-60.75111504159832
276,[ 304 1731],[ 311 1740],[ 297 1714],-0.3,-0.3,-0.3,16.69924423399362
1488,[  95 2088],[  93 2091],[ 110 2067],0.7000000000000001,0.7000000000000001,0.7,-34.99202019855866
2333,[ 285 2147],[ 267 2166],[ 288 2143],0.3,0.3,0.3,-16.69924423399362
