Unnamed: 0,pixel,closest contour point,closest skeleton point,slope at nc,slope at ns,average slope,average angle
1340,[ 232 7133],[ 232 7133],,-0.3,,-0.3,16.69924423399362
918,[  75 2565],[  72 2562],[  90 2585],-1.0,-0.7000000000000001,-0.9564747855792508,43.72556507322527
1239,[ 368 3967],[ 364 3963],[ 385 3984],-1.0,-1.0,-1.0,44.99999999999999
1535,[  79 1045],[  58 1025],[  79 1046],-1.0,-1.0,-1.0,44.99999999999999
1147,[ 158 1344],[ 154 1350],[ 165 1323],0.5,0.3,0.4508563655187765,-24.268535673465696
2330,[ 368 2450],[ 388 2471],[ 367 2450],-1.0,-1.0,-1.0,44.99999999999999
1364,[ 323 5570],[ 307 5554],[ 327 5576],-0.5,-0.5,-0.5,26.56505117707799
287,[  75 5937],[  66 5945],[  87 5924],1.0,1.0,1.0,-44.99999999999999
1652,[ 379 4537],[ 365 4550],[ 386 4529],1.0,1.0,1.0,-44.99999999999999
