Unnamed: 0,pixel,closest contour point,closest skeleton point,slope at nc,slope at ns,average slope,average angle
1911,[  26 4959],[  22 4957],[  48 4971],-1.7857142857142858,-1.7857142857142856,-1.78571,60.75111504159832
812,[ 381 5526],[ 366 5512],[ 387 5533],-1.0,-1.0,-1.0,44.99999999999999
1419,[  63 2660],[  71 2666],[  46 2653],-2.4999999999999996,-2.5,-2.5,68.19859051364821
1402,[  63 7399],[  70 7393],[  45 7406],2.4999999999999996,2.5,2.5,-68.19859051364821
1438,[  76 5896],[  90 5882],[  67 5900],1.1764705882352942,1.7857142857142856,1.5833237022512436,-57.724198333983225
783,[235 954],[219 936],[238 960],-0.3,-0.3,-0.3,16.69924423399362
