Unnamed: 0,pixel,closest contour point,closest skeleton point,slope at nc,slope at ns,average slope,average angle
1054,[ 315 4803],[ 296 4784],[ 315 4807],-0.5,-0.3,-0.3259150795298456,18.051570160956103
175,[ 102 7525],[ 102 7525],,0.7000000000000001,,0.7000000000000001,-34.99202019855867
608,[ 228 2898],[ 208 2921],[ 228 2897],0.3,0.4,0.3968233296004034,-21.644332811227365
190,[ 348 7117],[ 368 7137],[ 348 7115],-0.7000000000000001,-0.5,-0.5132081765062622,27.167265436960378
325,[124 987],[116 979],[ 134 1002],-0.6,-0.7000000000000001,-0.6385587718495997,32.56062336949424
1212,[ 381 5508],[ 375 5502],[ 398 5520],-1.1764705882352942,-1.3461538461538465,-1.225619512388542,50.78851622525063
1652,[ 379 4537],[ 365 4550],[ 386 4529],1.0,1.0,1.0,-44.99999999999999
2180,[  71 4922],[  54 4906],[  75 4927],-1.0,-1.0,-1.0,44.99999999999999
