Unnamed: 0,pixel,closest contour point,closest skeleton point,slope at nc,slope at ns,average slope,average angle
2438,[ 154 1322],[ 135 1341],[ 155 1318],0.5,0.5,0.5,-26.56505117707799
414,[  85 2044],[ 105 2024],[  84 2044],1.3461538461538465,1.0,1.0118203385385591,-45.336634293191445
1061,[ 103 7248],[ 112 7257],[  91 7236],-1.0,-1.0,-1.0,44.99999999999999
