Unnamed: 0,pixel,closest contour point,closest skeleton point,slope at nc,slope at ns,average slope,average angle
1159,[ 404 3894],[ 403 3894],[ 430 3901],inf,-2.5,-69.8145600891813,89.17937087168112
381,[ 142 1752],[ 135 1744],[ 151 1769],-0.5,-0.5,-0.5,26.56505117707799
875,[ 182 5217],[ 167 5232],[ 186 5208],0.5,0.3,0.3634140646786185,-19.971856435335248
880,[ 407 4573],[ 392 4587],[ 415 4568],1.7857142857142858,1.785714285714286,1.78571,-60.75111504159832
1434,[ 295 6363],[ 276 6343],[ 297 6365],-0.3,-0.3,-0.3,16.69924423399362
831,[ 216 7521],[ 220 7515],[ 210 7542],0.5,0.3,0.4503563025972328,-24.244719881627532
655,[  65 7423],[  77 7411],[  55 7431],1.7857142857142856,1.3461538461538467,1.535193566061874,-56.920436404045624
42,[ 165 2536],[ 144 2515],[ 166 2537],-0.5,-0.5,-0.5,26.56505117707799
1297,[ 108 3376],[ 112 3381],[  91 3360],-1.0,-1.0,-1.0,44.99999999999999
2064,[ 341 3257],[ 353 3270],[ 335 3246],-0.5,-0.5,-0.5,26.56505117707799
2124,[  47 5831],[  65 5818],[  40 5834],2.4999999999999996,2.5,2.5,-68.19859051364821
410,[ 267 6815],[ 265 6817],[ 275 6790],0.3,0.3,0.3,-16.69924423399362
2026,[ 372 2172],[ 383 2161],[ 365 2184],1.0,0.7000000000000001,0.8415247535608581,-40.081441475682546
2200,[ 319 6331],[ 315 6325],[ 331 6349],-0.5,-0.7000000000000001,-0.55,28.810793742973065
967,[ 431 5339],[ 441 5329],[ 417 5346],1.785714285714286,2.5,2.1247507042603786,-64.79628644572325
1084,[ 312 6834],[ 310 6836],[ 324 6811],0.5,0.5,0.5,-26.56505117707799
