Unnamed: 0,pixel,closest contour point,closest skeleton point,slope at nc,slope at ns,average slope,average angle
1087,[ 338 3218],[ 333 3213],[ 348 3238],-0.6,-0.7000000000000001,-0.6240253073352042,31.965206854565977
1576,[ 385 3774],[ 374 3785],[ 395 3764],1.176470588235294,1.3461538461538465,1.26535,-51.680852593492
