Unnamed: 0,pixel,closest contour point,closest skeleton point,slope at nc,slope at ns,average slope,average angle
2340,[  93 7255],[ 103 7266],[  82 7245],-1.0,-1.0,-1.0,44.99999999999999
596,[  90 5705],[ 102 5717],[  81 5696],-1.0,-1.0,-1.0,44.99999999999999
1822,[ 141 1799],[ 146 1805],[ 129 1781],-0.5,-0.7000000000000001,-0.5530523509012014,28.944890774644552
172,[ 418 6944],[ 405 6953],[ 431 6941],2.5,2.5,2.5,-68.19859051364821
974,[  46 3562],[  32 3575],[  56 3558],1.7857142857142858,1.7857142857142856,1.78571,-60.75111504159832
2168,[ 174 5173],[ 174 5171],[ 166 5199],0.4,0.3,0.3931513747235134,-21.46233913347487
1058,[414  83],[430 100],[408  81],-1.176470588235294,-1.3461538461538465,-1.3099801945176155,52.64296027338979
2141,[  35 1166],[  10 1190],[  38 1166],2.5,inf,31.379539085272423,-88.17472158075778
2014,[ 124 7533],[ 121 7536],[ 135 7510],0.5,0.7000000000000001,0.5285337146404808,-27.857961697725887
