Unnamed: 0,pixel,closest contour point,closest skeleton point,slope at nc,slope at ns,average slope,average angle
208,[ 837 2168],[ 842 2164],[ 814 2190],1.3461538461538465,1.3461538461538465,1.3461500000000002,-53.392846823741266
1602,[265 973],[266 983],[261 947],-0.3,-0.3,-0.3,16.69924423399362
1520,[ 414 2943],[ 414 2947],[ 407 2909],0.0,-0.3,-0.0309972513864621,1.7754431937854285
93,[ 747 1401],[ 743 1404],[ 765 1373],0.7000000000000001,0.7000000000000001,0.7,-34.99202019855866
1504,[ 100 3596],[ 117 3580],[  89 3606],1.3461538461538465,1.3461538461538465,1.3461500000000002,-53.392846823741266
584,[458 967],[432 996],[458 962],0.3,0.3,0.3,-16.69924423399362
1412,[ 480 2920],[ 492 2933],[ 477 2897],-0.3,-0.3,-0.3,16.69924423399362
1063,[101 502],[122 482],[ 94 508],1.3461538461538465,1.3461538461538465,1.3461499999999995,-53.39284682374126
895,[  81 2613],[ 102 2633],[  73 2608],-1.7857142857142856,-1.3461538461538465,-1.4540441245289857,55.48225571528334
1895,[286 167],[258 131],[286 169],-0.3,0.0,-0.0126031841051923,0.7220710279590281
1360,[ 595 2869],[ 593 2845],[ 595 2884],-0.3,0.0,-0.1151390174905089,6.5680574282407225
1911,[ 602 2081],[ 593 2069],[ 602 2108],-0.3,0.0,-0.1928571428571428,10.915882431693076
287,[ 241 3673],[ 258 3654],[ 241 3688],0.3,0.3,0.3,-16.69924423399362
510,[ 140 2134],[ 133 2141],[ 153 2108],0.6,0.5000000000000001,0.5745960820514964,-29.88150637922348
792,[299 195],[299 206],[299 168],0.0,0.0,0.0,0.0
720,[ 133 3286],[ 126 3277],[ 148 3309],-0.5,-0.7000000000000001,-0.558679954823269,29.191217035269133
2336,[ 434 3676],[ 409 3646],[ 434 3680],-0.3,0.0,-0.0278737561666268,1.596635173239918
1588,[ 843 1470],[ 817 1496],[ 847 1469],2.5,2.5,2.5,-68.19859051364821
2127,[ 334 3250],[ 337 3234],[ 334 3273],0.3,0.0,0.1756671889655758,-9.963332493985911
1433,[ 367 1361],[ 343 1327],[ 367 1362],-0.3,0.0,-0.0070393941236342,0.4033209117717237
2211,[ 129 1785],[ 148 1804],[ 121 1776],-0.8,-0.7000000000000001,-0.7309459863002775,36.16478670250601
170,[802 599],[815 585],[791 615],0.8,0.7000000000000001,0.7504043391089135,-36.88472160007606
638,[ 116 2528],[ 104 2516],[ 129 2545],-0.7000000000000001,-0.7000000000000001,-0.6999999999999998,34.992020198558656
1217,[753 561],[763 551],[745 585],0.5,0.3,0.4282859652727425,-23.184771218886137
447,[ 802 3702],[ 815 3689],[ 791 3719],0.8,0.7000000000000001,0.7524120171594649,-36.95824227129376
