Unnamed: 0,pixel,closest contour point,closest skeleton point,slope at nc,slope at ns,average slope,average angle
2098,[528 964],[554 938],[528 972],0.3,0.3,0.2999999999999999,-16.69924423399362
1181,[286 909],[286 905],[289 944],0.0,-0.3,-0.0306683114684734,1.7566142248957268
78,[ 398 3293],[ 377 3315],[ 398 3280],0.3,0.1999999999999999,0.2299443868345746,-12.949738168640662
