Unnamed: 0,pixel,closest contour point,closest skeleton point,slope at nc,slope at ns,average slope,average angle
129,[ 378 1330],[ 377 1323],[ 379 1360],-0.3,-0.3,-0.3,16.69924423399362
335,[861 639],[862 638],[830 659],1.3461538461538465,1.3461538461538465,1.3461500000000002,-53.392846823741266
687,[  64 1290],[  55 1298],[  86 1275],1.1764705882352942,1.3461538461538465,1.229309130611154,-50.87285113949199
2123,[223 598],[207 618],[225 582],0.3,0.3,0.3,-16.69924423399362
385,[ 778 1674],[ 767 1664],[ 792 1693],-1.0,-0.7000000000000001,-0.8840608744876148,41.4786400000376
