Unnamed: 0,pixel,closest contour point,closest skeleton point,slope at nc,slope at ns,average slope,average angle
792,[299 195],[299 206],[299 168],0.0,0.0,0.0,0.0
168,[ 414 3276],[ 442 3248],[ 411 3281],0.3,0.3,0.3,-16.69924423399362
476,[  27 1907],[  10 1891],[  48 1907],-2.5,-2.5,-2.5,68.19859051364821
1142,[ 261 2487],[ 242 2461],[ 262 2498],-0.3,-0.3,-0.3,16.69924423399362
1785,[ 660 3628],[ 660 3624],[ 657 3663],0.0,0.3,0.0306683114684734,-1.7566142248957268
729,[ 815 2421],[ 798 2405],[ 827 2430],-1.3461538461538465,-1.3461538461538465,-1.34615,53.39284682374126
1698,[ 107 2854],[  81 2879],[ 109 2852],1.0,1.0,1.0,-44.99999999999999
1946,[ 179 1734],[ 155 1710],[ 180 1741],-0.5,-0.3,-0.3344827586206896,18.494199866447076
1661,[158 969],[135 944],[160 974],-0.5,-0.5,-0.5,26.56505117707799
2385,[ 358 3681],[ 343 3655],[ 358 3691],-0.3,0.0,-0.0749687716839223,4.287374082202049
1574,[439 536],[439 536],,-0.3,,-0.3,16.69924423399362
1381,[ 275 1338],[ 277 1328],[ 275 1364],0.3,0.0,0.215481285992924,-12.160234852559864
