Unnamed: 0,pixel,closest contour point,closest skeleton point,slope at nc,slope at ns,average slope,average angle
2244,[411 602],[424 617],[407 581],-0.3,-0.3,-0.2999999999999999,16.69924423399362
1409,[ 881 3853],[ 899 3841],[ 857 3830],2.5,inf,4.126978433639922,-76.37929437905721
716,[408 922],[412 915],[404 952],0.3,0.3,0.3,-16.69924423399362
1615,[ 365 2534],[ 362 2537],[ 366 2500],0.3,0.3,0.2999999999999999,-16.69924423399362
