Unnamed: 0,pixel,closest contour point,closest skeleton point,slope at nc,slope at ns,average slope,average angle
1757,[ 779 3693],[ 796 3675],[ 771 3704],0.7000000000000001,0.7000000000000001,0.7,-34.99202019855866
2126,[ 891 3125],[ 898 3131],[ 859 3123],-2.5,-2.5,-2.5,68.19859051364821
