Unnamed: 0,pixel,closest contour point,closest skeleton point,slope at nc,slope at ns,average slope,average angle
2350,[ 772 3706],[ 746 3734],[ 772 3705],0.7000000000000001,0.6,0.602550373293289,-31.071080961901956
2090,[845 638],[855 628],[824 650],1.3461538461538465,1.3461538461538465,1.34615,-53.39284682374126
2023,[ 510 3309],[ 489 3334],[ 512 3299],0.3,0.3,0.3,-16.69924423399362
2175,[ 613 1768],[ 637 1792],[ 610 1754],-0.3,-0.3,-0.3,16.69924423399362
1982,[ 894 1589],[ 896 1591],[ 857 1587],-2.5,-2.5,-2.5,68.19859051364821
641,[ 198 3257],[ 192 3248],[ 203 3285],-0.3,-0.3,-0.3,16.69924423399362
1688,[ 647 1357],[ 642 1371],[ 647 1335],0.3,0.2,0.2596754705547501,-14.556798029556212
228,[  58 2614],[  36 2593],[  66 2618],-1.7857142857142856,-1.5624999999999991,-1.613225307272304,58.206210448891206
1992,[103 523],[ 78 548],[105 520],1.0,1.0,1.0,-44.99999999999999
