Unnamed: 0,pixel,closest contour point,closest skeleton point,slope at nc,slope at ns,average slope,average angle
1978,[ 897 3839],[ 899 3839],[ 857 3830],inf,inf,100.0,-89.42706130231674
449,[802 593],[812 583],[786 611],0.8,0.7000000000000001,0.7630032296530189,-37.34374852535732
658,[  63 3523],[  84 3503],[  52 3527],2.4999999999999996,2.5,2.5000000000000004,-68.19859051364821
1520,[ 414 2943],[ 414 2947],[ 407 2909],0.0,-0.3,-0.0309972513864621,1.7754431937854285
558,[771 893],[766 889],[792 917],-0.8,-0.7000000000000001,-0.7832788490878176,38.07084720716461
1248,[ 537 2869],[ 522 2851],[ 542 2887],-0.3,-0.3,-0.3,16.69924423399362
696,[ 707 1723],[ 692 1705],[ 713 1737],-0.3,-0.3,-0.3,16.69924423399362
962,[  55 3613],[  49 3618],[  80 3595],1.5,1.3461538461538465,1.4688832605616966,-55.75338518976028
