Unnamed: 0,pixel,closest contour point,closest skeleton point,slope at nc,slope at ns,average slope,average angle
273,[730 960],[754 987],[728 956],-0.3,-0.5,-0.4779681020678544,25.546311882531977
1199,[ 372 1352],[ 353 1326],[ 372 1361],-0.3,-0.2,-0.2218433430319961,12.508119432961122
1241,[ 157 3294],[ 135 3272],[ 160 3302],-0.5,-0.5,-0.5,26.56505117707799
2301,[ 69 444],[ 90 426],[ 59 449],2.4999999999999996,2.5,2.5,-68.19859051364821
