Unnamed: 0,pixel,closest contour point,closest skeleton point,slope at nc,slope at ns,average slope,average angle
2282,[ 648 1744],[ 630 1716],[ 648 1751],-0.3,0.0,-0.0521264695975369,2.9839260540355075
459,[ 203 3306],[ 215 3321],[ 198 3287],-0.3,-0.3,-0.3,16.69924423399362
168,[ 414 3276],[ 442 3248],[ 411 3281],0.3,0.3,0.3,-16.69924423399362
523,[ 228 2935],[ 215 2948],[ 233 2912],0.3,0.3,0.3,-16.69924423399362
2340,[ 837 3718],[ 841 3714],[ 813 3741],1.176470588235294,1.176470588235294,1.17647,-49.63544929005889
