Unnamed: 0,pixel,closest contour point,closest skeleton point,slope at nc,slope at ns,average slope,average angle
338,[ 336 3679],[ 330 3656],[ 336 3692],-0.3,0.0,-0.106065509412214,6.0544697102107685
1868,[827  98],[801  72],[829  99],-1.5,-1.3461538461538465,-1.3549697304145802,53.57178911403889
330,[ 853 2999],[ 871 2981],[ 841 3006],1.7857142857142858,1.7857142857142858,1.78571,-60.75111504159832
517,[ 312 1332],[ 312 1328],[ 312 1365],0.0,-0.3,-0.0324324324324324,1.8575903703202568
625,[474 227],[474 228],[482 190],0.0,0.3,0.0077210167167937,-0.4423728810083809
835,[851 821],[822 795],[853 823],-2.5,-2.5,-2.5,68.19859051364821
2389,[812 698],[809 700],[842 682],1.7857142857142858,2.5,1.854194814959527,-61.66123136730133
760,[ 113 2581],[ 129 2597],[ 101 2570],-1.0,-1.0,-1.0,44.99999999999999
602,[ 229 1375],[ 211 1395],[ 233 1360],0.3,0.3,0.2999999999999999,-16.69924423399362
987,[ 213 3664],[ 227 3648],[ 207 3681],0.3,0.3,0.3,-16.69924423399362
1831,[ 278 2136],[ 278 2104],[ 278 2140],0.1999999999999999,0.2,0.2,-11.309932474020211
2497,[503 961],[523 934],[500 968],0.3,0.3,0.3,-16.69924423399362
1856,[ 544 2103],[ 522 2075],[ 544 2111],-0.3,0.0,-0.0550345268362718,3.1500683716918054
159,[ 803 1715],[ 813 1726],[ 788 1697],-0.7000000000000001,-0.7000000000000001,-0.7,34.99202019855866
1883,[  95 3645],[  83 3657],[ 110 3629],1.0,1.0,1.0,-44.99999999999999
386,[ 493 2898],[ 523 2928],[ 493 2894],-0.3,0.0,-0.0258473588819682,1.4806149082076092
1713,[ 279 1355],[ 279 1328],[ 279 1364],0.0,0.3,0.225,-12.68038349181982
78,[ 398 3293],[ 377 3315],[ 398 3280],0.3,0.1999999999999999,0.2299443868345746,-12.949738168640662
1809,[859   2],[824   2],[857  32],inf,inf,100.0,-89.42706130231674
1806,[  31 1075],[  23 1069],[  59 1082],-2.5,-1.5624999999999991,-2.2587601545959632,66.12003358062118
1615,[ 365 2534],[ 362 2537],[ 366 2500],0.3,0.3,0.2999999999999999,-16.69924423399362
1187,[253 606],[235 624],[256 587],0.3,0.3,0.3,-16.69924423399362
1671,[ 619 1343],[ 619 1370],[ 619 1333],0.0,0.3,0.2189189189189189,-12.34832331911233
2061,[ 385 2937],[ 393 2950],[ 378 2913],-0.3,-0.3,-0.2999999999999999,16.69924423399362
