Unnamed: 0,pixel,closest contour point,closest skeleton point,slope at nc,slope at ns,average slope,average angle
1517,[ 652 2518],[ 630 2492],[ 653 2526],-0.3,-0.3,-0.3,16.69924423399362
418,[ 199 2151],[ 186 2164],[ 204 2129],0.3,0.3,0.3,-16.69924423399362
1606,[ 48 337],[ 17 309],[ 50 339],-2.5,-2.5,-2.4999999999999996,68.19859051364818
1805,[  58 3598],[  44 3610],[  76 3589],1.3461538461538467,1.3461538461538465,1.34615,-53.39284682374126
1857,[141 181],[130 171],[154 201],-0.7000000000000002,-0.7000000000000001,-0.7000000000000001,34.99202019855867
1418,[490 188],[516 157],[488 190],0.3,0.3,0.3,-16.69924423399362
