Unnamed: 0,pixel,closest contour point,closest skeleton point,slope at nc,slope at ns,average slope,average angle
1573,[ 657 2895],[ 630 2922],[ 658 2888],0.3,0.3,0.3,-16.69924423399362
1107,[ 411 3656],[ 403 3647],[ 413 3683],-0.3,-0.3,-0.3,16.69924423399362
1708,[500 158],[500 154],[494 191],0.0,0.3,0.0319650348016196,-1.8308381947492651
831,[ 665 2883],[ 693 2854],[ 664 2888],0.3,0.3,0.3,-16.69924423399362
1725,[173 989],[ 187 1004],[164 973],-0.5,-0.3,-0.3944419862306526,21.52635795076807
1130,[ 815 1384],[ 827 1372],[ 799 1399],1.0,1.0,1.0,-44.99999999999999
