Unnamed: 0,pixel,closest contour point,closest skeleton point,slope at nc,slope at ns,average slope,average angle
117,[ 157 1000],[ 170 1013],[146 983],-0.6,-0.7000000000000001,-0.647587982840535,32.92660867764798
608,[701 957],[677 933],[701 965],-0.3,-0.2,-0.2190743569830546,12.356821686466738
829,[ 379 2478],[ 393 2464],[ 376 2500],0.3,0.3,0.3,-16.69924423399362
2057,[ 409 3707],[ 419 3722],[ 407 3685],-0.3,-0.3,-0.3,16.69924423399362
613,[ 268 1733],[ 277 1758],[ 268 1722],-0.3,0.0,-0.0878344951912314,5.01966358877391
1770,[  32 1167],[   9 1189],[  47 1167],2.5,inf,7.80461015427985,-82.6985093683119
1114,[ 602 3297],[ 602 3268],[ 602 3306],0.0,0.0,0.0,0.0
372,[ 493 2537],[ 477 2556],[ 495 2520],0.3,0.3,0.3,-16.69924423399362
349,[ 832 2456],[ 846 2470],[ 818 2443],-1.176470588235294,-1.176470588235294,-1.17647,49.63544929005889
1132,[ 371 3725],[ 371 3729],[ 364 3691],0.0,-0.3,-0.0309972513864621,1.7754431937854285
518,[ 832 3084],[ 824 3084],[ 860 3083],inf,2.5,11.255578578826183,-84.9228965738623
665,[441 171],[464 148],[440 182],0.3,0.3,0.3,-16.69924423399362
1758,[ 86 983],[ 83 981],[ 111 1008],-1.0,-1.0,-1.0,44.99999999999999
2129,[ 314 1681],[ 314 1681],,0.3,,0.3,-16.69924423399362
1365,[ 197 3703],[ 186 3716],[ 204 3681],0.3,0.3,0.3,-16.69924423399362
443,[  24 1927],[   7 1916],[  46 1928],-2.5,-2.5,-2.5,68.19859051364821
1466,[ 281 1746],[ 281 1758],[ 281 1721],0.0,0.0,0.0,0.0
943,[ 431 1752],[ 415 1769],[ 436 1734],0.3,0.3,0.3,-16.69924423399362
2430,[ 262 3310],[ 262 3312],[ 261 3275],0.0,-0.3,-0.0162099588216153,0.9286808913385912
560,[783 898],[770 885],[797 913],-1.0,-1.0,-1.0,44.99999999999999
