Unnamed: 0,pixel,closest contour point,closest skeleton point,slope at nc,slope at ns,average slope,average angle
1562,[  86 3536],[  91 3533],[  57 3547],2.4999999999999996,2.5,2.5,-68.19859051364821
453,[ 396 2927],[ 412 2947],[ 395 2911],-0.3,-0.3,-0.3,16.69924423399362
998,[693 186],[667 159],[695 190],-0.3,-0.3,-0.3,16.69924423399362
1438,[ 168 2896],[ 143 2922],[ 169 2892],0.7000000000000001,0.3,0.3410335992739217,-18.831100818318156
1212,[ 826 2205],,[ 826 2205],,1.3461538461538465,1.3461538461538465,-53.392925187392514
845,[148 950],[141 941],[160 974],-0.5,-0.5,-0.5,26.56505117707799
1612,[ 733 3310],[ 743 3320],[ 721 3287],-0.5,-0.5,-0.5,26.56505117707799
1105,[ 286 1692],[ 286 1681],[ 289 1720],0.0,-0.3,-0.0842691127175142,4.816883994421394
974,[  78 1960],[  85 1957],[  50 1964],2.4999999999999996,2.5,2.5,-68.19859051364821
557,[ 811 2235],[ 803 2241],[ 833 2217],1.7857142857142858,1.3461538461538465,1.6713167400399642,-59.10662452223187
2206,[ 196 1365],[ 177 1385],[ 201 1352],0.5,0.3,0.3671011290760392,-20.15824312416056
660,[ 152 1334],[ 126 1361],[ 153 1332],0.5,0.5000000000000001,0.5,-26.56505117707799
1733,[ 130 1319],[ 104 1346],[ 131 1318],0.7000000000000001,0.7000000000000001,0.7,-34.99202019855866
1417,[  81 2557],[  70 2546],[  97 2574],-1.0,-1.0,-1.0,44.99999999999999
564,[ 347 2928],[ 369 2953],[ 347 2916],-0.3,-0.2,-0.2264891004485306,12.761565563461172
