Unnamed: 0,pixel,closest contour point,closest skeleton point,slope at nc,slope at ns,average slope,average angle
905,[402 991],[402 991],,0.2,,0.2,-11.309932474020211
2081,[ 663 2917],[ 657 2925],[ 670 2890],0.3,0.3,0.3,-16.69924423399362
470,[ 194 3304],[ 210 3323],[ 188 3291],-0.3,-0.3,-0.3,16.69924423399362
1374,[ 868 3755],[ 870 3755],[ 836 3772],1.7857142857142858,1.3461538461538465,1.7627176594809255,-60.43350533770796
1148,[ 145 1369],[ 143 1370],[ 163 1337],0.7000000000000001,0.7000000000000001,0.7,-34.99202019855866
595,[255 919],[250 908],[262 946],-0.3,-0.3,-0.3,16.69924423399362
2409,[628 583],[628 594],[635 558],0.0,0.3,0.0892820667376696,-5.101957916054458
236,[ 498 3283],[ 516 3261],[ 494 3295],0.3,0.3,0.3,-16.69924423399362
2473,[ 799 3704],[ 813 3688],[ 787 3716],0.7000000000000001,0.8,0.7556102969018598,-37.07506990335057
