Unnamed: 0,pixel,closest contour point,closest skeleton point,slope at nc,slope at ns,average slope,average angle
962,[  55 3613],[  49 3618],[  80 3595],1.5,1.3461538461538465,1.4688832605616966,-55.75338518976028
290,[ 803 3700],[ 813 3688],[ 791 3719],0.7000000000000001,0.7000000000000001,0.7,-34.99202019855866
