Unnamed: 0,pixel,closest contour point,closest skeleton point,slope at nc,slope at ns,average slope,average angle
486,[771 618],[755 636],[779 606],0.7000000000000001,0.7000000000000001,0.7,-34.99202019855866
217,[ 382 2936],[ 393 2950],[ 378 2913],-0.3,-0.3,-0.2999999999999999,16.69924423399362
1461,[884 700],[890 696],[852 704],2.5,2.5,2.5000000000000004,-68.19859051364821
