Unnamed: 0,pixel,closest contour point,closest skeleton point,slope at nc,slope at ns,average slope,average angle
26,[ 261 2178],[ 261 2180],[ 267 2140],0.0,0.3,0.0148255154972937,-0.8493772408666135
1708,[500 158],[500 154],[494 191],0.0,0.3,0.0319650348016196,-1.8308381947492651
1915,[594 170],[594 164],[594 201],0.0,0.2,0.0324324324324324,-1.8575903703202568
1686,[ 585 3673],[ 585 3698],[ 585 3661],0.0,-0.3,-0.2027027027027027,11.4587523458772
2376,[825 703],[814 712],[848 696],1.7857142857142858,2.5,2.0510910966807314,-64.0086653746828
109,[ 674 2491],[ 673 2486],[ 679 2522],-0.3,-0.3,-0.3,16.69924423399362
1142,[ 261 2487],[ 242 2461],[ 262 2498],-0.3,-0.3,-0.3,16.69924423399362
1492,[ 545 1780],[ 538 1789],[ 545 1751],0.3,0.2,0.2717790614235231,-15.204539240182864
1826,[  85 3425],[  92 3431],[  58 3416],-1.7857142857142856,-2.5,-1.9604823149015271,62.97484636884878
1373,[ 575 2516],[ 577 2492],[ 575 2528],0.3,0.3,0.3,-16.69924423399362
