Unnamed: 0,pixel,closest contour point,closest skeleton point,slope at nc,slope at ns,average slope,average angle
1702,[ 420 2538],[ 415 2545],[ 424 2508],0.3,0.3,0.3,-16.69924423399362
1212,[ 826 2205],,[ 826 2205],,1.3461538461538465,1.3461538461538465,-53.392925187392514
2381,[366 145],[369 133],[365 171],0.3,0.3,0.3,-16.69924423399362
339,[ 46 314],[ 23 293],[ 56 316],-2.5,-2.5,-2.5000000000000004,68.19859051364821
22,[ 296 2479],[ 292 2457],[ 296 2496],-0.3,0.0,-0.1295709329501861,7.382735633109937
1977,[ 496 3666],[ 466 3636],[ 496 3669],-0.3,-0.3,-0.3,16.69924423399362
444,[ 520 3281],[ 537 3264],[ 518 3299],0.3,0.3,0.3,-16.69924423399362
601,[ 870 2355],[ 894 2375],[ 858 2355],-2.5,-2.499999999999999,-2.5,68.19859051364821
