Unnamed: 0,pixel,closest contour point,closest skeleton point,slope at nc,slope at ns,average slope,average angle
516,[107 497],[119 485],[ 96 507],0.8,0.8,0.8000000000000002,-38.6598082540901
1455,[233 557],[249 538],[233 566],0.3,0.0,0.0797884490321283,-4.561877160866993
732,[527 614],[538 602],[519 627],0.6,0.7000000000000001,0.6516080873541775,-33.08859087867859
2170,[ 33 288],[ 31 286],[ 59 301],-1.5,-1.7857142857142856,-1.5253347348954056,56.75139954541944
1528,[ 50 466],[ 34 481],[ 59 461],1.7857142857142856,1.7857142857142856,1.78571,-60.75111504159832
1076,[143 258],[143 259],[129 231],-0.6,-0.5,-0.5968166869424792,30.82945757736173
268,[230 572],[208 594],[230 566],0.3,0.2,0.2161669732009923,-12.1977732918746
2274,[532 107],[519  94],[541 117],-1.0,-1.0,-1.0,44.99999999999999
1217,[480 158],[501 181],[480 156],-0.5,-0.5,-0.5,26.56505117707799
