Unnamed: 0,pixel,closest contour point,closest skeleton point,slope at nc,slope at ns,average slope,average angle
2250,[583  92],[595 102],[570  83],-1.3461538461538465,-1.3461538461538465,-1.34615,53.39284682374126
86,[105 239],[ 87 221],[108 244],-0.8,-0.7000000000000001,-0.7186371013879862,35.70242596909374
1140,[590  29],[566   7],[592  30],-2.5,-2.5,-2.5,68.19859051364821
1428,[352 211],[352 215],[351 184],-0.2,-0.3,-0.2128955250264496,12.018580364084457
714,[320 206],[324 217],[320 186],-0.3,0.0,-0.1892463898695142,10.716287095873003
1219,[416 197],[421 206],[411 176],-0.3,-0.3,-0.3,16.69924423399362
