Unnamed: 0,pixel,closest contour point,closest skeleton point,slope at nc,slope at ns,average slope,average angle
499,[194 550],[212 531],[193 557],0.3,0.3,0.3,-16.69924423399362
2023,[193 545],[208 530],[189 556],0.3,0.3,0.2999999999999999,-16.69924423399362
637,[364 600],[358 610],[364 580],0.3,0.3,0.3,-16.69924423399362
2369,[274 210],[275 221],[274 190],-0.3,0.0,-0.1932655895571094,10.938443781274398
758,[553 103],[531  82],[554 104],-1.0,-1.0,-1.0,44.99999999999999
