Unnamed: 0,pixel,closest contour point,closest skeleton point,slope at nc,slope at ns,average slope,average angle
73,[500 639],[493 648],[508 621],0.7000000000000001,0.7000000000000001,0.7,-34.99202019855866
1852,[606 700],[613 693],[586 709],2.5,1.7857142857142858,2.277856045231192,-66.29807868845721
1893,[446 165],[426 141],[446 167],-0.3,-0.2,-0.2060166663999232,11.64101646449232
91,[613 720],[621 714],[591 723],2.5,2.5,2.5,-68.19859051364821
1863,[306 564],[324 545],[306 574],0.3,0.2,0.2276453071053074,-12.824563192306446
1748,[597  44],[616  62],[590  41],-2.5,-1.7857142857142858,-1.9467087525860232,62.81099984312933
299,[106 230],[ 94 216],[112 241],-0.7000000000000002,-0.7000000000000001,-0.7000000000000001,34.99202019855867
1204,[ 38 449],[ 24 461],[ 51 444],2.5,2.5,2.5,-68.19859051364821
2481,[607 679],[607 679],,1.7857142857142858,,1.7857142857142858,-60.75117366345304
1941,[416 167],[397 147],[417 174],-0.3,-0.3,-0.3,16.69924423399362
2232,[155 544],[177 520],[154 544],0.5,0.5,0.5,-26.56505117707799
1053,[ 70 325],[ 78 333],[ 51 320],-2.4999999999999996,-2.5,-2.5000000000000004,68.19859051364821
328,[129 219],[114 203],[133 228],-0.7000000000000002,-0.7000000000000001,-0.7000000000000001,34.99202019855867
1409,[ 61 256],[ 55 251],[ 78 273],-1.1764705882352942,-1.1764705882352942,-1.17647,49.63544929005889
2139,[335 602],[334 608],[342 578],0.3,0.3,0.2999999999999999,-16.69924423399362
2369,[274 210],[275 221],[274 190],-0.3,0.0,-0.1932655895571094,10.938443781274398
800,[440 159],[426 141],[442 168],-0.3,-0.3,-0.3,16.69924423399362
521,[398 612],[397 615],[403 585],0.3,0.3,0.3,-16.69924423399362
1613,[125 241],[143 259],[122 235],-0.6,-0.5,-0.5208562178522542,27.513034015120635
1174,[527 667],[522 671],[545 649],1.0,1.0,1.0,-44.99999999999999
