Unnamed: 0,pixel,closest contour point,closest skeleton point,slope at nc,slope at ns,average slope,average angle
2062,[299 543],[299 543],,0.0,,0.0,0.0
1376,[179 523],[179 521],[171 550],0.3,0.3,0.3,-16.69924423399362
1113,[571 724],[561 732],[588 717],2.5,2.5,2.5000000000000004,-68.19859051364821
2480,[399 184],[421 206],[397 178],-0.3,-0.3,-0.3,16.69924423399362
2108,[566 678],[545 698],[568 676],1.3461538461538465,1.3461538461538465,1.34615,-53.39284682374126
2090,[436 173],[458 197],[435 171],-0.3,-0.3,-0.3,16.69924423399362
690,[499 155],[516 173],[496 148],-0.7000000000000001,-0.5,-0.5470478138672936,28.68076791678601
186,[150 225],[170 245],[147 221],-0.5,-0.5,-0.5,26.56505117707799
411,[276 214],[276 221],[276 190],-0.2,0.0,-0.1548387096774193,8.80170832320781
1754,[ 61 321],[ 77 336],[ 52 317],-2.4999999999999996,-2.5,-2.4999999999999996,68.19859051364818
2219,[594 666],[597 663],[570 678],1.3461538461538465,1.3461538461538465,1.3461499999999995,-53.39284682374126
2269,[445 164],[426 141],[445 167],-0.3,-0.3,-0.3,16.69924423399362
1362,[452 172],[471 193],[452 166],-0.3,-0.3,-0.3,16.69924423399362
1854,[ 70 365],[ 70 365],,-2.5000000000000004,,-2.5000000000000004,68.19859051364821
1533,[335 553],[338 546],[331 576],0.3,0.3,0.3,-16.69924423399362
