Unnamed: 0,pixel,closest contour point,closest skeleton point,slope at nc,slope at ns,average slope,average angle
1974,[600  18],[623  40],[593  26],-2.5,inf,-9.985236206155882,84.28101932398826
2417,[236 557],[249 538],[236 566],0.3,0.3,0.3,-16.69924423399362
1975,[ 73 319],[ 81 327],[ 56 308],-1.7857142857142856,-1.3461538461538467,-1.6281462311163828,58.44194336342045
1025,[533 150],[541 158],[522 132],-0.8,-0.7000000000000002,-0.7650905544975329,37.419261443442885
2012,[134 510],[141 502],[124 528],0.7000000000000001,0.7000000000000001,0.7,-34.99202019855866
