Unnamed: 0,pixel,closest contour point,closest skeleton point,slope at nc,slope at ns,average slope,average angle
2402,[414 206],[414 208],[411 176],-0.2,-0.3,-0.2062209120140028,11.65224196139668
632,[121 228],[104 209],[123 234],-0.7000000000000002,-0.5,-0.5397525098249085,28.3580664158146
1131,[492 174],[498 182],[482 155],-0.3,-0.5,-0.3635507509893844,19.978774034572332
1032,[ 61 351],[ 71 358],[ 44 345],-2.4999999999999996,-2.5,-2.5,68.19859051364821
