Unnamed: 0,pixel,closest contour point,closest skeleton point,slope at nc,slope at ns,average slope,average angle
298,[ 54 406],[ 70 398],[ 42 407],2.4999999999999996,2.5,2.5000000000000004,-68.19859051364821
2162,[ 84 286],[ 97 300],[ 73 280],-1.1764705882352942,-1.3461538461538465,-1.278943155598295,51.97830523824731
1632,[110 213],[105 208],[121 235],-0.6,-0.7000000000000001,-0.6223288777133802,31.895196928131504
1527,[588 656],[591 654],[565 671],1.3461538461538465,1.3461538461538465,1.34615,-53.39284682374126
