Unnamed: 0,pixel,closest contour point,closest skeleton point,slope at nc,slope at ns,average slope,average angle
1665,[305 193],[324 217],[305 187],-0.3,0.0,-0.0491662822575474,2.814753871175889
1173,[481 599],[498 580],[478 605],0.3,0.3,0.3,-16.69924423399362
2207,[315 155],[315 155],,0.0,,0.0,0.0
352,[120 503],[128 493],[110 518],0.7000000000000001,0.7000000000000001,0.7,-34.99202019855866
956,[383 586],[368 611],[383 582],0.3,0.0,0.0361938985240669,-2.072852800991945
1871,[396 166],[384 149],[398 177],-0.3,-0.3,-0.3,16.69924423399362
