Unnamed: 0,pixel,closest contour point,closest skeleton point,slope at nc,slope at ns,average slope,average angle
1682,[251 598],[251 601],[256 570],0.2,0.3,0.2095410969899959,-11.834594147236327
1533,[335 553],[338 546],[331 576],0.3,0.3,0.3,-16.69924423399362
146,[545 118],[565 138],[542 116],-1.0,-1.0,-1.0,44.99999999999999
