Unnamed: 0,pixel,closest contour point,closest skeleton point,slope at nc,slope at ns,average slope,average angle
2147,[ 78 257],[ 63 243],[ 87 263],-1.1764705882352942,-1.3461538461538465,-1.2875773677367894,52.16521535596945
1980,[ 77 301],[ 88 313],[ 63 295],-1.3461538461538465,-1.7857142857142856,-1.5732345790168356,57.55860894046182
