Unnamed: 0,pixel,closest contour point,closest skeleton point,slope at nc,slope at ns,average slope,average angle
1968,[ 46 359],[ 69 375],[ 41 359],-2.4999999999999996,inf,-16.5089257261219,86.53364130265537
2268,[362 181],[347 153],[362 182],-0.3,-0.2,-0.2030520595583866,11.477977717558264
1513,[ 43 382],[ 69 382],[ 39 382],inf,inf,100.0,-89.42706130231674
