Unnamed: 0,pixel,closest contour point,closest skeleton point,slope at nc,slope at ns,average slope,average angle
2254,[598 749],[624 726],[593 736],2.5,inf,8.730640118692445,-83.46586571155649
239,[502 627],[486 644],[508 621],0.5,0.7000000000000001,0.6466846138559703,-32.89012731054251
1723,[ 84 488],[103 469],[ 80 491],1.1764705882352942,1.0,1.027685861403785,-45.78226340438934
731,[511 150],[527 167],[506 143],-0.6,-0.7000000000000002,-0.6730736081909848,33.94345630742454
2139,[335 602],[334 608],[342 578],0.3,0.3,0.2999999999999999,-16.69924423399362
759,[ 43 423],[ 18 446],[ 44 423],2.5,2.5,2.4999999999999996,-68.19859051364818
544,[502 623],[484 643],[505 619],0.5,0.5,0.5,-26.56505117707799
2178,[243 555],[257 539],[241 567],0.3,0.3,0.3,-16.69924423399362
1412,[564  77],[547  61],[570  82],-1.3461538461538465,-1.3461538461538465,-1.34615,53.39284682374126
192,[113 542],[104 553],[123 528],0.7000000000000001,0.7000000000000001,0.7,-34.99202019855866
416,[ 82 450],[ 87 447],[ 62 465],1.7857142857142856,1.3461538461538467,1.7025775289806175,-59.572376763161365
1903,[205 561],,[205 561],,0.3,0.3,-16.69924423399362
1009,[444 581],[458 565],[444 593],0.3,0.3,0.3,-16.69924423399362
174,[169 540],[185 523],[165 548],0.3,0.3,0.3,-16.69924423399362
755,[308 591],[294 605],[308 575],0.3,0.3,0.3,-16.69924423399362
2311,[574 662],[588 650],[565 671],1.3461538461538465,1.3461538461538465,1.3461500000000002,-53.392846823741266
2035,[302 190],[324 217],[300 188],-0.3,-0.3,-0.3,16.69924423399362
1962,[ 90 311],[ 90 311],,-1.3461538461538465,,-1.3461538461538465,53.392925187392514
1082,[582  76],[601  93],[576  74],-1.7857142857142858,-1.3461538461538465,-1.433518066093184,55.10096933169356
749,[232 554],[243 537],[228 565],0.3,0.3,0.3,-16.69924423399362
617,[ 31 295],[ 28 292],[ 54 310],-1.7857142857142858,-1.3461538461538467,-1.7268836571101538,59.92582008977528
2077,[519 599],[523 593],[506 619],0.7000000000000001,0.7000000000000001,0.7000000000000001,-34.99202019855867
875,[519 170],[520 171],[506 143],-0.5,-0.7000000000000002,-0.5090132232591148,26.976695693143725
1401,[546 643],[565 624],[542 646],1.0,1.0,1.0,-44.99999999999999
