Unnamed: 0,pixel,closest contour point,closest skeleton point,slope at nc,slope at ns,average slope,average angle
2401,[150 572],[148 576],[158 546],0.5,0.3,0.4717624303872321,-25.256177721098176
1371,[425 586],[448 562],[423 588],0.3,0.3,0.3,-16.69924423399362
181,[ 30 303],[ 25 298],[ 53 312],-1.7857142857142858,-2.5,-1.9446937242610731,62.786875608379795
1445,[596 673],[601 669],[577 689],1.7857142857142858,1.3461538461538465,1.6956228598467755,-59.46986068292863
523,[367 180],[347 153],[368 181],-0.3,-0.3,-0.3,16.69924423399362
1522,[585 688],[602 671],[578 691],1.7857142857142858,1.7857142857142858,1.7857099999999997,-60.751115041598304
2432,[370 212],[370 214],[367 182],-0.2,-0.3,-0.2062209120140028,11.65224196139668
2372,[620 750],[627 743],[593 736],2.5,inf,3.313733471206735,-73.20752904659255
