Unnamed: 0,pixel,closest contour point,closest skeleton point,slope at nc,slope at ns,average slope,average angle
485,[114 213],[107 207],[126 232],-0.7000000000000002,-0.7000000000000001,-0.6999999999999998,34.992020198558656
128,[419 567],[426 557],[418 587],0.3,0.3,0.3,-16.69924423399362
2248,[514 172],[515 174],[500 146],-0.6,-0.5,-0.5929607501641433,30.66627704537256
885,[453 165],,[453 165],,-0.3,-0.3,16.69924423399362
949,[616   9],[627  19],[593  26],-2.5,inf,-3.799449761303448,75.25439502460785
1338,[306 169],[294 157],[306 187],-0.3,0.0,-0.1544155877284289,8.77803132805221
1072,[182 537],[191 525],[176 552],0.3,0.3,0.2999999999999999,-16.69924423399362
575,[ 88 461],[ 93 456],[ 67 473],1.5,1.3461538461538465,1.4651964516397658,-55.68637220692944
1793,[ 56 462],[ 35 483],[ 59 461],1.7857142857142856,1.7857142857142856,1.78571,-60.75111504159832
1364,[180 182],[177 176],[188 205],-0.3,-0.3,-0.3,16.69924423399362
