Unnamed: 0,pixel,closest contour point,closest skeleton point,slope at nc,slope at ns,average slope,average angle
195,[276 179],[261 160],[276 190],-0.3,0.0,-0.093730197169048,5.354700307500617
2009,[ 82 482],[100 466],[ 77 487],1.3461538461538465,1.3461538461538465,1.34615,-53.39284682374126
