Unnamed: 0,pixel,closest contour point,closest skeleton point,slope at nc,slope at ns,average slope,average angle
821,[377 612],[376 612],[381 582],0.3,0.3,0.3,-16.69924423399362
1150,[291 184],[270 159],[292 188],-0.3,-0.3,-0.2999999999999999,16.69924423399362
1602,[424 566],[431 558],[418 587],0.3,0.3,0.3,-16.69924423399362
2406,[476 601],[496 579],[475 604],0.5,0.3,0.3192268361987059,-17.70447844679933
617,[ 31 295],[ 28 292],[ 54 310],-1.7857142857142858,-1.3461538461538467,-1.7268836571101538,59.92582008977528
271,[602 697],[611 688],[583 702],1.7857142857142858,2.5,2.066527985312651,-64.17750050905013
735,[501 608],[518 590],[497 614],0.5,0.7000000000000001,0.6548882312827898,-33.220317281399446
205,[217 190],[199 170],[217 198],-0.3,-0.2,-0.2229178764777544,12.566784488806611
2286,[456 157],[437 138],[459 163],-0.3,-0.3,-0.3,16.69924423399362
