Unnamed: 0,pixel,closest contour point,closest skeleton point,slope at nc,slope at ns,average slope,average angle
1965,[ 98 533],[ 90 543],[109 518],0.7000000000000001,0.7000000000000001,0.7,-34.99202019855866
1780,[112 556],[112 558],[126 530],0.5,0.7000000000000001,0.5126864728665746,-27.14360059439465
229,[406 602],[397 615],[407 586],0.3,0.3,0.3,-16.69924423399362
804,[547  61],[547  61],,-1.3461538461538465,,-1.3461538461538465,53.392925187392514
809,[ 33 473],[ 30 474],[ 59 461],1.7857142857142858,1.7857142857142856,1.78571,-60.75111504159832
1881,[451 143],[444 136],[459 163],-0.3,-0.3,-0.3,16.69924423399362
1043,[542 629],[555 615],[533 638],1.0,1.0,1.0,-44.99999999999999
2278,[574  33],[563  23],[591  33],-2.5,-2.5,-2.5,68.19859051364821
