Unnamed: 0,pixel,closest contour point,closest skeleton point,slope at nc,slope at ns,average slope,average angle
339,[ 256 2119],[ 268 2106],[ 251 2131],0.5,0.3,0.3847131641227829,-21.04239126590573
2365,[ 300 1388],[ 290 1401],[ 305 1376],0.3,0.5,0.4115682938617251,-22.370512242924637
1757,[373 892],[353 873],[374 894],-1.0,-1.0,-1.0,44.99999999999999
171,[ 132 1785],[ 150 1804],[ 131 1781],-0.5,-0.5,-0.5,26.56505117707799
1074,[405 115],[412 123],[391 102],-1.0,-1.0,-1.0,44.99999999999999
1703,[ 144 2059],[ 145 2057],[ 133 2083],0.5,0.7000000000000001,0.5156167308013242,-27.276389101314145
