Unnamed: 0,pixel,closest contour point,closest skeleton point,slope at nc,slope at ns,average slope,average angle
2107,[ 203 1344],[ 186 1364],[ 205 1340],0.3,0.3,0.2999999999999999,-16.69924423399362
2355,[ 88 231],[ 84 226],[103 248],-0.7000000000000002,-0.7000000000000001,-0.7000000000000001,34.99202019855867
1148,[ 108 1265],[ 114 1258],[  93 1279],1.0,1.0,1.0,-44.99999999999999
1494,[111 483],[113 481],[ 92 502],0.8,0.8,0.8,-38.659808254090095
1751,[  68 1061],,[  68 1061],,-1.3461538461538465,-1.3461538461538465,53.392925187392514
747,[100 541],[ 97 544],[114 520],0.7000000000000001,0.7000000000000001,0.7,-34.99202019855866
436,[463   7],[464   7],[430  25],inf,inf,100.0,-89.42706130231674
1523,[ 464 2302],[ 464 2302],,2.5,,2.5,-68.19859051364821
