Unnamed: 0,pixel,closest contour point,closest skeleton point,slope at nc,slope at ns,average slope,average angle
1546,[105 276],[110 281],[ 90 260],-0.7000000000000001,-0.7000000000000001,-0.7000000000000001,34.99202019855867
