Unnamed: 0,pixel,closest contour point,closest skeleton point,slope at nc,slope at ns,average slope,average angle
526,[ 208 1735],[ 194 1721],[ 211 1746],-0.3,-0.3,-0.3,16.69924423399362
2446,[ 53 498],[ 50 501],[ 74 484],1.0,1.3461538461538465,1.0498139542766285,-46.392110575348454
887,[ 103 1063],[ 103 1064],[  81 1045],-1.1764705882352942,-1.3461538461538465,-1.1822364582752778,49.77363901676132
1194,[231 195],[247 213],[230 188],-0.3,-0.3,-0.2999999999999999,16.69924423399362
2085,[ 337 2162],[ 355 2144],[ 335 2166],0.6,0.5,0.5149429929563791,-27.24588579982517
