Unnamed: 0,pixel,closest contour point,closest skeleton point,slope at nc,slope at ns,average slope,average angle
1911,[ 335 1382],[ 351 1366],[ 331 1388],0.5,0.5,0.5,-26.56505117707799
2455,[  62 1288],[  60 1288],[  81 1268],1.3461538461538467,1.3461538461538465,1.34615,-53.39284682374126
1068,[ 200 1361],[ 194 1367],[ 208 1341],0.3,0.3,0.3,-16.69924423399362
2204,[ 305 1736],[ 310 1742],[ 298 1715],-0.5,-0.3,-0.4478381135229843,24.124654150069944
