Unnamed: 0,pixel,closest contour point,closest skeleton point,slope at nc,slope at ns,average slope,average angle
554,[ 166 2125],[ 163 2131],[ 172 2103],0.3,0.3,0.3,-16.69924423399362
1042,[  79 2014],[  88 2005],[  66 2024],1.5,1.3461538461538465,1.4327755400122864,-55.087038464362315
113,[ 403 1445],[ 422 1425],[ 401 1446],1.0,1.0,1.0,-44.99999999999999
2082,[ 429 1498],[ 452 1478],[ 428 1499],2.5,2.5,2.5,-68.19859051364821
2085,[ 337 2162],[ 355 2144],[ 335 2166],0.6,0.5,0.5149429929563791,-27.24588579982517
1045,[413 834],[395 819],[419 836],-2.5,-1.7857142857142858,-1.9375339090052657,62.70083646648653
1713,[  66 1994],[  76 1984],[  51 1998],1.7857142857142856,2.5,2.126216990782326,-64.81151241231089
1400,[301 179],[310 190],[296 164],-0.3,-0.3,-0.3,16.69924423399362
