Unnamed: 0,pixel,closest contour point,closest skeleton point,slope at nc,slope at ns,average slope,average angle
230,[354 614],[367 600],[349 623],0.7000000000000001,0.7000000000000001,0.7,-34.99202019855866
638,[ 402 2208],[ 416 2194],[ 393 2212],1.0,1.3461538461538465,1.231160805321824,-50.91506084242766
767,[420 105],[424 108],[403  88],-1.3461538461538465,-1.3461538461538465,-1.3461500000000002,53.392846823741266
2209,[  78 2031],[  95 2015],[  74 2035],1.3461538461538465,1.3461538461538465,1.34615,-53.39284682374126
1955,[254 975],[261 984],[248 958],-0.3,-0.3,-0.3,16.69924423399362
