Unnamed: 0,pixel,closest contour point,closest skeleton point,slope at nc,slope at ns,average slope,average angle
28,[250 567],[264 553],[245 577],0.3,0.3,0.3,-16.69924423399362
2250,[123 244],[137 260],[119 237],-0.7000000000000001,-0.7000000000000002,-0.7,34.99202019855866
1460,[406 841],[391 827],[414 845],-1.785714285714286,-1.7857142857142858,-1.78571,60.75111504159832
