Unnamed: 0,pixel,closest contour point,closest skeleton point,slope at nc,slope at ns,average slope,average angle
826,[ 52 470],[ 37 483],[ 61 466],1.3461538461538467,1.3461538461538467,1.34615,-53.39284682374126
1328,[ 377 1684],[ 389 1696],[ 370 1674],-0.8,-0.7000000000000001,-0.7418360561291977,36.5693565653381
