Unnamed: 0,pixel,closest contour point,closest skeleton point,slope at nc,slope at ns,average slope,average angle
139,[  86 1825],[ 102 1841],[  81 1820],-1.0,-1.0,-1.0,44.99999999999999
1179,[ 36 299],[ 28 292],[ 53 308],-1.7857142857142858,-1.7857142857142856,-1.78571,60.75111504159832
984,[ 212 1331],[ 226 1316],[ 210 1341],0.3,0.3,0.2999999999999999,-16.69924423399362
2440,[259 589],[242 607],[261 583],0.3,0.3,0.3,-16.69924423399362
