Unnamed: 0,pixel,closest contour point,closest skeleton point,slope at nc,slope at ns,average slope,average angle
1222,[ 101 1278],[ 117 1261],[  99 1284],1.0,0.7000000000000001,0.7639494439221786,-37.37799845797765
60,[  24 1178],[   9 1188],[  38 1175],2.5,2.5,2.5,-68.19859051364821
1628,[  81 2062],[  69 2073],[  89 2052],0.7000000000000001,0.7000000000000001,0.6999999999999998,-34.992020198558656
559,[337 624],[322 641],[342 619],0.7000000000000001,0.7000000000000001,0.7,-34.99202019855866
1475,[280 151],[273 142],[287 167],-0.3,-0.3,-0.3,16.69924423399362
2161,[398 673],[379 690],[402 672],1.3461538461538465,1.3461538461538465,1.34615,-53.39284682374126
