Unnamed: 0,pixel,closest contour point,closest skeleton point,slope at nc,slope at ns,average slope,average angle
164,[157 242],[161 246],[147 221],-0.5,-0.3,-0.4608742343311638,24.74375847862071
244,[ 180 1000],[ 188 1010],[172 985],-0.5,-0.3,-0.414070041483653,22.492980753778276
1172,[251 607],[250 610],[258 582],0.3,0.3,0.3,-16.69924423399362
1544,[ 270 1351],[ 284 1336],[ 266 1360],0.3,0.3,0.3,-16.69924423399362
2248,[407 886],[415 895],[393 876],-1.176470588235294,-1.3461538461538465,-1.246332567322525,51.258043507275
767,[420 105],[424 108],[403  88],-1.3461538461538465,-1.3461538461538465,-1.3461500000000002,53.392846823741266
145,[ 175 2113],[ 160 2130],[ 177 2105],0.5,0.3,0.353342843017412,-19.460496825049756
888,[341 126],[329 115],[348 137],-0.7000000000000002,-0.7000000000000001,-0.7,34.99202019855866
2442,[405 823],[396 816],[422 829],-1.785714285714286,-2.5,-2.062444436627224,64.1330372536776
755,[  42 1172],[  65 1170],[  38 1172],2.4999999999999996,inf,16.929245475768994,-86.61950202624806
1415,[274 597],[259 613],[277 589],0.3,0.3,0.3,-16.69924423399362
2421,[ 426 2294],[ 405 2304],[ 430 2287],2.5,inf,9.71243584160239,-84.12149579828413
