Unnamed: 0,pixel,closest contour point,closest skeleton point,slope at nc,slope at ns,average slope,average angle
587,[ 339 2143],[ 344 2138],[ 329 2163],0.5,0.5,0.5,-26.56505117707799
2217,[177 955],[175 952],[188 978],-0.5,-0.3,-0.4752201313801409,25.418007979790872
1201,[  85 2059],[  70 2074],[  89 2052],0.8,0.7000000000000001,0.7275393022765898,-36.03736189323822
1394,[ 125 1011],[ 145 1031],[ 125 1009],-0.5,-0.7000000000000001,-0.6867918234937377,34.48096126656634
1834,[ 425 1613],[ 443 1630],[ 420 1611],-1.7857142857142858,-1.785714285714286,-1.78571,60.751115041598325
46,[  39 2016],[  30 2023],[  55 2008],1.3461538461538467,1.7857142857142856,1.5172563194515465,-56.61174565938559
1142,[166 191],[158 183],[175 207],-0.5,-0.3,-0.4237396365818615,22.964298779958405
1166,[  74 1047],[  55 1029],[  76 1050],-1.0,-1.0,-1.0,44.99999999999999
614,[396  48],[393  47],[419  60],-1.785714285714286,-1.7857142857142858,-1.7857099999999997,60.751115041598304
1703,[ 144 2059],[ 145 2057],[ 133 2083],0.5,0.7000000000000001,0.5156167308013242,-27.276389101314145
1707,[ 70 488],[ 53 505],[ 74 484],1.1764705882352942,1.3461538461538465,1.31383,-52.72402240482885
154,[283 935],[270 919],[287 943],-0.3,-0.5,-0.4394835425241404,23.72469852563743
1318,[ 379 1462],[ 377 1464],[ 398 1443],1.176470588235294,1.3461538461538465,1.19263,-50.02073844875827
495,[284 959],[295 972],[279 947],-0.3,-0.3,-0.3,16.69924423399362
1926,[ 104 1806],[ 121 1824],[ 100 1803],-0.8,-0.8,-0.8000000000000002,38.6598082540901
110,[ 221 2106],[ 232 2094],[ 216 2119],0.3,0.3,0.3,-16.69924423399362
589,[169 211],[190 233],[169 210],-0.3,-0.4,-0.3968166869424793,21.644003992735342
1924,[ 275 1352],[ 287 1337],[ 271 1362],0.3,0.3,0.3,-16.69924423399362
97,[335 924],[355 944],[333 922],-0.6,-0.6,-0.6,30.96375653207353
1289,[  69 1832],[  49 1812],[  71 1832],-1.0,-1.3461538461538465,-1.3232899485117866,52.92194006931219
2381,[ 176 1359],[ 175 1360],[ 184 1332],0.5,0.3,0.490436253981421,-26.12500657985748
1496,[ 124 1776],[ 109 1760],[ 127 1783],-0.5,-0.7000000000000001,-0.6484506175251987,32.96141698610634
2015,[ 250 1760],[ 252 1763],[ 242 1736],-0.3,-0.3,-0.3,16.69924423399362
17,[161 962],[158 959],[170 985],-0.3,-0.3,-0.3,16.69924423399362
2121,[366 873],[360 867],[377 891],-1.0,-0.7000000000000001,-0.9139432654031242,42.425540739123704
