Unnamed: 0,pixel,closest contour point,closest skeleton point,slope at nc,slope at ns,average slope,average angle
1096,[129 506],[136 499],[119 523],0.6,0.7000000000000001,0.6334187489806663,-32.35093627535714
44,[408 104],[419 114],[398  94],-1.3461538461538465,-1.3461538461538465,-1.3461499999999995,53.39284682374126
13,[  75 1982],[  75 1982],,1.7857142857142856,,1.7857142857142856,-60.751173663453024
369,[ 63 486],[ 49 500],[ 71 480],1.0,1.3461538461538465,1.229988344362457,-50.88834298829615
1703,[ 144 2059],[ 145 2057],[ 133 2083],0.5,0.7000000000000001,0.5156167308013242,-27.276389101314145
2337,[426  22],[405   8],[430  25],-2.5,inf,-15.11942946412396,86.21596494050488
256,[  24 2003],[  21 2005],[  47 1991],1.7857142857142858,2.5,1.872870792757918,-61.90047305740225
526,[ 208 1735],[ 194 1721],[ 211 1746],-0.3,-0.3,-0.3,16.69924423399362
1382,[391 708],[390 708],[417 696],1.785714285714286,1.785714285714286,1.78571,-60.75111504159832
1713,[  66 1994],[  76 1984],[  51 1998],1.7857142857142856,2.5,2.126216990782326,-64.81151241231089
