Unnamed: 0,pixel,closest contour point,closest skeleton point,slope at nc,slope at ns,average slope,average angle
439,[282 153],[273 142],[287 167],-0.3,-0.3,-0.3,16.69924423399362
1245,[  88 1012],[  80 1005],[  98 1028],-0.8,-0.7000000000000001,-0.7639632962729637,37.378499636642744
