Unnamed: 0,pixel,closest contour point,closest skeleton point,slope at nc,slope at ns,average slope,average angle
1936,[  84 1269],[ 104 1249],[  83 1270],1.0,1.0,1.0,-44.99999999999999
1902,[  99 1046],[ 110 1057],[  90 1036],-0.7000000000000001,-0.7000000000000001,-0.6999999999999998,34.992020198558656
45,[325 942],[336 954],[319 930],-0.5,-0.5,-0.5,26.56505117707799
