Unnamed: 0,pixel,closest contour point,closest skeleton point,slope at nc,slope at ns,average slope,average angle
780,[190 948],[189 947],[200 974],-0.3,-0.3,-0.3,16.69924423399362
304,[108 278],[110 281],[ 90 260],-0.7000000000000001,-0.7000000000000001,-0.7,34.99202019855866
690,[179 535],[188 526],[174 551],0.5,0.3,0.4136826006044797,-22.474028437368275
554,[ 166 2125],[ 163 2131],[ 172 2103],0.3,0.3,0.3,-16.69924423399362
1295,[  95 1317],[  94 1318],[ 110 1293],0.8,0.7000000000000001,0.7952409271348713,-38.49315672602264
136,[162 546],[183 524],[161 546],0.5,0.5,0.5,-26.56505117707799
527,[298 164],[319 186],[298 163],-0.3,-0.5,-0.4936333738849586,26.272484002187426
540,[197 979],[217 999],[196 976],-0.3,-0.3,-0.3,16.69924423399362
1114,[441 705],[450 697],[424 711],1.785714285714286,2.5,2.0717551030100196,-64.23420802854497
