Unnamed: 0,pixel,closest contour point,closest skeleton point,slope at nc,slope at ns,average slope,average angle
741,[430 856],[438 863],[413 848],-1.3461538461538465,-1.785714285714286,-1.5049819056675606,56.39755928122126
830,[ 72 430],[ 74 428],[ 49 442],1.7857142857142856,1.7857142857142856,1.7857099999999997,-60.751115041598304
1778,[455 791],[462 796],[433 788],-2.5,-2.5,-2.5,68.19859051364821
1419,[ 436 2287],[ 457 2269],[ 430 2287],2.5,inf,14.024430571616108,-85.9214763296466
2479,[141 238],[152 251],[135 227],-0.5,-0.7000000000000002,-0.6152216547758069,31.600729455729113
341,[ 390 2218],[ 373 2235],[ 394 2214],1.0,1.176470588235294,1.1428566666666666,-48.81406300330065
1930,[ 48 300],[ 32 285],[ 55 304],-1.7857142857142858,-1.7857142857142856,-1.7857099999999997,60.751115041598304
1937,[451 702],[452 702],[424 711],2.5,2.5,2.4999999999999996,-68.19859051364818
1172,[251 607],[250 610],[258 582],0.3,0.3,0.3,-16.69924423399362
