Unnamed: 0,pixel,closest contour point,closest skeleton point,slope at nc,slope at ns,average slope,average angle
2428,[ 119 1651],[ 111 1644],[ 159 1670],-2.4999999999999996,-1.7857142857142858,-2.3617274261126835,67.0512830841468
1759,[  31 1096],[  15 1082],[  69 1103],-2.5,-2.4999999999999996,-2.5,68.19859051364821
506,[ 136 1246],[ 136 1246],,1.785714285714286,,1.785714285714286,-60.751173663453024
1319,[ 106 1891],[ 119 1897],[  69 1886],-2.4999999999999996,-2.4999999999999996,-2.5,68.19859051364821
