Unnamed: 0,pixel,closest contour point,closest skeleton point,slope at nc,slope at ns,average slope,average angle
605,[167 709],[132 737],[180 708],2.4999999999999996,2.4999999999999996,2.5,-68.19859051364821
1124,[ 134 2840],[ 149 2827],[ 103 2856],1.785714285714286,1.3461538461538465,1.6263051731119884,-58.4130264729026
