Unnamed: 0,pixel,closest contour point,closest skeleton point,slope at nc,slope at ns,average slope,average angle
489,[ 108 2936],[  91 2953],[ 136 2921],1.7857142857142856,1.3461538461538465,1.596345682455095,-57.93570630237748
1263,[ 216 1661],[ 221 1666],[ 176 1624],-1.7857142857142858,-2.4999999999999996,-1.8677572051922753,61.83533690009386
470,[ 165 1636],[ 127 1598],[ 171 1639],-2.4999999999999996,-2.4999999999999996,-2.5,68.19859051364821
990,[ 45 322],[ 17 298],[ 69 328],-2.5,-2.4999999999999996,-2.5,68.19859051364821
1703,[  36 3561],[  20 3575],[  72 3551],2.5,2.4999999999999996,2.5,-68.19859051364821
1113,[159 167],[185 192],[141 158],-1.7857142857142858,-1.3461538461538465,-1.5035685149966784,56.37274003462299
1815,[ 158 1448],[ 125 1481],[ 169 1442],2.4999999999999996,2.4999999999999996,2.4999999999999996,-68.19859051364818
1460,[ 193 2442],[ 213 2461],[ 165 2433],-1.7857142857142858,-2.4999999999999996,-2.1314216833801134,64.86541951807844
1362,[ 169 2942],[ 196 2915],[ 151 2948],1.785714285714286,2.4999999999999996,2.262888230792298,-66.15873573319742
366,[  68 1814],[  39 1785],[  85 1819],-1.7857142857142856,-2.4999999999999996,-2.2844922757812665,66.35936874559484
840,[  87 3625],[  53 3657],[  97 3621],1.7857142857142856,1.7857142857142856,1.78571,-60.75111504159832
393,[  99 1316],[  63 1350],[ 106 1313],1.3461538461538467,1.7857142857142856,1.7271175393891114,-59.92918490157323
1883,[ 152 1347],[ 175 1325],[ 130 1357],1.785714285714286,1.3461538461538465,1.5358577232959243,-56.93176911152078
1765,[  59 2089],[  49 2098],[  97 2070],1.7857142857142856,1.7857142857142856,1.7857099999999997,-60.751115041598304
2372,[ 95 491],[130 456],[ 87 495],2.4999999999999996,1.7857142857142856,1.895029182862208,-62.17955236724585
