Unnamed: 0,pixel,closest contour point,closest skeleton point,slope at nc,slope at ns,average slope,average angle
2258,[121 851],[118 851],[161 890],-2.4999999999999996,-1.7857142857142858,-2.463597437507355,67.90725134826965
1752,[135 868],[118 851],[166 877],-2.4999999999999996,-2.4999999999999996,-2.5,68.19859051364821
1681,[169 749],[134 755],[185 747],2.4999999999999996,2.4999999999999996,2.4999999999999996,-68.19859051364818
352,[ 104 2757],[ 120 2746],[  70 2760],2.4999999999999996,2.4999999999999996,2.5,-68.19859051364821
1710,[ 107 3380],[ 131 3403],[  86 3369],-2.4999999999999996,-1.7857142857142856,-2.0830570577625687,64.35602969873149
317,[ 143 2190],[ 112 2221],[ 155 2183],1.7857142857142856,1.785714285714286,1.78571,-60.751115041598325
1922,[  95 2677],[ 117 2689],[  67 2677],-2.4999999999999996,-2.5000000000000004,-2.4999999999999996,68.19859051364818
255,[  38 3427],[  15 3408],[  69 3430],-2.5,-2.4999999999999996,-2.4999999999999996,68.19859051364818
899,[  32 1940],[   8 1962],[  64 1938],2.5,2.4999999999999996,2.5,-68.19859051364821
