Unnamed: 0,pixel,closest contour point,closest skeleton point,slope at nc,slope at ns,average slope,average angle
2001,[ 180 3280],[ 188 3288],[ 143 3256],-1.7857142857142858,-1.3461538461538465,-1.695969382949678,59.47498341842648
79,[164 946],[186 966],[140 935],-1.7857142857142858,-1.785714285714286,-1.78571,60.75111504159832
1243,[ 178 3242],[ 201 3263],[ 155 3231],-1.7857142857142858,-2.4999999999999996,-2.178479541325848,65.34318500533735
591,[  51 2606],[  29 2586],[  78 2614],-2.5,-2.4999999999999996,-2.4999999999999996,68.19859051364818
1742,[  56 1763],[  51 1760],[  96 1794],-1.7857142857142856,-1.7857142857142856,-1.78571,60.751115041598325
910,[  72 2516],[  64 2510],[ 112 2537],-1.7857142857142856,-1.7857142857142856,-1.78571,60.751115041598325
1807,[ 183 1678],[ 206 1701],[ 161 1667],-2.4999999999999996,-1.785714285714286,-2.0932745196469384,64.46524087954032
846,[  59 1990],[  21 2028],[  70 1990],2.5,2.4999999999999996,2.5000000000000004,-68.19859051364821
