Unnamed: 0,pixel,closest contour point,closest skeleton point,slope at nc,slope at ns,average slope,average angle
1513,[  47 2002],[  21 2028],[  71 1995],2.5,2.4999999999999996,2.5000000000000004,-68.19859051364821
1638,[  49 3621],[  40 3630],[  89 3603],1.7857142857142856,2.4999999999999996,1.9463604884203145,-62.80683319470131
331,[ 132 3334],[ 153 3353],[ 106 3326],-1.7857142857142858,-2.4999999999999996,-2.150037862055489,65.05648056220026
2058,[209  67],[230  88],[179  61],-2.4999999999999996,-2.4999999999999996,-2.5,68.19859051364821
816,[ 144 1324],[ 164 1305],[ 119 1337],1.785714285714286,1.7857142857142856,1.7857099999999997,-60.751115041598304
