Unnamed: 0,pixel,closest contour point,closest skeleton point,slope at nc,slope at ns,average slope,average angle
2468,[ 102 2542],[  66 2506],[ 108 2545],-1.7857142857142856,-1.7857142857142856,-1.78571,60.75111504159832
642,[ 149 2196],[ 115 2228],[ 159 2192],1.7857142857142856,1.785714285714286,1.78571,-60.75111504159832
278,[  43 1895],[  13 1866],[  67 1895],-2.5,-2.4999999999999996,-2.5,68.19859051364821
125,[ 214 3057],[ 239 3037],[ 185 3064],2.4999999999999996,2.4999999999999996,2.5000000000000004,-68.19859051364821
300,[  86 1226],[ 120 1195],[  74 1229],2.4999999999999996,2.4999999999999996,2.5,-68.19859051364821
1607,[222  52],[236  65],[182  47],-2.4999999999999996,-1.5000000000000002,-2.1784554840972477,65.34294510894546
2289,[219  22],[241  37],[182  47],-2.4999999999999996,-1.5000000000000002,-2.12645096265394,64.8139403930522
1709,[ 107 2600],[ 132 2625],[  87 2592],-2.4999999999999996,-2.4999999999999996,-2.5,68.19859051364821
