Unnamed: 0,pixel,closest contour point,closest skeleton point,slope at nc,slope at ns,average slope,average angle
1391,[211 754],[242 731],[187 758],2.4999999999999996,2.4999999999999996,2.5,-68.19859051364821
2428,[ 119 1651],[ 111 1644],[ 159 1670],-2.4999999999999996,-1.7857142857142858,-2.3617274261126835,67.0512830841468
896,[ 136 3154],[ 127 3149],[ 176 3171],-2.4999999999999996,-2.4999999999999996,-2.5,68.19859051364821
