Unnamed: 0,pixel,closest contour point,closest skeleton point,slope at nc,slope at ns,average slope,average angle
1879,[  93 1769],[  62 1738],[ 105 1776],-1.7857142857142856,-1.7857142857142856,-1.78571,60.751115041598325
788,[ 56 472],[ 28 498],[ 77 468],2.5,2.4999999999999996,2.5,-68.19859051364821
906,[138 699],[126 709],[176 690],2.4999999999999996,2.4999999999999996,2.5,-68.19859051364821
2289,[219  22],[241  37],[182  47],-2.4999999999999996,-1.5000000000000002,-2.12645096265394,64.8139403930522
1791,[ 150 2413],[ 123 2387],[ 169 2420],-2.4999999999999996,-2.4999999999999996,-2.5,68.19859051364821
