Unnamed: 0,pixel,closest contour point,closest skeleton point,slope at nc,slope at ns,average slope,average angle
1752,[135 868],[118 851],[166 877],-2.4999999999999996,-2.4999999999999996,-2.5,68.19859051364821
975,[132 961],[169 997],[127 959],-1.7857142857142858,-1.7857142857142856,-1.7857099999999997,60.751115041598304
1632,[ 123 3599],[ 140 3583],[  94 3613],1.785714285714286,2.4999999999999996,2.0859071659718307,-64.3865810947388
