Unnamed: 0,pixel,closest contour point,closest skeleton point,slope at nc,slope at ns,average slope,average angle
133,[158   7],[134   5],[182  47],-2.4999999999999996,-1.5000000000000002,-2.159509185702578,65.15264639813638
2121,[  84 3257],[  81 3254],[ 123 3291],-1.7857142857142856,-1.3461538461538465,-1.7523978160349427,60.288901586488144
1076,[ 134 1694],[ 102 1663],[ 145 1700],-1.7857142857142856,-1.7857142857142858,-1.78571,60.75111504159832
2369,[ 104 3253],[  89 3239],[ 135 3269],-1.7857142857142856,-1.3461538461538465,-1.6229230565616806,58.35978070613223
350,[  24 1952],[   8 1962],[  64 1938],2.5,2.4999999999999996,2.5000000000000004,-68.19859051364821
2214,[  84 1107],[ 117 1138],[  70 1102],-2.4999999999999996,-2.4999999999999996,-2.5,68.19859051364821
1661,[ 207 1400],[ 211 1396],[ 167 1435],1.785714285714286,2.4999999999999996,1.8544194111715573,-61.664130667947106
2256,[ 144 1373],[ 181 1336],[ 140 1376],1.785714285714286,1.7857142857142858,1.78571,-60.751115041598325
1878,[ 202 2237],[ 227 2214],[ 178 2245],2.4999999999999996,2.4999999999999996,2.5,-68.19859051364821
