Unnamed: 0,pixel,closest contour point,closest skeleton point,slope at nc,slope at ns,average slope,average angle
1117,[ 160 2565],[ 160 2565],,-1.5,,-1.5,56.30993247402022
1507,[ 172 1556],[ 134 1556],[ 186 1556],-2.4999999999999996,inf,-9.285714285714285,83.85337434035334
