Unnamed: 0,pixel,closest contour point,closest skeleton point,slope at nc,slope at ns,average slope,average angle
2030,[  81 2103],[  61 2122],[ 107 2090],1.7857142857142856,1.7857142857142856,1.78571,-60.75111504159832
1416,[ 209 3224],[ 216 3229],[ 169 3197],-2.4999999999999996,-1.785714285714286,-2.391939244722719,67.31161840296858
2498,[ 142 2482],,[ 142 2482],,-1.785714285714286,-1.785714285714286,60.751173663453024
2087,[134 533],[155 513],[110 545],1.3461538461538465,1.7857142857142856,1.5744608926772472,-57.578816783015455
2111,[ 148 2521],[ 171 2544],[ 127 2510],-1.7857142857142858,-1.3461538461538465,-1.5314568975137692,56.856548024426594
1177,[135 160],[ 97 122],[138 162],-1.7857142857142856,-1.7857142857142858,-1.78571,60.75111504159832
