Unnamed: 0,pixel,closest contour point,closest skeleton point,slope at nc,slope at ns,average slope,average angle
1597,[ 131 2923],[  94 2959],[ 136 2921],1.7857142857142856,1.3461538461538465,1.3876717111430128,-54.222289214021266
2288,[  57 1081],[  24 1049],[  72 1086],-2.5,-2.4999999999999996,-2.5,68.19859051364821
2485,[ 196 1458],[ 225 1432],[ 176 1462],2.4999999999999996,2.4999999999999996,2.4999999999999996,-68.19859051364818
1151,[ 162 1760],[ 171 1769],[ 124 1740],-1.7857142857142858,-1.7857142857142856,-1.7857099999999997,60.751115041598304
1764,[128 540],[155 513],[112 549],1.3461538461538465,1.7857142857142856,1.642995820050944,-58.67345505660683
1516,[  56 3625],[  43 3636],[  91 3608],2.5,2.4999999999999996,2.5000000000000004,-68.19859051364821
842,[ 206 1465],[ 229 1444],[ 178 1470],2.4999999999999996,2.4999999999999996,2.5,-68.19859051364821
320,[ 156 2443],[ 117 2404],[ 159 2445],-1.7857142857142856,-1.7857142857142858,-1.78571,60.75111504159832
1516,[  56 3625],[  43 3636],[  91 3608],2.5,2.4999999999999996,2.5000000000000004,-68.19859051364821
2071,[ 51 425],[ 16 459],[ 68 425],2.5,2.4999999999999996,2.5000000000000004,-68.19859051364821
222,[  95 2765],[ 120 2746],[  72 2771],2.4999999999999996,2.4999999999999996,2.5,-68.19859051364821
1749,[103 570],[ 75 597],[119 563],1.7857142857142856,1.3461538461538465,1.4823525244868163,-55.99626511395011
1454,[155 585],[181 561],[137 595],1.785714285714286,1.7857142857142858,1.78571,-60.751115041598325
769,[ 120 2494],[  89 2464],[ 131 2501],-1.3461538461538465,-1.3461538461538465,-1.3461500000000002,53.392846823741266
827,[ 108 1416],[ 101 1422],[ 148 1392],1.7857142857142856,1.785714285714286,1.78571,-60.75111504159832
1550,[  80 2923],[  76 2925],[ 120 2891],1.7857142857142856,1.3461538461538465,1.7504160434619125,-60.26098535241442
