Unnamed: 0,pixel,closest contour point,closest skeleton point,slope at nc,slope at ns,average slope,average angle
882,[  85 1388],[  84 1389],[ 125 1349],1.7857142857142856,1.7857142857142856,1.78571,-60.75111504159832
1362,[ 169 2942],[ 196 2915],[ 151 2948],1.785714285714286,2.4999999999999996,2.262888230792298,-66.15873573319742
1724,[  64 3668],[  60 3671],[ 104 3635],1.7857142857142856,1.7857142857142856,1.78571,-60.75111504159832
791,[142 883],[115 859],[160 892],-2.4999999999999996,-2.4999999999999996,-2.5,68.19859051364821
239,[ 177 2144],[ 191 2130],[ 145 2161],1.785714285714286,1.7857142857142858,1.78571,-60.75111504159832
2287,[ 136 3037],[ 128 3043],[ 176 3017],2.4999999999999996,2.4999999999999996,2.5,-68.19859051364821
