Unnamed: 0,pixel,closest contour point,closest skeleton point,slope at nc,slope at ns,average slope,average angle
1923,[ 159 2497],[ 184 2520],[ 139 2488],-1.7857142857142858,-1.3461538461538465,-1.518599175348928,56.63503184124465
2196,[  47 1784],[  42 1779],[  87 1815],-2.5,-1.7857142857142856,-2.412430279983462,67.48502744327048
1049,[151 932],[186 966],[145 926],-1.7857142857142858,-1.3461538461538465,-1.4112641750978427,54.67920276127123
1401,[ 71 986],[ 57 972],[ 104 1002],-1.7857142857142856,-2.4999999999999996,-2.036133432432521,63.84310127491731
