Unnamed: 0,pixel,closest contour point,closest skeleton point,slope at nc,slope at ns,average slope,average angle
1042,[227 778],[243 794],[187 778],-2.4999999999999996,-2.4999999999999996,-2.5000000000000004,68.19859051364821
372,[  35 1125],[  11 1102],[  66 1128],-2.5,-2.4999999999999996,-2.5,68.19859051364821
695,[ 91 393],[117 393],[ 66 399],inf,2.4999999999999996,4.9721077177273925,-78.62827030431576
704,[  83 1899],[ 117 1913],[  68 1894],-2.4999999999999996,-2.4999999999999996,-2.5,68.19859051364821
2478,[  80 3694],[  75 3699],[ 120 3666],1.7857142857142856,1.7857142857142856,1.78571,-60.751115041598325
1771,[173 783],[134 781],[186 783],-2.4999999999999996,inf,-10.009855457602551,84.29499226504518
1756,[139 512],[150 503],[103 530],1.785714285714286,1.7857142857142856,1.7857099999999997,-60.751115041598304
1179,[  86 1794],[  51 1760],[  94 1798],-1.7857142857142856,-1.7857142857142856,-1.78571,60.75111504159832
390,[  83 1863],[ 119 1897],[  73 1861],-2.4999999999999996,-2.4999999999999996,-2.5000000000000004,68.19859051364821
473,[115 252],[141 277],[ 97 242],-1.7857142857142858,-1.7857142857142856,-1.7857099999999997,60.751115041598304
1034,[  90 1847],[ 123 1878],[  78 1842],-2.4999999999999996,-2.4999999999999996,-2.5,68.19859051364821
2010,[168 640],[204 606],[161 644],2.4999999999999996,1.7857142857142858,1.885723840776248,-62.06297733859916
311,[ 91 382],[117 382],[ 65 388],inf,2.4999999999999996,5.0657046277166025,-78.83305276019604
366,[  68 1814],[  39 1785],[  85 1819],-1.7857142857142856,-2.4999999999999996,-2.2844922757812665,66.35936874559484
2128,[ 107 1706],[  89 1688],[ 134 1720],-1.7857142857142856,-1.3461538461538465,-1.5854336516450789,57.75863776694431
1666,[ 129 2155],[  96 2187],[ 139 2151],1.7857142857142856,1.785714285714286,1.78571,-60.75111504159832
2025,[ 137 1506],[ 131 1506],[ 177 1469],2.4999999999999996,2.4999999999999996,2.5,-68.19859051364821
165,[  46 3421],[  18 3396],[  70 3422],-2.5,-2.4999999999999996,-2.5,68.19859051364821
2337,[ 135 3367],[ 143 3374],[  95 3347],-1.7857142857142858,-1.7857142857142856,-1.78571,60.751115041598325
259,[  99 2579],[ 136 2615],[  93 2577],-1.7857142857142858,-2.4999999999999996,-2.4220412861699003,67.56549935142647
