Unnamed: 0,pixel,closest contour point,closest skeleton point,slope at nc,slope at ns,average slope,average angle
1826,[  72 1866],[  81 1874],[  55 1858],-2.4999999999999996,-1.7857142857142856,-2.221011300249161,65.76056573006232
324,[262 656],[251 667],[276 648],1.0,1.3461538461538465,1.1699710637541476,-49.47876057119995
114,[ 319 2234],[ 331 2222],[ 306 2241],1.785714285714286,1.7857142857142858,1.78571,-60.75111504159832
952,[ 213 3235],[ 210 3231],[ 228 3256],-0.7000000000000001,-0.7000000000000001,-0.7,34.99202019855866
994,[ 180 2866],[ 181 2863],[ 166 2890],0.7000000000000001,0.7000000000000001,0.7,-34.99202019855866
1425,[ 316 1655],[ 319 1659],[ 295 1639],-1.3461538461538465,-1.3461538461538465,-1.3461500000000002,53.392846823741266
1622,[334  24],[351  37],[321  26],-2.5,-1.5,-1.8806503367627037,61.99903860320667
1028,[  56 1081],[  79 1103],[  55 1081],-2.4999999999999996,-1.3461538461538467,-1.3812987120149158,54.09710177215305
1813,[ 319 1565],[ 294 1552],[ 322 1565],-2.5,-2.5000000000000004,-2.4999999999999996,68.19859051364818
