Unnamed: 0,pixel,closest contour point,closest skeleton point,slope at nc,slope at ns,average slope,average angle
2325,[262 637],[241 657],[264 635],1.0,1.0,1.0,-44.99999999999999
2174,[ 153 2543],[ 168 2559],[ 147 2535],-0.6,-0.7000000000000001,-0.668683170080154,33.76998034702406
1818,[109 213],[100 204],[119 229],-1.0,-0.7000000000000001,-0.8791495569779268,41.320304636088
699,[343  26],[352  32],[321  26],-2.5,-1.5,-2.1703913237585195,65.26228276430403
1931,[ 233 2928],[ 251 2910],[ 229 2932],0.7000000000000001,0.7000000000000001,0.7,-34.99202019855866
138,[ 146 1023],[ 146 1024],[128 998],-0.8,-0.7000000000000001,-0.7968559236707281,38.549796796592176
2242,[ 142 2108],[ 126 2126],[ 145 2101],0.7000000000000001,0.7000000000000001,0.6999999999999998,-34.992020198558656
2178,[  55 2586],[  50 2581],[  74 2601],-1.1764705882352942,-1.3461538461538465,-1.2148292118093296,50.54012125455225
2229,[  68 2771],[  80 2761],[  53 2775],1.7857142857142856,2.5,2.143959582730725,-64.9943977094159
