Unnamed: 0,pixel,closest contour point,closest skeleton point,slope at nc,slope at ns,average slope,average angle
2019,[  70 2062],[  61 2070],[  87 2052],1.0,1.3461538461538465,1.1312211642372978,-48.5233038517199
2359,[  82 3614],[  67 3628],[  90 3606],1.0,1.0,1.0,-44.99999999999999
1208,[ 120 3334],[ 140 3355],[ 118 3332],-1.0,-1.0,-1.0,44.99999999999999
