Unnamed: 0,pixel,closest contour point,closest skeleton point,slope at nc,slope at ns,average slope,average angle
216,[  26 3466],[   9 3449],[  39 3468],-2.5,-2.5,-2.5,68.19859051364821
1578,[281 149],[282 151],[260 129],-1.0,-1.0,-1.0,44.99999999999999
554,[  44 2804],[  36 2812],[  62 2794],1.5,1.3461538461538467,1.4454437938955884,-55.32338955148338
544,[135 531],[150 515],[129 538],0.8,0.7000000000000001,0.7295960595069411,-36.11434300300792
1133,[   8 3514],[   8 3514],,2.5,,2.5,-68.19859051364821
1351,[ 132 2531],[ 118 2517],[ 139 2540],-0.8,-0.7000000000000001,-0.7365432125772363,36.37325107620131
980,[ 182 2877],[ 190 2869],[ 174 2895],0.7000000000000001,0.7000000000000001,0.6999999999999998,-34.992020198558656
1253,[  71 2790],[  87 2775],[  64 2796],1.3461538461538465,1.3461538461538467,1.34615,-53.39284682374126
