Unnamed: 0,pixel,closest contour point,closest skeleton point,slope at nc,slope at ns,average slope,average angle
2082,[ 268 1395],[ 280 1383],[ 258 1405],0.7000000000000001,1.0,0.8636363636363635,-40.81508387488159
1146,[ 323 2245],[ 336 2232],[ 311 2252],1.785714285714286,2.5,2.1925623171728996,-65.4828697114783
