Unnamed: 0,pixel,closest contour point,closest skeleton point,slope at nc,slope at ns,average slope,average angle
1053,[ 315 3027],[ 336 3007],[ 311 3028],1.785714285714286,1.7857142857142858,1.78571,-60.75111504159832
520,[ 337 3036],[ 345 3029],[ 316 3041],2.5,2.5,2.5,-68.19859051364821
