Unnamed: 0,pixel,closest contour point,closest skeleton point,slope at nc,slope at ns,average slope,average angle
1191,[322 864],[328 870],[303 851],-1.7857142857142858,-1.3461538461538465,-1.667330304422142,59.0463056036592
2468,[ 332 1599],[ 344 1611],[ 318 1591],-2.5,-2.5,-2.5,68.19859051364821
193,[ 122 3326],[ 101 3305],[ 123 3328],-0.8,-1.0,-0.9859959336685208,44.595990815000214
1101,[ 165 3652],[ 179 3637],[ 158 3660],0.6,0.7000000000000001,0.6658726115691299,-33.658558746820546
1743,[ 279 2251],[ 276 2252],[ 302 2235],1.7857142857142858,1.3461538461538465,1.741129980356968,-60.129540075484286
2057,[ 211 1740],[ 219 1750],[ 200 1725],-0.5,-0.7000000000000001,-0.5815494410924701,30.180118018537787
