Unnamed: 0,pixel,closest contour point,closest skeleton point,slope at nc,slope at ns,average slope,average angle
479,[ 292 2370],[ 286 2364],[ 314 2376],-2.5,-2.5,-2.5,68.19859051364821
1188,[ 330 3066],[ 351 3050],[ 322 3066],2.5,2.5,2.5,-68.19859051364821
1518,[ 311 3190],[ 324 3203],[ 299 3184],-1.5,-1.3461538461538465,-1.4110568392741685,54.675231520044534
1852,[ 103 3656],[ 100 3658],[ 119 3633],1.0,0.7000000000000001,0.965795414492462,-44.00316145151255
2289,[ 232 1347],[ 233 1346],[ 215 1371],0.7000000000000001,0.7000000000000001,0.6999999999999998,-34.992020198558656
