Unnamed: 0,pixel,closest contour point,closest skeleton point,slope at nc,slope at ns,average slope,average angle
1324,[ 222 3252],[ 206 3234],[ 225 3258],-0.7000000000000001,-0.7000000000000001,-0.7,34.99202019855866
2202,[ 326 3824],[ 345 3805],[ 319 3827],2.5,2.5,2.5,-68.19859051364821
1130,[254 629],[233 650],[255 627],1.0,1.0,1.0,-44.99999999999999
492,[  22 3470],[   7 3465],[  39 3470],-2.5,inf,-4.8252041618885135,78.29148064603122
