Unnamed: 0,pixel,closest contour point,closest skeleton point,slope at nc,slope at ns,average slope,average angle
995,[  60 1205],[  74 1194],[  47 1208],2.4999999999999996,2.5,2.5,-68.19859051364821
1829,[  78 1853],[  88 1861],[  63 1843],-1.3461538461538465,-1.3461538461538467,-1.34615,53.39284682374126
2425,[281 848],[273 840],[298 858],-1.3461538461538465,-1.3461538461538465,-1.34615,53.39284682374126
