Unnamed: 0,pixel,closest contour point,closest skeleton point,slope at nc,slope at ns,average slope,average angle
1690,[332 802],[350 817],[321 802],-2.5,-2.5,-2.5000000000000004,68.19859051364821
684,[141 541],[160 522],[139 545],0.6,0.7000000000000001,0.685731260529003,-34.4396508343383
1544,[  60 1847],,[  60 1847],,-1.7857142857142856,-1.7857142857142856,60.751173663453024
790,[ 251 1378],[ 262 1367],[ 243 1392],0.8,0.7000000000000001,0.7508967026566092,-36.90276495330958
95,[ 256 3253],[ 268 3265],[ 246 3243],-0.7000000000000001,-0.7000000000000001,-0.7,34.99202019855866
