Unnamed: 0,pixel,closest contour point,closest skeleton point,slope at nc,slope at ns,average slope,average angle
765,[ 51 280],[ 40 269],[ 65 287],-1.3461538461538467,-1.3461538461538465,-1.34615,53.39284682374126
1920,[324 847],[335 857],[309 839],-1.7857142857142858,-2.5,-2.118938561380534,64.73576335449211
2170,[  35 2011],[  27 2019],[  53 2001],2.5,1.7857142857142856,2.2467081413173857,-66.00636210982604
1416,[117 987],[105 976],[127 998],-0.7000000000000001,-0.7000000000000001,-0.7,34.99202019855866
1831,[ 188 1724],[ 170 1707],[ 191 1730],-0.7000000000000001,-0.7000000000000001,-0.7000000000000001,34.99202019855867
37,[  77 3334],[  73 3330],[  95 3353],-1.0,-1.0,-1.0,44.99999999999999
