Unnamed: 0,pixel,closest contour point,closest skeleton point,slope at nc,slope at ns,average slope,average angle
2267,[ 288 2366],[ 286 2364],[ 315 2372],-2.5,-2.5,-2.5,68.19859051364821
1100,[  87 1238],[  92 1232],[  66 1248],1.3461538461538465,1.3461538461538465,1.3461500000000002,-53.392846823741266
2266,[ 222 2122],[ 227 2117],[ 210 2143],0.8,0.7000000000000001,0.7773782591093699,-37.860718201599106
2015,[317 769],[294 769],[324 769],inf,inf,100.0,-89.42706130231674
222,[  35 1179],[  11 1199],[  40 1179],2.5,2.5,2.5,-68.19859051364821
1556,[ 328 1642],[ 330 1642],[ 304 1625],-1.7857142857142858,-1.3461538461538465,-1.7577222475232497,60.36366878883305
2228,[116 992],[102 978],[ 122 1002],-1.0,-0.7000000000000001,-0.8112038066811589,39.049095910493264
2494,[ 218 1412],[ 217 1412],[ 237 1388],0.8,0.7000000000000001,0.796836489772433,-38.549115753807456
