Unnamed: 0,pixel,closest contour point,closest skeleton point,slope at nc,slope at ns,average slope,average angle
2288,[308 712],[288 728],[314 710],2.5,2.5,2.5,-68.19859051364821
544,[135 531],[150 515],[129 538],0.8,0.7000000000000001,0.7295960595069411,-36.11434300300792
37,[  77 3334],[  73 3330],[  95 3353],-1.0,-1.0,-1.0,44.99999999999999
2200,[346 751],[355 748],[323 751],2.5,inf,3.5311774978809933,-74.18832066386945
