Unnamed: 0,pixel,closest contour point,closest skeleton point,slope at nc,slope at ns,average slope,average angle
2271,[ 13 330],[ 13 330],,-2.5,,-2.5,68.19859051364821
470,[285 686],[273 696],[297 676],1.3461538461538465,1.3461538461538465,1.34615,-53.39284682374126
1543,[162 227],[168 233],[149 208],-0.7000000000000001,-0.7000000000000002,-0.7,34.99202019855866
533,[346 755],[356 750],[321 736],2.5,inf,3.39013639358732,-73.56534374871723
