Unnamed: 0,pixel,closest contour point,closest skeleton point,slope at nc,slope at ns,average slope,average angle
1643,[ 23 392],[  8 407],[ 39 389],2.5,2.5,2.5000000000000004,-68.19859051364821
1344,[ 55 266],[ 47 259],[ 72 278],-1.1764705882352942,-1.3461538461538465,-1.2338425226253966,50.97605625877698
2340,[159 235],[161 238],[142 213],-0.7000000000000001,-0.7000000000000002,-0.7,34.99202019855866
1581,[ 85 268],[105 288],[ 82 266],-1.0,-1.0,-1.0,44.99999999999999
1271,[123 507],[130 500],[108 522],0.7000000000000001,0.8,0.7318181818181817,-36.197344184944725
348,[229 136],[217 124],[236 149],-0.8,-0.7000000000000001,-0.7465247945912188,36.74225158462499
1789,[ 47 283],[ 37 274],[ 63 292],-1.5,-1.7857142857142856,-1.620832816248735,58.32679286274605
1120,[267 103],[254  91],[277 112],-1.3461538461538465,-1.3461538461538465,-1.34615,53.39284682374126
