Unnamed: 0,pixel,closest contour point,closest skeleton point,slope at nc,slope at ns,average slope,average angle
1663,[141 575],[134 582],[152 556],0.6,0.7000000000000001,0.6310777202467813,-32.25511042175247
748,[186 153],[182 149],[199 175],-0.7000000000000002,-0.7000000000000001,-0.7,34.99202019855866
433,[ 49 459],[ 31 477],[ 55 455],1.7857142857142858,1.7857142857142856,1.78571,-60.75111504159832
1994,[ 10 382],[  6 382],[ 39 382],inf,inf,100.0,-89.42706130231674
2413,[ 89 243],[ 74 228],[ 96 251],-1.0,-1.0,-1.0,44.99999999999999
1190,[ 73 429],[ 77 428],[ 50 441],2.4999999999999996,2.5,2.5,-68.19859051364821
2333,[285  93],[266  76],[289  97],-1.3461538461538465,-1.3461538461538465,-1.3461500000000002,53.392846823741266
2262,[241 584],[245 580],[227 605],0.7000000000000001,0.7000000000000001,0.6999999999999998,-34.992020198558656
994,[269 648],[250 667],[272 644],1.0,1.0,1.0,-44.99999999999999
461,[ 74 473],[ 92 457],[ 69 478],1.3461538461538465,1.3461538461538465,1.34615,-53.39284682374126
1431,[ 65 471],[ 87 449],[ 64 471],1.3461538461538465,1.5,1.4952090603468828,-56.22528362984701
129,[ 64 522],[ 63 522],[ 86 501],1.3461538461538467,1.3461538461538465,1.34615,-53.39284682374126
