Unnamed: 0,pixel,closest contour point,closest skeleton point,slope at nc,slope at ns,average slope,average angle
2196,[ 31 424],[ 15 439],[ 43 420],2.5,2.5,2.5,-68.19859051364821
1501,[ 86 518],[ 72 532],[ 94 509],1.0,1.0,1.0,-44.99999999999999
1498,[325 680],[332 673],[306 690],1.785714285714286,1.7857142857142858,1.78571,-60.75111504159832
204,[180 584],[163 601],[184 577],0.6,0.7000000000000001,0.6748869742169876,-34.014900877065095
1983,[195 155],[186 146],[205 171],-0.6,-0.7000000000000001,-0.6402834810073577,32.630764194080385
1573,[241 180],[244 183],[226 157],-0.8,-0.7000000000000002,-0.7866169936095535,38.18919169888359
