Unnamed: 0,pixel,closest contour point,closest skeleton point,slope at nc,slope at ns,average slope,average angle
620,[181 183],[162 162],[182 186],-0.7000000000000002,-0.7000000000000001,-0.7000000000000001,34.99202019855867
472,[  8 412],[  8 412],,2.5,,2.5,-68.19859051364821
883,[337 697],[342 694],[314 708],2.5,1.7857142857142858,2.367043859650615,-67.0975038274319
693,[ 71 444],[ 80 435],[ 53 449],2.4999999999999996,2.5,2.5,-68.19859051364821
