Unnamed: 0,pixel,closest contour point,closest skeleton point,slope at nc,slope at ns,average slope,average angle
2398,[ 68 523],[ 65 525],[ 88 503],1.0,1.0,1.0,-44.99999999999999
1846,[319 748],[294 753],[321 736],2.5,inf,7.739210276780682,-82.63748261199483
1661,[291 731],[289 731],[319 727],2.5,2.5,2.5,-68.19859051364821
2468,[ 29 295],[ 27 293],[ 55 307],-1.7857142857142858,-1.7857142857142856,-1.7857099999999997,60.751115041598304
276,[305  28],[292  20],[320  32],-2.5,-2.5,-2.5,68.19859051364821
2091,[ 70 436],[ 78 430],[ 51 444],1.7857142857142856,2.5,2.019019710357298,-63.651252004167
352,[312 711],[289 731],[314 709],2.5,1.785714285714286,1.846365744922676,-61.559825242619134
1871,[142 175],[142 175],,-0.7000000000000002,,-0.7000000000000002,34.99202019855867
1230,[128 194],[123 188],[141 213],-0.7000000000000002,-0.7000000000000001,-0.7,34.99202019855866
1061,[ 23 386],[  7 397],[ 39 386],2.5,inf,5.533826224835561,-79.75680566396876
150,[274 616],[281 609],[259 631],1.0,0.7000000000000001,0.9045454545454544,-42.13077465970631
412,[147 209],,[147 209],,-0.6,-0.6,30.96375653207353
2460,[318 657],[321 655],[296 673],1.3461538461538465,1.3461538461538465,1.34615,-53.39284682374126
1245,[171 211],[183 223],[163 199],-0.7000000000000001,-0.7000000000000002,-0.6999999999999998,34.992020198558656
588,[166 232],[167 234],[149 208],-0.8,-0.7000000000000002,-0.792934333466299,38.41210673533094
61,[ 50 401],[ 69 394],[ 41 401],2.4999999999999996,2.5000000000000004,2.5,-68.19859051364821
1221,[333  65],[341  71],[313  56],-1.7857142857142858,-1.785714285714286,-1.7857099999999997,60.751115041598304
1030,[ 20 336],[ 13 330],[ 43 342],-2.5,-2.5,-2.5,68.19859051364821
730,[106 287],[106 287],,-1.1764705882352942,,-1.1764705882352942,49.63546342690264
2146,[264 630],[283 611],[261 633],0.7000000000000001,1.0,0.959090909090909,-43.80374226276153
1870,[175 558],[190 543],[168 566],0.6,0.7000000000000001,0.6666173751704471,-33.688112269783744
1330,[325 723],[346 704],[319 723],1.785714285714286,2.5000000000000004,2.3751226868632616,-67.16740432652102
450,[196 160],[185 147],[205 171],-0.7000000000000002,-0.7000000000000001,-0.7,34.99202019855866
2191,[321 710],[341 691],[315 710],1.785714285714286,2.5,2.372395913503617,-67.14385663664362
1477,[305  32],[292  20],[319  35],-2.5,-2.5,-2.5,68.19859051364821
