Unnamed: 0,pixel,closest contour point,closest skeleton point,slope at nc,slope at ns,average slope,average angle
972,[ 35 430],[ 17 445],[ 45 428],2.5,2.5,2.5,-68.19859051364821
803,[134 232],[149 247],[127 224],-0.8,-0.7000000000000002,-0.7333826248295531,36.25567423707106
9,[ 43 360],[ 69 368],[ 41 360],-2.4999999999999996,inf,-36.50367627183861,88.43080316537196
