Unnamed: 0,pixel,closest contour point,closest skeleton point,slope at nc,slope at ns,average slope,average angle
1944,[267  84],[263  80],[289  97],-1.1764705882352942,-1.3461538461538465,-1.2072240185560177,50.36346139175494
1353,[ 28 425],[ 14 436],[ 43 420],2.5,2.5,2.5,-68.19859051364821
2449,[255 595],[259 590],[240 615],0.8,0.7000000000000001,0.7796099133671538,-37.94033225155091
1629,[144 515],[146 513],[128 538],0.7000000000000001,0.7000000000000001,0.7,-34.99202019855866
2060,[147 197],[133 181],[151 206],-0.7000000000000002,-0.7000000000000001,-0.7,34.99202019855866
