Unnamed: 0,pixel,closest contour point,closest skeleton point,slope at nc,slope at ns,average slope,average angle
1040,[120 219],[104 202],[125 225],-0.7000000000000002,-0.8,-0.7749313812892114,37.77322795724787
1476,[104 284],[107 285],[ 84 264],-1.3461538461538465,-1.0,-1.3113410161816934,52.67164834796347
