Unnamed: 0,pixel,closest contour point,closest skeleton point,slope at nc,slope at ns,average slope,average angle
643,[282 621],[288 615],[265 637],1.0,1.0,1.0,-44.99999999999999
2430,[ 90 237],[ 77 225],[100 247],-1.0,-1.0,-1.0,44.99999999999999
1451,[292 713],[285 720],[311 703],1.7857142857142858,2.5,2.0111170397809275,-63.56177652742551
239,[107 495],[116 486],[ 93 508],1.0,1.0,1.0,-44.99999999999999
2099,[ 45 475],[ 35 484],[ 61 466],1.3461538461538467,1.7857142857142856,1.532049242974674,-56.86669033844698
2307,[ 44 412],[ 69 394],[ 42 412],2.4999999999999996,inf,41.007304501873406,-88.60306774953114
180,[ 38 330],[ 19 311],[ 46 330],-2.5,-2.5,-2.5,68.19859051364821
2280,[208 606],[194 621],[213 596],0.7000000000000001,0.7000000000000001,0.7000000000000001,-34.99202019855867
1906,[ 67 311],[ 81 325],[ 56 306],-1.7857142857142856,-1.7857142857142856,-1.7857099999999997,60.751115041598304
