Unnamed: 0,pixel,closest contour point,closest skeleton point,slope at nc,slope at ns,average slope,average angle
1373,[216 193],[221 199],[203 173],-0.6,-0.7000000000000002,-0.6246660464176182,31.99162176789853
35,[311 758],[294 758],[321 736],inf,inf,100.0,-89.42706130231674
350,[ 27 314],[ 20 308],[ 48 324],-1.7857142857142858,-1.7857142857142856,-1.78571,60.751115041598325
