Unnamed: 0,pixel,closest contour point,closest skeleton point,slope at nc,slope at ns,average slope,average angle
203,[114 524],[134 503],[112 526],1.0,1.0,1.0,-44.99999999999999
902,[ 92 281],[102 291],[ 80 269],-1.3461538461538465,-1.3461538461538465,-1.3461499999999995,53.39284682374126
