Unnamed: 0,pixel,closest contour point,closest skeleton point,slope at nc,slope at ns,average slope,average angle
247,[325   5],[353  32],[321  26],-2.5,inf,-7.048847450629975,81.92549249020036
2494,[240 106],[239 106],[258 131],-1.0,-0.7000000000000001,-0.990567771012184,44.72850817963158
332,[115 239],[134 259],[112 236],-1.0,-1.0,-1.0,44.99999999999999
756,[ 52 320],[ 75 340],[ 50 320],-2.4999999999999996,-1.9999999999999996,-2.0307886500629797,63.78346428446098
1070,[124 247],[135 258],[115 234],-1.0,-0.7000000000000002,-0.8512195928133676,40.405079667501425
2258,[128 215],[110 197],[130 221],-0.8,-0.7000000000000001,-0.719900804996708,35.750144023158825
1216,[ 56 444],[ 76 425],[ 52 447],2.4999999999999996,1.7857142857142856,1.8953099804233215,-62.183056217284296
740,[316 731],[294 753],[320 730],2.5,2.5,2.5000000000000004,-68.19859051364821
992,[235 128],[225 118],[245 142],-1.0,-0.7000000000000001,-0.8646546837127226,40.84848620984013
