Unnamed: 0,pixel,closest contour point,closest skeleton point,slope at nc,slope at ns,average slope,average angle
1447,[285  59],[279  55],[308  66],-1.785714285714286,-2.5,-1.9505217757497768,62.85654198068349
589,[ 60 319],[ 77 334],[ 52 315],-2.4999999999999996,-2.5,-2.5,68.19859051364821
1929,[320   4],[294   4],[321  26],inf,inf,100.0,-89.42706130231674
1904,[264 143],[277 157],[255 134],-1.0,-1.0,-1.0,44.99999999999999
918,[268 654],[252 669],[277 650],1.0,1.3461538461538465,1.2388774706540242,-51.090144373312626
766,[ 45 279],[ 38 273],[ 64 290],-1.3461538461538467,-1.3461538461538465,-1.34615,53.39284682374126
