Unnamed: 0,pixel,closest contour point,closest skeleton point,slope at nc,slope at ns,average slope,average angle
253,[ 71 238],[ 67 235],[ 90 257],-1.0,-1.0,-1.0,44.99999999999999
342,[312 708],[289 731],[313 707],2.5,1.785714285714286,1.815472083333333,-61.15310733494178
496,[ 19 439],[ 16 442],[ 46 432],2.5,2.5,2.5,-68.19859051364821
488,[222 596],[241 577],[220 600],0.7000000000000001,0.7000000000000001,0.6999999999999998,-34.992020198558656
340,[330 717],[345 702],[319 722],2.5,2.5,2.5,-68.19859051364821
423,[310  20],[294   9],[321  26],-2.5,inf,-6.374011071672291,81.08371211228773
912,[271 691],[270 692],[297 676],1.5,1.3461538461538465,1.4930776107122703,-56.18750344670637
2118,[ 60 505],[ 53 510],[ 76 489],1.3461538461538467,1.3461538461538465,1.34615,-53.39284682374126
